"Ach! Hans, Run!"		rg
"Brims" Barone, Midway Mobster		wb
"Lifetime" Pass Holder		b
"Name Sticker" Goblin	r	r
"Rumors of My Death . . ."		b
+2 Mace		w
17-Year Cicadas		w
1996 World Champion		wubrg
A Chaotic Night in Vegas		b
A Container of Booster Packs		
A Display of My Dark Power	wubrg	
A Girl and Her Dogs		w
A Golden Opportunity		g
A Good Day to Pie		w
A Good Thing		wb
A Killer Among Us		g
A Little Chat		u
A Premonition of Your Demise		
A Real Handful		b
A Realm Reborn	wubrg	g
A Reckoning Approaches		
A Tale for the Ages		w
A-Acererak the Archlich		b
A-Akki Ronin		r
A-Alrund, God of the Cosmos		u
A-Alrund, God of the Cosmos // A-Hakka, Whispering Raven		u
A-Ancestral Katana		w
A-Ardent Dustspeaker		r
A-Armory Veteran		r
A-Asari Captain		wr
A-Baleful Beholder		b
A-Base Camp	wubrgc	
A-Bathe in Gold		r
A-Bathe in Gold // A-Young Red Dragon		r
A-Binding Geist		u
A-Binding Geist // A-Spectral Binding		u
A-Blessed Hippogriff		w
A-Blessed Hippogriff // A-Tyr's Blessing		w
A-Blood Artist		b
A-Bretagard Stronghold	g	wg
A-Briar Hydra		g
A-Brine Comber		wu
A-Brine Comber // A-Brinebound Gift		wu
A-Brinebound Gift		wu
A-Brinebound Gift // A-Brine Comber		wu
A-Bruenor Battlehammer		wr
A-Buy Your Silence		w
A-Cabaretti Charm		wrg
A-Canopy Tactician	g	g
A-Capenna Express		g
A-Carnelian Orb of Dragonkind	wubrg	r
A-Case the Joint		u
A-Catlike Curiosity		u
A-Catlike Curiosity // A-Mischievous Catgeist		u
A-Cauldron Familiar		b
A-Celebrity Fencer		w
A-Celestial Regulator		wu
A-Circle of the Land Druid		g
A-Circuit Mender		
A-Civil Servant		wg
A-Cloister Gargoyle		w
A-Cobbled Lancer		u
A-Cori-Steel Cutter		r
A-Cosmos Charger		u
A-Cosmos Elixir		
A-Dawnbringer Cleric		w
A-Deal Gone Bad		b
A-Death-Priest of Myrkul		b
A-Demilich		u
A-Demon's Due		b
A-Departed Soulkeeper		wu
A-Departed Soulkeeper // A-Devoted Grafkeeper		wu
A-Devoted Grafkeeper		wu
A-Devoted Grafkeeper // A-Departed Soulkeeper		wu
A-Dissonant Wave		g
A-Dissonant Wave // A-Emerald Dragon		g
A-Dokuchi Silencer		b
A-Dorothea's Retribution		wu
A-Dorothea's Retribution // A-Dorothea, Vengeful Victim		wu
A-Dorothea, Vengeful Victim		wu
A-Dorothea, Vengeful Victim // A-Dorothea's Retribution		wu
A-Dragon's Rage Channeler		r
A-Dragonborn Looter		u
A-Dreamshackle Geist		u
A-Druid Class		g
A-Druidic Ritual		g
A-Dueling Coach		w
A-Dungeon Descent	c	
A-Dwarfhold Champion		w
A-Earthquake Dragon		g
A-Eiganjo Exemplar		w
A-Elderfang Ritualist		b
A-Elderleaf Mentor		g
A-Ellywick Tumblestrum		g
A-Elven Bow		g
A-Emerald Dragon		g
A-Emerald Dragon // A-Dissonant Wave		g
A-Excavation Explosion		r
A-Exhibition Magician		r
A-Eyes of the Beholder		b
A-Falcon Abomination		u
A-Fall of the Impostor		wg
A-Fates' Reversal		b
A-Find the Path	wubrg	g
A-Forge Boss		br
A-Futurist Operative		u
A-Galvanic Discharge		r
A-Geological Appraiser		r
A-Geology Enthusiast		u
A-Glamorous Outlaw	ubr	ubr
A-Glittermonger		g
A-Gnarlid Colony		g
A-Goggles of Night		u
A-Goma Fada Vanguard		r
A-Graveyard Shift		b
A-Guide of Souls		w
A-Guildsworn Prowler		b
A-Gutter Shortcut		u
A-Gutter Shortcut // A-Gutter Skulker		u
A-Gutter Skulker		u
A-Gutter Skulker // A-Gutter Shortcut		u
A-Hagra Constrictor		b
A-Hakka, Whispering Raven		u
A-Hakka, Whispering Raven // A-Alrund, God of the Cosmos		u
A-Hall of Tagsin	wubrgc	
A-Harald Unites the Elves		bg
A-Harald, King of Skemfar		bg
A-Haywire Mite		g
A-Heartfire Hero		r
A-High-Rise Sawjack		g
A-Hobbling Zombie		b
A-Imperial Subduer		w
A-Incriminate		b
A-Iridescent Hornbeetle		g
A-Jackhammer		r
A-Jade Orb of Dragonkind	wubrg	g
A-Kargan Intimidator		r
A-Kargan Warleader		wr
A-Karn, Living Legacy		
A-Kenku Artificer		u
A-Knockout Blow		w
A-Kona, Rescue Beastie		g
A-Krydle of Baldur's Gate		ub
A-Lantern Bearer		u
A-Lantern Bearer // A-Lanterns' Lift		u
A-Lantern of Revealing	wubrg	
A-Lanterns' Lift		u
A-Lanterns' Lift // A-Lantern Bearer		u
A-Lapis Orb of Dragonkind	wubrg	u
A-Leyline of Resonance		r
A-Lier, Disciple of the Drowned		u
A-Llanowar Greenwidow		g
A-Llanowar Loamspeaker	wubrg	g
A-Maelstrom Muse		ur
A-Manticore		b
A-Masked Bandits	brg	brg
A-Master of Winds		u
A-Mentor's Guidance		u
A-Meria's Outrider		r
A-Metropolis Angel		wu
A-Midnight Assassin		b
A-Mightstone's Animation		u
A-Minsc // Boo, Timeless Heroes		rg
A-Mischievous Catgeist		u
A-Mischievous Catgeist // A-Catlike Curiosity		u
A-Mishra, Excavation Prodigy	r	r
A-Moon-Circuit Hacker		u
A-Moss-Pit Skeleton		bg
A-Most Wanted		g
A-Mr. Orfeo, the Boulder		brg
A-Nadu, Winged Wisdom		ug
A-Nael, Avizoa Aeronaut		ug
A-Nahiri, Heir of the Ancients		wr
A-Narfi, Betrayer King		ub
A-Nashi, Moon Sage's Scion		b
A-Navigation Orb		
A-Nezumi Prowler		b
A-Ocelot Pride		w
A-Ochre Jelly		g
A-Ominous Parcel		
A-Oran-Rief Ooze		g
A-Orcish Bowmasters		b
A-Paragon of Modernity		
A-Patrician Geist		u
A-Peerless Samurai		r
A-Phantom Carriage		u
A-Phylath, World Sculptor		rg
A-Plate Armor		w
A-Precipitous Drop		b
A-Prosperous Thief		u
A-Pseudodragon Familiar		u
A-Psionic Snoop		u
A-Public Enemy		u
A-Pyre-Sledge Arsonist		r
A-Queza, Augur of Agonies		wub
A-Radha's Firebrand		r
A-Radha, Coalition Warlord		rg
A-Raiyuu, Storm's Edge		wr
A-Rakish Revelers	wrg	wrg
A-Ready to Rumble		r
A-Return Upon the Tide		b
A-Revel Ruiner		b
A-Riveteers Initiate		brg
A-Rockslide Sorcerer		r
A-Rowan, Scholar of Sparks		ur
A-Rowan, Scholar of Sparks // A-Will, Scholar of Frost		ur
A-Rulik Mons, Warren Chief		rg
A-Saheeli, Filigree Master		ur
A-Sand Augury		u
A-Sand Augury // A-Young Blue Dragon		u
A-Satoru Umezawa		ub
A-Scout the Wilderness		wg
A-Security Rhox		rg
A-Sepulcher Ghoul		b
A-Sewer Crocodile		u
A-Shattered Seraph	wub	wub
A-Shessra, Death's Whisper		bg
A-Shipwreck Sifters		u
A-Sigardian Paladin		wg
A-Sigil of Myrkul		b
A-Silver-Fur Master		ub
A-Sizzling Soloist		r
A-Skemfar Avenger		b
A-Skemfar Elderhall	g	bg
A-Skull Skaab		ub
A-Skyclave Shadowcat		b
A-Social Climber		g
A-Sorcerer Class	ur	ur
A-Sorin, Imperious Bloodlord		b
A-Soul of Windgrace		brg
A-Spara's Adjudicators	wug	wug
A-Speakeasy Server		w
A-Spectral Binding		u
A-Spectral Binding // A-Binding Geist		u
A-Spell Satchel	c	
A-Split the Spoils		g
A-Splitting the Powerstone		u
A-Sprouting Goblin		rg
A-Steadfast Unicorn		w
A-Stimulus Package		rg
A-Stitched Assistant		u
A-Sunbathing Rootwalla		g
A-Symmetry Sage		u
A-Syndicate Infiltrator		ub
A-Tanazir Quandrix		ug
A-Tatyova, Steward of Tides		ug
A-Teferi, Time Raveler		wu
A-Tenured Inkcaster		b
A-The One Ring		
A-Thornmantle Striker		b
A-Thousand-Faced Shadow		u
A-Thran Portal		
A-Thran Spider		
A-Tome Shredder		r
A-Town	wubrgc	
A-Triumphant Adventurer		wb
A-Tyr's Blessing		w
A-Tyr's Blessing // A-Blessed Hippogriff		w
A-Tyvar Kell	b	g
A-Umara Mystic		ur
A-Urza's Command		u
A-Urza, Powerstone Prodigy		u
A-Uurg, Spawn of Turg		bg
A-Vampire Scrivener		b
A-Vega, the Watcher		wu
A-Visions of Phyrexia		r
A-Vivi Ornitier	ur	ur
A-Warm Welcome		g
A-Will, Scholar of Frost		ur
A-Will, Scholar of Frost // A-Rowan, Scholar of Sparks		ur
A-Winota, Joiner of Forces		wr
A-Wizard Class		u
A-You Come to a River		u
A-Young Blue Dragon		u
A-Young Blue Dragon // A-Sand Augury		u
A-Young Red Dragon		r
A-Young Red Dragon // A-Bathe in Gold		r
A-Zar Ojanen, Scion of Efrava		wg
A.I.M. Bot		u
A.I.M. Labs	ub	
A.I.M. Scientists		u
A.I.M. Synthoids		
AWOL		w
Aang and Katara		wug
Aang and La, Ocean's Fury		wu
Aang and La, Ocean's Fury // Aang, Swift Savior		wu
Aang's Defense		w
Aang's Iceberg		w
Aang's Journey		
Aang, A Lot to Learn		wg
Aang, Air Nomad		w
Aang, Airbending Master		w
Aang, Destined Savior		wug
Aang, Destined Savior // Aang, at the Crossroads		wug
Aang, Master of Elements		wubrg
Aang, Master of Elements // Avatar Aang		wubrg
Aang, Swift Savior		wu
Aang, Swift Savior // Aang and La, Ocean's Fury		wu
Aang, at the Crossroads		wug
Aang, at the Crossroads // Aang, Destined Savior		wug
Aang, the Last Airbender		w
Aarakocra Sneak		u
Aardvark Sloth		w
Aardwolf's Advantage		r
Aatchik, Emerald Radian		bg
Abaddon the Despoiler		ubr
Abandon Attachments		ur
Abandon Hope		b
Abandon Reason		r
Abandon the Post		r
Abandoned Air Temple	w	w
Abandoned Campground	wu	
Abandoned Outpost	wubrg	
Abandoned Sarcophagus		
Abattoir Ghoul		b
Abbey Gargoyles		w
Abbey Griffin		w
Abbey Matron		w
Abbot of Keral Keep		r
Abbot of the Sacred Meeple		w
Abby, Merciless Soldier		rg
Abdel Adrian, Gorion's Ward		w
Abduction		u
Aberrant		g
Aberrant Manawurm		g
Aberrant Mind Sorcerer		u
Aberrant Researcher		u
Aberrant Researcher // Perfected Form		u
Aberrant Return		b
Abeyance		w
Abhorrent Oculus		u
Abhorrent Overlord		b
Abian, Luvion Usurper		rg
Abiding Grace		w
Abigale, Eloquent First-Year		wb
Abigale, Poet Laureate		wb
Abigale, Poet Laureate // Heroic Stanza		wb
Abjure		u
Abnormal Endurance		b
Aboleth Spawn		u
Abolish		w
Abolisher of Bloodlines		b
Abolisher of Bloodlines // Voldaren Pariah		b
Abominable Treefolk		ug
Abomination		b
Abomination of Gudul		ubg
Abomination of Llanowar		bg
Abomination, Irradiated Brute		g
Abomination, Terrifying Titan		rg
Abomination, World Ravager		r
Aboroth		g
Aboshan's Desire		u
Aboshan, Cephalid Emperor		u
About Face		r
Abrade		r
Abraded Bluffs	wr	
Abrupt Decay		bg
Absolute Grace		w
Absolute Law		w
Absolute Virtue		wu
Absolver Thrull		w
Absolving Lammasu		w
Absorb		wu
Absorb Energy		u
Absorb Essence		wb
Absorb Essence // Purging Stormbrood		wb
Absorb Identity		u
Absorb Vis		b
Absorbing Man		ug
Absorbing Man and Titania		rg
Abstergo Entertainment	wubrgc	
Abstract Iguanart		r
Abstract Paintmage	ur	ur
Abstract Performance		u
Abstruse Appropriation		wb
Abstruse Archaic		
Abstruse Interference	c	u
Abu Ja'far		w
Abuelo's Awakening		w
Abuelo, Ancestral Echo		wu
Abuna Acolyte		w
Abuna's Chant		w
Abundance		g
Abundant Countryside	wubrgc	
Abundant Growth	wubrg	g
Abundant Harvest		g
Abundant Maw		b
Abyssal Gatekeeper		b
Abyssal Gorestalker		b
Abyssal Harvester		b
Abyssal Horror		b
Abyssal Hunter		b
Abyssal Nightstalker		b
Abyssal Nocturnus		b
Abyssal Persecutor		b
Abyssal Specter		b
Abzan Advantage		w
Abzan Ascendancy		wbg
Abzan Banner	wbg	wbg
Abzan Battle Priest		w
Abzan Beastmaster		g
Abzan Charm		wbg
Abzan Devotee	wbg	b
Abzan Falconer		w
Abzan Guide		wbg
Abzan Kin-Guard		g
Abzan Monument		wbg
Abzan Runemark		w
Abzan Skycaptain		w
Academic Dispute		r
Academic Probation		w
Academy Drake		u
Academy Elite		u
Academy Journeymage		u
Academy Loremaster		u
Academy Manufactor		
Academy Raider		r
Academy Rector		w
Academy Researchers		u
Academy Ruins	c	u
Academy Wall		u
Academy at Tolaria West		
Accelerate		r
Accelerated Evolution		g
Accelerated Mutation		g
Acceptable Losses		r
Access Denied		u
Access Maze		b
Access Maze // Cramped Vents		b
Access Tunnel	c	
Accessories to Murder		
Accident-Prone Apprentice		ur
Accident-Prone Apprentice // Amphibian Accident		ur
Acclaimed Contender		w
Accomplished Alchemist	wubrg	g
Accomplished Automaton		
Accorder Paladin		w
Accorder's Shield		
Accumulate Wisdom		u
Accumulated Knowledge		u
Accursed Centaur		b
Accursed Duneyard	c	
Accursed Horde		b
Accursed Marauder		b
Accursed Spirit		b
Accursed Witch		b
Accursed Witch // Infectious Curse		b
Ace Flockbringer		wu
Ace's Baseball Bat		
Ace, Fearless Rebel		g
Acererak the Archlich		b
Achilles Davenport		ub
Acid Rain		u
Acid Web Spider		g
Acid-Spewer Dragon		b
Acidic Dagger		
Acidic Slime		g
Acidic Sliver		br
Acidic Soil		r
Aclazotz, Deepest Betrayal	b	b
Aclazotz, Deepest Betrayal // Temple of the Dead	b	b
Acolyte Hybrid		r
Acolyte of Aclazotz		b
Acolyte of Affliction		bg
Acolyte of Bahamut		g
Acolyte of Xathrid		b
Acolyte of the Inferno		r
Acolyte's Reward		w
Acorn Catapult		
Acorn Harvest		g
Acornelia, Fashionable Filcher		bg
Acquire		u
Acquired Mutation		r
Acquisition Octopus		u
Acquisitions Expert		b
Acridian		g
Acrobatic Cheerleader		w
Acrobatic Leap		w
Acrobatic Maneuver		w
Across the Multiverse		r
Act of Aggression		r
Act of Authority		w
Act of Heroism		w
Act of Treason		r
Act on Impulse		r
Action News Crew		w
Activated Sleeper		b
Active Volcano		r
Ad Nauseam		b
Adagia, Windswept Bastion	w	w
Adamant Will		w
Adamaro, First to Desire		r
Adanto Vanguard		w
Adanto, the First Fort	w	w
Adanto, the First Fort // Legion's Landing	w	w
Adaptive Armorer		w
Adaptive Automaton		
Adaptive Gemguard		w
Adaptive Omnitool		
Adaptive Shimmerer		
Adaptive Snapjaw		g
Adaptive Sporesinger		g
Adaptive Training Post		u
Adarkar Sentinel		
Adarkar Unicorn	uc	w
Adarkar Valkyrie		w
Adarkar Wastes	wuc	
Adarkar Windform		u
Adder-Staff Boggart		r
Additive Evolution		g
Addle		b
Adelbert Steiner		w
Adeline, Resplendent Cathar		w
Adeliz, the Cinder Wind		ur
Adept Watershaper		w
Adherent of Hope		w
Adherent's Heirloom	wubrg	
Adipose Offspring		w
Admiral Beckett Brass		ubr
Admiral Brass, Unsinkable		ubr
Admiral's Order		u
Admonition Angel		w
Adorable Kitten		w
Adorned Crocodile		b
Adorned Pouncer		w
Adrenaline Jockey		r
Adrestia		
Adriana's Valor		w
Adriana, Captain of the Guard		wr
Adric, Mathematical Genius		u
Adrix and Nev, Twincasters		ug
Adult Gold Dragon		wr
Adun Oakenshield		brg
Advance Scout		w
Advanced Floral Invocations		bg
Advanced Hoverguard		u
Advanced Reconstruction		r
Advanced Stitchwing		u
Advanced Tactics		r
Advancing the Spirit		g
Advantageous Proclamation		
Advent of the Wurm		wg
Adventure Awaits		g
Adventurer Beguiler		u
Adventurer's Airship		
Adventurer's Inn	c	
Adventurers' Guildhouse		
Adventuring Gear		
Adventurous Eater		b
Adventurous Eater // Have a Bite		b
Adventurous Impulse		g
Adverse Conditions	c	u
Advice from the Fae		u
Advocate of the Beast		g
Adéwalé, Breaker of Chains		ub
Aegar, the Freezing Flame		ur
Aegis Angel		w
Aegis Automaton		w
Aegis Sculptor		u
Aegis Turtle		u
Aegis of Honor		w
Aegis of the Gods		w
Aegis of the Heavens		w
Aegis of the Legion		wr
Aegis of the Meek		
Aeolipile		
Aeon Chronicler		u
Aeon Engine		
Aerathi Berserker		r
Aerial Assault		w
Aerial Boost		w
Aerial Caravan		u
Aerial Doombot		u
Aerial Engineer		wu
Aerial Extortionist		w
Aerial Formation		u
Aerial Guide		u
Aerial Maneuver		w
Aerial Modification		w
Aerial Predation		g
Aerial Responder		w
Aerial Surveyor		w
Aerial Toastmaster		w
Aerial Volley		g
Aerialephant		w
Aerie Auxiliary		w
Aerie Bowmasters		g
Aerie Mystics		wug
Aerie Ouphes		g
Aerie Worshippers		u
Aerith Gainsborough		w
Aerith Rescue Mission		w
Aerith, Last Ancient		wg
Aeromoeba		u
Aeromunculus		ug
Aeronaut Admiral		w
Aeronaut Cavalry		w
Aeronaut Tinkerer		u
Aeronaut's Wings		
Aesi, Tyrant of Gyre Strait		ug
Aesthetic Consultation		b
Aesthir Glider		
Aether Adept		u
Aether Barrier		u
Aether Burst		u
Aether Channeler		u
Aether Charge		r
Aether Chaser		r
Aether Figment		u
Aether Flash		r
Aether Gale		u
Aether Gust		u
Aether Helix		ug
Aether Herder		g
Aether Hub	wubrgc	
Aether Inspector		w
Aether Meltdown		u
Aether Membrane		r
Aether Mutation		ug
Aether Poisoner		b
Aether Refinery		r
Aether Revolt		r
Aether Rift		rg
Aether Searcher		
Aether Shockwave		w
Aether Snap		b
Aether Spellbomb		u
Aether Spike		u
Aether Sting		r
Aether Storm		u
Aether Swooper		u
Aether Syphon		u
Aether Theorist		u
Aether Tide		u
Aether Tradewinds		u
Aether Tunnel		u
Aether Vial		
Aether Web		g
Aetherblade Agent		ub
Aetherblade Agent // Gitaxian Mindstinger		ub
Aetherborn Marauder		b
Aetherflame Wall		r
Aetherflux Car		
Aetherflux Conduit		
Aetherflux Reservoir		
Aethergeode Miner		w
Aetheric Amplifier	wubrg	
Aetherize		u
Aetherjacket		
Aetherling		u
Aethermage's Touch		wu
Aetherplasm		u
Aethershield Artificer		w
Aethersnatch		u
Aethersnipe		u
Aethersphere Harvester		
Aetherspouts		u
Aethersquall Ancient		u
Aetherstorm Roc		w
Aetherstream Leopard		g
Aethertide Whale		u
Aethertorch Renegade		r
Aethertow		wu
Aetherwind Basker		g
Aetherwing, Golden-Scale Flagship		ur
Aetherwing, Golden-Scale Flagship // Invasion of Kaladesh		ur
Aetherworks Marvel		
Aettir and Priwen		
Aeve, Progenitor Ooze		g
Affa Guard Hound		w
Affa Protector		w
Affectionate Indrik		g
Afflict		b
Afflicted Deserter		r
Afflicted Deserter // Werewolf Ransacker		r
Afiya Grove		g
Afterburner Expert		g
Afterlife		w
Afterlife Insurance		wb
Afterlife from the Loam		b
Aftermath Analyst		g
Aftershock		r
Agadeem Occultist		b
Agadeem's Awakening	b	b
Agadeem's Awakening // Agadeem, the Undercrypt	b	b
Agadeem, the Undercrypt	b	b
Agadeem, the Undercrypt // Agadeem's Awakening	b	b
Against All Odds		w
Agate Assault		r
Agate Instigator		r
Agate-Blade Assassin		b
Agatha of the Vile Cauldron		rg
Agatha's Champion		g
Agatha's Soul Cauldron		
Age of Ultron		b
Age-Graced Chapel	wb	wb
Age-Graced Chapel // Glasswing Grace	wb	wb
Ageless Entity		g
Ageless Guardian		w
Ageless Sentinels		w
Agency Coroner		b
Agency Outfitter		u
Agent 13, Sharon Carter		w
Agent Bishop, Man in Black		w
Agent Frank Horrigan		bg
Agent Maria Hill		w
Agent Phil Coulson		w
Agent Venom		b
Agent of Acquisitions		
Agent of Atlas		w
Agent of Erebos		b
Agent of Horizons		ug
Agent of Kotis		u
Agent of Masks		wb
Agent of Raffine		u
Agent of Shauku		b
Agent of Stromgald	b	r
Agent of Treachery		u
Agent of the Fates		b
Agent of the Iron Throne		b
Agent of the Shadow Thieves		b
Agent's Toolkit		ug
Agents of HYDRA		b
Agents of S.H.I.E.L.D.		w
Aggravate		r
Aggravated Assault		r
Aggression		r
Aggressive Biomancy		ug
Aggressive Crag	wr	
Aggressive Detective		r
Aggressive Instinct		g
Aggressive Mammoth		g
Aggressive Mining		r
Aggressive Negotiations		b
Aggressive Sabotage		br
Aggressive Urge		g
Agility		r
Agility Bobblehead	wubrg	
Agitator Ant		r
Agna Qel'a	u	u
Ago		u
Ago // Chic		u
Agonasaur Rex		g
Agonizing Demise		br
Agonizing Memories		b
Agonizing Remorse		b
Agonizing Syphon		b
Agony Warp		ub
Agoraphobia		u
Agoraphobic Phyrexian		w
Agrus Kos, Eternal Soldier		wr
Agrus Kos, Spirit of Justice		wr
Agrus Kos, Wojek Veteran		wr
Agyrem		
Ahn-Crop Champion		wg
Ahn-Crop Crasher		r
Ahn-Crop Invader		r
Ahriman		b
Aid from the Cowl		g
Aid the Fallen		b
Aim High		g
Aim for the Head		b
Ainok Artillerist		g
Ainok Bond-Kin		w
Ainok Guide		g
Ainok Strike Leader		w
Ainok Survivalist		g
Ainok Tracker		r
Ainok Wayfarer		g
Air Bladder		u
Air Elemental		u
Air Marshal		u
Air Nomad Legacy		wu
Air Nomad Student		w
Air Response Unit		w
Air Servant		u
Air-Cult Elemental		u
Airbender Ascension		w
Airbender's Reversal		w
Airbending Lesson		w
Airborne Aid		u
Airdrop Aeronauts		w
Airdrop Condor		r
Airlift Chaplain		w
Airship Crash		g
Airship Engine Room	ur	
Airtight Alibi		g
Aisha of Sparks and Smoke		wr
Aisling Leprechaun		g
Ajani Fells the Godsire		w
Ajani Goldmane		w
Ajani Resolute		w
Ajani Steadfast		w
Ajani Unrelenting		r
Ajani Unyielding		wg
Ajani Vengeant		wr
Ajani's Aid		wg
Ajani's Chosen		w
Ajani's Comrade		g
Ajani's Influence		w
Ajani's Last Stand		w
Ajani's Mantra		w
Ajani's Presence		w
Ajani's Pridemate		w
Ajani's Response		w
Ajani's Sunstriker		w
Ajani's Welcome		w
Ajani, Adversary of Tyrants		w
Ajani, Caller of the Pride		w
Ajani, Inspiring Leader		w
Ajani, Mentor of Heroes		wg
Ajani, Nacatl Avenger		w
Ajani, Nacatl Avenger // Ajani, Nacatl Pariah		w
Ajani, Nacatl Pariah		w
Ajani, Nacatl Pariah // Ajani, Nacatl Avenger		w
Ajani, Outland Chaperone		w
Ajani, Sleeper Agent		wg
Ajani, Strength of the Pride		w
Ajani, Valiant Protector		wg
Ajani, Wise Counselor		w
Ajani, the Greathearted		wg
Akal Pakal, First Among Equals		u
Akawalli, the Seething Tower		bg
Akim, the Soaring Wind		wur
Akiri, Fearless Voyager		wr
Akiri, Line-Slinger		wr
Akki Avalanchers		r
Akki Battle Squad		r
Akki Blizzard-Herder		r
Akki Coalflinger		r
Akki Drillmaster		r
Akki Ember-Keeper		r
Akki Lavarunner		r
Akki Lavarunner // Tok-Tok, Volcano Born		r
Akki Raider		r
Akki Rockspeaker	r	r
Akki Ronin		r
Akki Scrapchomper		r
Akki Underling		r
Akki Underminer		r
Akki War Paint		r
Akoum		
Akoum Battlesinger		r
Akoum Boulderfoot		r
Akoum Firebird		r
Akoum Flameseeker		r
Akoum Hellhound		r
Akoum Hellkite		r
Akoum Refuge	br	
Akoum Stonewaker		r
Akoum Teeth	r	r
Akoum Teeth // Akoum Warrior	r	r
Akoum Warrior	r	r
Akoum Warrior // Akoum Teeth	r	r
Akrasan Squire		w
Akroan Conscriptor		r
Akroan Crusader		r
Akroan Hoplite		wr
Akroan Horse		
Akroan Jailer		w
Akroan Line Breaker		r
Akroan Mastiff		w
Akroan Phalanx		wr
Akroan Sergeant		r
Akroan Skyguard		w
Akroma's Blessing		w
Akroma's Devoted		w
Akroma's Memorial		
Akroma's Vengeance		w
Akroma's Will		w
Akroma, Angel of Fury		r
Akroma, Angel of Wrath		w
Akroma, Angel of Wrath Avatar		
Akroma, Vision of Ixidor		w
Akron Legionnaire		w
Aku Djinn		b
Akul the Unrepentant		br
Akuta, Born of Ash		b
Al Bhed Salvagers		b
Al-abara's Carpet		
Alabaster Dragon		w
Alabaster Host Intercessor		w
Alabaster Host Sanctifier		w
Alabaster Kirin		w
Alabaster Leech		w
Alabaster Mage		w
Alabaster Potion		w
Alabaster Wall		w
Alaborn Cavalier		w
Alaborn Grenadier		w
Alaborn Musketeer		w
Alaborn Trooper		w
Alaborn Veteran		w
Alaborn Zealot		w
Alacrian Armory		w
Alacrian Jaguar		g
Aladdin		r
Aladdin's Lamp		
Aladdin's Ring		
Alandra, Sky Dreamer		u
Alania's Pathmaker		r
Alania, Divergent Storm		ur
Alarum		w
Alaundo the Seer		ug
Alberix, the Trade Planet		u
Albino Troll		g
Albiorix, Goose Tyrant		ug
Albiorix, Goose Tyrant // Wild Goose Chase		ug
Alchemax Slayer-Bots		u
Alchemist's Apprentice		u
Alchemist's Assistant		b
Alchemist's Gambit		ur
Alchemist's Gift		b
Alchemist's Greeting		r
Alchemist's Refuge	c	ug
Alchemist's Retrieval		u
Alchemist's Talent	wubrg	r
Alchemist's Vial		
Alchor's Tomb		
Aleatory		r
Alela, Artful Provocateur		wub
Alela, Cunning Conqueror		ub
Alena, Kessig Trapper	r	r
Alert Heedbonder		wg
Alert Shu Infantry		w
Alesha's Legacy		b
Alesha's Vanguard		b
Alesha, Who Laughs at Fate		br
Alesha, Who Smiles at Death		wbr
Alex Wilder, Runaway		r
Alexander Clamilton		ur
Alexi's Cloak		u
Alexi, Zephyr Mage		u
Alexios, Deimos of Kosmos		r
Algae Gharial		g
Algorithmic Ferocity		g
Alhammarret's Archive		
Alhammarret, High Arbiter		u
Alharu, Solemn Ritualist		w
Ali Baba		r
Ali from Cairo		r
Aliban's Tower		r
Alibou, Ancient Witness		wr
Alicia Masters, Skilled Sculptor		r
Alien Invasion		rg
Alien Symbiosis		b
Aligned Heart		w
Aligned Hedron Network		
Alirios, Enraptured		u
Alisaie Leveilleur		w
Alistair, the Brigadier		wug
Alive		wg
Alive // Well		wg
All Aboard		u
All Aboard // Skycoach Conductor		u
All Hallow's Eve		b
All Is Dust		
All Shall Smolder in My Wake		
All Suns' Dawn		g
All That Glitters		w
All Will Be One		r
All in Good Time		
All of History, All at Once		u
All-Fates Scroll	wubrg	
All-Fates Stalker		w
All-Out Assault		wbr
All-Seeing Arbiter		u
All-Star Kicker		r
All-You-Can-Eat Buffet		g
Allay		w
Alley Assailant		b
Alley Evasion		w
Alley Grifters		b
Alley Strangler		b
Alliance of Arms		w
Allied Assault		w
Allied Reinforcements		w
Allied Strategies		u
Allied Teamwork		w
Allies at Last		g
Allosaurus Rider		g
Allosaurus Shepherd		g
Alloy Animist		g
Alloy Golem		
Alloy Myr	wubrg	
Allure of Power		b
Allure of Power // My Precious		b
Allure of the Unknown		br
Alluring Scent		g
Alluring Siren		u
Alluring Suitor	r	r
Alluring Suitor // Deadly Dancer	r	r
Ally Encampment	wubrgc	
Almighty Brushwagg		g
Almost Perfect		wg
Alms		w
Alms Beast		wb
Alms Collector		w
Alms of the Vein		b
Aloe Alchemist		g
Alora, Cheerful Assassin		ub
Alora, Cheerful Mastermind		wu
Alora, Cheerful Scout		ug
Alora, Cheerful Swashbuckler		ur
Alora, Cheerful Thief		u
Alora, Merry Thief		u
Alora, Rogue Companion		u
Aloy, Savior of Meridian		ug
Alpha Authority		g
Alpha Brawl		r
Alpha Deathclaw		bg
Alpha Guard		g
Alpha Kavu		g
Alpha Myr		
Alpha Status		g
Alpha Tyrranax		g
Alpharael, Dreaming Acolyte		ub
Alpharael, Stonechosen		b
Alphinaud Leveilleur		u
Alpine Grizzly		g
Alpine Guide		r
Alpine Houndmaster		wr
Alpine Meadow	wr	
Alpine Moon	wubrg	r
Alpine Watchdog		w
Alquist Proft, Master Sleuth		wu
Alrund's Epiphany		u
Alrund, God of the Cosmos		u
Alrund, God of the Cosmos // Hakka, Whispering Raven		u
Alseid of Life's Bounty		w
Altac Bloodseeker		r
Altanak, the Thrice-Called		g
Altar Golem		
Altar of Bhaal		b
Altar of Bhaal // Bone Offering		b
Altar of Bone		wg
Altar of Dementia		
Altar of Mogis		
Altar of Shadows	b	
Altar of the Brood		
Altar of the Goyf		
Altar of the Lost	wubrg	
Altar of the Pantheon	wubrg	
Altar of the Wretched		b
Altar of the Wretched // Wretched Bonemass		b
Altar's Light		w
Altar's Reap		b
Altaïr Ibn-La'Ahad		wbr
Alter Fate		b
Alter Fate // Order of Midnight		b
Alter Reality		u
Altered Ego		ug
Aluren		g
Always Watching		w
Amalia Benavides Aguirre		wb
Amarant Coral		rg
Amaranthine Wall		
Amareth, the Lustrous		wug
Amass the Components		u
Amateur Auteur		w
Amateur Hero		w
Amazing Acrobatics		u
Amazing Alliance		w
Amazing Spider-Girl		w
Amazing Spider-Man		wug
Amazing Spider-Man // Peter Parker		wug
Ambassador Blorpityblorpboop		ug
Ambassador Laquatus		u
Ambassador Oak		g
Ambassador of Evendo		ug
Amber Gristle O'Maul		r
Amber Prison		
Amber-Plate Ainok		g
Ambergris, Agent of Balance		rg
Ambergris, Agent of Destruction		r
Ambergris, Agent of Law		wr
Ambergris, Agent of Progress		ur
Ambergris, Agent of Tyranny		br
Ambergris, Citadel Agent		r
Ambiguity		u
Ambition's Cost		b
Ambitious Aetherborn		b
Ambitious Assault		r
Ambitious Augmenter		g
Ambitious Dragonborn		g
Ambitious Farmhand		w
Ambitious Farmhand // Seasoned Cathar		w
Ambling Stormshell		u
Ambrosia Whiteheart		w
Ambulatory Edifice		b
Ambuscade		g
Ambuscade Shaman		b
Ambush		r
Ambush Commander		g
Ambush Gigapede		b
Ambush Krotiq		g
Ambush Paratrooper		w
Ambush Party		r
Ambush Viper		g
Ambush Wolf		g
Amethyst Dragon		r
Amethyst Dragon // Explosive Crystal		r
Aminatou's Augury		u
Aminatou, Veil Piercer		wub
Aminatou, the Fateshifter		wub
Ammit Eternal		b
Amnesia		u
Amoeboid Changeling		u
Amok		r
Amok Time		g
Amonkhet Raceway	c	
Amorphous Axe		
Amped Raptor		r
Amped Up		r
Amphibian Accident		ur
Amphibian Accident // Accident-Prone Apprentice		ur
Amphibian Downpour		u
Amphibious Kavu		g
Amphin Cutthroat		u
Amphin Mutineer		u
Amphin Pathmage		u
Amplifire		r
Ampryn Tactician		w
Amrou Kithkin		w
Amrou Scout		w
Amrou Seekers		w
Amugaba		u
Amulet of Kroog		
Amulet of Quoz		
Amulet of Safekeeping		
Amulet of Unmaking		
Amulet of Vigor		
Amy Pond		r
Amy Rose		wr
Amy's Home		
Amzu, Swarm's Hunger		bg
An Incident Has Occurred		g
An Offer You Can't Refuse		u
An Unearthly Child		u
An Unexpected Party		w
An Unexpected Party // At the Door		w
An-Havva Constable		g
An-Havva Inn		g
An-Havva Township	wrgc	
An-Zerrin Ruins		r
Ana Battlemage		ubg
Ana Disciple		ubg
Ana Sanctuary		g
Anaba Ancestor		r
Anaba Bodyguard		r
Anaba Shaman		r
Anaba Spirit Crafter		r
Anaconda		g
Anafenza, Kin-Tree Spirit		w
Anafenza, Unyielding Lineage		w
Anafenza, the Foremost		wbg
Analyze the Pollen		g
Anara, Wolvid Familiar		g
Anarchist		r
Anarchy		r
Anathemancer		br
Anavolver		ubg
Anax and Cymede		wr
Anax and Cymede // Kynaios and Tiro		wurg
Anax, Hardened in the Forge		r
Ancestor Dragon		w
Ancestor's Chosen		w
Ancestor's Embrace		w
Ancestor's Embrace // Kindly Ancestor		w
Ancestor's Prophet		w
Ancestors' Aid		r
Ancestral Anger		r
Ancestral Blade		w
Ancestral Communion		g
Ancestral Craving		b
Ancestral Craving // Bloodline Recollector		b
Ancestral Hot Dog Minotaur		
Ancestral Katana		w
Ancestral Knowledge		u
Ancestral Mask		g
Ancestral Memories		u
Ancestral Recall		u
Ancestral Recall // Emeritus of Ideation		u
Ancestral Reminiscence		u
Ancestral Statue		
Ancestral Tribute		w
Ancestral Vengeance		b
Ancestral Vision		u
Anchor to Reality		u
Anchor to the Aether		u
Anchovy // Banana Pizza		b
Ancient Adamantoise		g
Ancient Amphitheater	wr	
Ancient Animus		g
Ancient Brass Dragon		b
Ancient Brontodon		g
Ancient Bronze Dragon		g
Ancient Carp		u
Ancient Cellarspawn		b
Ancient Copper Dragon		r
Ancient Cornucopia	wubrg	g
Ancient Crab		u
Ancient Craving		b
Ancient Den	w	
Ancient Excavation		ub
Ancient Gold Dragon		w
Ancient Greenwarden		g
Ancient Grudge		rg
Ancient Hellkite		r
Ancient Hydra		r
Ancient Imperiosaur		g
Ancient Kavu		r
Ancient Lumberknot		bg
Ancient Ooze		g
Ancient Runes		r
Ancient Silver Dragon		u
Ancient Silverback		g
Ancient Spider		wg
Ancient Spring	wub	
Ancient Stirrings		g
Ancient Stone Idol		
Ancient Tomb	c	
Ancient Vendetta		b
Ancient Ziggurat	wubrg	
Ancient of the Equinox		bg
Ancient of the Equinox // Autumnal Gloom		bg
And They Shall Know No Fear		w
Andradite Leech		b
Andrios, Roaming Explorer	wubrg	g
Andúril, Flame of the West		
Andúril, Narsil Reforged		
Anep, Vizier of Hazoret		r
Angel of Condemnation		w
Angel of Deliverance		w
Angel of Despair		wb
Angel of Destiny		w
Angel of Eternal Dawn		w
Angel of Finality		w
Angel of Flight Alabaster		w
Angel of Fury		w
Angel of Glory's Rise		w
Angel of Grace		w
Angel of Indemnity		w
Angel of Invention		w
Angel of Jubilation		w
Angel of Light		w
Angel of Mercy		w
Angel of Renewal		w
Angel of Retribution		w
Angel of Salvation		w
Angel of Sanctions		w
Angel of Serenity		w
Angel of Suffering		b
Angel of Unity		w
Angel of Vitality		w
Angel of the Dawn		w
Angel of the Dire Hour		w
Angel of the God-Pharaoh		w
Angel of the Ruins		w
Angel's Feather		
Angel's Grace		w
Angel's Herald		w
Angel's Mercy		w
Angel's Tomb		
Angel's Trumpet		
Angelfire Crusader		wr
Angelfire Ignition		wr
Angelheart Protector		w
Angelheart Vial		
Angelic Aberration		w
Angelic Accord		w
Angelic Arbiter		w
Angelic Armaments		
Angelic Ascension		w
Angelic Benediction		w
Angelic Blessing		w
Angelic Captain		wr
Angelic Chorus		w
Angelic Cub		w
Angelic Curator		w
Angelic Destiny		w
Angelic Edict		w
Angelic Enforcer		w
Angelic Enforcer // Enduring Angel		w
Angelic Exaltation		w
Angelic Favor		w
Angelic Field Marshal		w
Angelic Gift		w
Angelic Guardian		w
Angelic Harold		wu
Angelic Intervention		w
Angelic Observer		w
Angelic Overseer		w
Angelic Page		w
Angelic Protector		w
Angelic Purge		w
Angelic Quartermaster		w
Angelic Renewal		w
Angelic Reward		w
Angelic Rocket		
Angelic Sell-Sword		w
Angelic Shield		wu
Angelic Skirmisher		w
Angelic Sleuth		w
Angelic Voices		w
Angelic Wall		w
Angelsong		w
Anger		r
Anger of the Gods		r
Angler Drake		u
Angler Turtle		u
Angrath's Ambusher		b
Angrath's Fury		br
Angrath's Marauders		r
Angrath's Rampage		br
Angrath, Captain of Chaos		br
Angrath, Minotaur Pirate		br
Angrath, the Flame-Chained		br
Angry Mob		w
Angry Rabble		r
Anguished Recollection		r
Anguished Unmaking		wb
Angus Mackenzie		wug
Anhelo, the Painter		ubr
Anikthea, Hand of Erebos		wbg
Anim Pakal, Thousandth Moon		wr
Animal Attendant	wubrg	g
Animal Boneyard		w
Animal Friend		g
Animal Magnetism		g
Animal Sanctuary	c	
Animar, Soul of Elements		urg
Animate Artifact		u
Animate Dead		b
Animate Graveyard		b
Animate Land		g
Animate Library		u
Animate Object		u
Animate Spell		u
Animate Wall		w
Animating Faerie		u
Animating Faerie // Bring to Life		u
Animation Module		
Animist's Awakening		g
Animist's Might		g
Animus of Night's Reach		b
Animus of Night's Reach // The Long Reach of Night		b
Animus of Predation		g
Anina, Natural Parallelist	ug	ug
Anje Falkenrath		br
Anje's Ravager		r
Anje, Maid of Dishonor		br
Ankh of Mishra		
Ankle Biter		g
Ankle Shanker		wbr
Annex		u
Annex Sentry		w
Annie Flash, the Veteran		wrg
Annie Joins Up		wrg
Annihilate		b
Annihilating Fire		r
Annihilating Glare		b
Annoyed Altisaur		g
Annul		u
Ano'thr, Equipment Commander		wr
Anodet Lurker		
Anoint		w
Anoint with Affliction		b
Anointed Chorister		w
Anointed Deacon		b
Anointed Peacekeeper		w
Anointed Procession		w
Anointer Priest		w
Anointer of Champions		w
Anointer of Valor		w
Another Chance		b
Another Night in Vegas		b
Another Round		w
Anowon, the Ruin Sage		b
Anowon, the Ruin Thief		ub
Anrakyr the Traveller		b
Answered Prayers		w
Ant Queen		g
Ant-Man's Air Force		u
Ant-Man's Army		g
Ant-Man, Colony Commander		ug
Ant-Man, Elusive Avenger		ur
Ant-Man, Reformed Rogue		ug
Ant-Man, Scott Lang		w
Antagonism		r
Antagonize		r
Antarctic Research Base		
Anthem of Champions		wg
Anthem of Rakdos		br
Anthousa, Setessan Hero		g
Anthropede		g
Anthroplasm		u
Anti-Magic Aura		u
Anti-Venom, Horrifying Healer		w
Anticausal Vestige		
Anticipate		u
Anticognition		u
Antique Collector		g
Antiquities on the Loose		w
Antler Skulkin		
Anurid Barkripper		g
Anurid Brushhopper		wg
Anurid Murkdiver		b
Anurid Scavenger		g
Anurid Swarmsnapper		g
Anvil of Bogardan		
Anvilwrought Raptor		
Anya, Merciless Angel		wr
Anzrag's Rampage		r
Anzrag, the Quake-Mole		rg
Ao, the Dawn Sky		w
Apathy		u
Apes of Rath		g
Apex Altisaur		g
Apex Devastator		g
Apex Hawks		w
Apex Observatory	wubrg	
Apex Observatory // Eye of Ojer Taq	wubrg	
Apex of Power	wubrg	r
Aphelia, Viper Whisperer		bg
Aphemia, the Cacophony		b
Aphetto Alchemist		u
Aphetto Dredging		b
Aphetto Exterminator		b
Aphetto Grifter		u
Aphetto Runecaster		u
Aphetto Vulture		b
Aphotic Wisps		b
Aplan Mortarium		
Apocalypse		r
Apocalypse Chime		
Apocalypse Demon		b
Apocalypse Hydra		rg
Apocalypse Runner		br
Apostle of Invasion		w
Apostle of Purifying Light		w
Apostle's Blessing		w
Apothecary Geist		w
Apothecary Initiate		w
Apothecary Stomper		g
Apothecary White		w
Appa, Aang's Companion		w
Appa, Loyal Sky Bison		w
Appa, Steadfast Guardian		w
Appa, the Vigilant		w
Appeal		wg
Appeal // Authority		wg
Appeal to Eirdu		w
Appendage Amalgam		b
Appetite for Brains		b
Appetite for the Unnatural		g
Apple of Eden, Isu Relic		
Applejack		wg
Applied Aeronautics		
Applied Biomancy		ug
Applied Geometry		ug
Apprentice Necromancer		b
Apprentice Sharpshooter		g
Apprentice Sorcerer		u
Apprentice Wizard	c	u
Approach My Molten Realm		
Approach of the Second Sun		w
April O'Neil, Hacktivist		u
April O'Neil, Human Element		u
April O'Neil, Kunoichi Trainee		w
April O'Neil, Live on the Scene		u
April, Reporter of the Weird		u
Aquamoeba		u
Aquamorph Entity		u
Aquastrand Spider		g
Aquatic Alchemist		u
Aquatic Alchemist // Bubble Up		u
Aquatic Incursion		u
Aquatic Ingress		u
Aquatic Ingress // Sea Hag		u
Aquatic Subtlety		u
Aqueous Aria		u
Aqueous Aria // Campus Composer		u
Aqueous Form		u
Aquitect's Defenses		u
Aquitect's Will		u
Aquus Steed		u
Araba Mothrider		w
Arabella, Abandoned Doll		wr
Arachne, Psionic Weaver		w
Arachnoform		g
Arachnogenesis		g
Arachnoid		
Arachnoid Adaptation		g
Arachnus Spinner		g
Arachnus Web		g
Aradara Express		
Aradesh, the Founder		w
Aragorn and Arwen, Wed		wg
Aragorn, Company Leader		wg
Aragorn, Hornburg Hero		wrg
Aragorn, King of Gondor		wur
Aragorn, the Uniter		wurg
Arahbo, Roar of the World		wg
Arahbo, the First Fang		w
Arashi, the Sky Asunder		g
Arashin Cleric		w
Arashin Foremost		w
Arashin Sovereign		wg
Arashin Sunshield		w
Arashin War Beast		g
Arasta of the Endless Web		g
Araumi of the Dead Tide		ub
Araña, Heart of the Spider		wr
Arbaaz Mir		wr
Arbalest Elite		w
Arbalest Engineers		rg
Arbiter of Knollridge		w
Arbiter of Woe		b
Arbiter of the Ideal		u
Arbor Adherent	wubrg	g
Arbor Armament		g
Arbor Colossus		g
Arbor Elf		g
Arborback Stomper		g
Arborea Pegasus		w
Arboreal Alliance		g
Arboreal Grazer		g
Arboretum Elemental		g
Arboria		g
Arc Blade		r
Arc Lightning		r
Arc Mage		r
Arc Reactor	c	
Arc Runner		r
Arc Spitter		
Arc Trail		r
Arc-Slogger		r
Arcade Cabinet		
Arcade Gannon		wu
Arcades Sabboth		wug
Arcades, the Strategist		wug
Arcane Adaptation		u
Arcane Archery		g
Arcane Artisan		u
Arcane Bombardment		r
Arcane Denial		u
Arcane Encyclopedia		
Arcane Endeavor		u
Arcane Epiphany		u
Arcane Flight		u
Arcane Heist		u
Arcane Infusion		ur
Arcane Investigator		u
Arcane Laboratory		u
Arcane Lighthouse	c	
Arcane Melee		u
Arcane Omens		b
Arcane Proxy		u
Arcane Sanctum	wub	
Arcane Savant		u
Arcane Signet	wubrg	
Arcane Spyglass		
Arcane Subtraction		u
Arcane Teachings		r
Arcanis the Omnipotent		u
Arcanis, the Omnipotent Avatar		
Arcanist's Owl		wu
Arcanum Things		w
Arcanum Wings		u
Arcbond		r
Arcbound Bruiser		
Arcbound Condor		b
Arcbound Crusher		
Arcbound Fiend		
Arcbound Hybrid		
Arcbound Javelineer		w
Arcbound Lancer		
Arcbound Mamba		g
Arcbound Mouser		w
Arcbound Overseer		
Arcbound Overseer Avatar		
Arcbound Prototype		w
Arcbound Ravager		
Arcbound Reclaimer		
Arcbound Shikari		wr
Arcbound Slasher		r
Arcbound Slith		
Arcbound Stinger		
Arcbound Tracker		r
Arcbound Wanderer		
Arcbound Whelp		r
Arcbound Worker		
Arcee, Acrobatic Coupe		wr
Arcee, Acrobatic Coupe // Arcee, Sharpshooter		wr
Arcee, Sharpshooter		wr
Arcee, Sharpshooter // Arcee, Acrobatic Coupe		wr
Arch of Orazca	c	
Archaeological Dig	wubrgc	
Archaeomancer		u
Archaeomancer's Map		w
Archaeomancer's Spade	wr	wr
Archaeomender		u
Archaic's Agony		r
Archangel		w
Archangel Avacyn		w
Archangel Avacyn // Avacyn, the Purifier		w
Archangel Elspeth		w
Archangel of Strife		w
Archangel of Thune		w
Archangel of Tithes		w
Archangel of Wrath		wbr
Archangel's Light		w
Archdemon of Greed		b
Archdemon of Greed // Ravenous Demon		b
Archdemon of Paliano		b
Archdemon of Unx		b
Archdruid's Charm		g
Archelos, Lagoon Mystic		ubg
Archenemy's Charm		b
Archers of Qarsi		g
Archers' Parapet		bg
Archery Training		w
Archetype of Aggression		r
Archetype of Courage		w
Archetype of Endurance		g
Archetype of Finality		b
Archetype of Imagination		u
Archfiend of Depravity		b
Archfiend of Despair		b
Archfiend of Ifnir		b
Archfiend of Sorrows		b
Archfiend of Spite		b
Archfiend of the Dross		b
Archfiend's Vessel		b
Archghoul of Thraben		b
Archipelagore		u
Architect of Restoration		w
Architect of Restoration // The Restoration of Eiganjo		w
Architect of the Untamed		g
Architects of Will		ub
Archival Whorl		u
Archive Dragon		u
Archive Haunt		u
Archive Haunt // Overwhelmed Archivist		u
Archive Trap		u
Archivist		u
Archivist of Gondor		u
Archivist of Oghma		w
Archmage Ascension		u
Archmage Emeritus		u
Archmage of Echoes		u
Archmage of Runes		u
Archmage's Charm		u
Archmage's Newt		u
Archnemesis		ub
Archon of Absolution		w
Archon of Coronation		w
Archon of Cruelty		b
Archon of Emeria		w
Archon of Falling Stars		w
Archon of Justice		w
Archon of Redemption		w
Archon of Sun's Grace		w
Archon of Valor's Reach		wg
Archon of the Triumvirate		wu
Archon of the Wild Rose		w
Archon's Glory		w
Archpriest of Iona		w
Archpriest of Shadows		b
Archway Angel		w
Archway Commons	wubrg	
Archway of Innovation	u	u
Archweaver		g
Archwing Dragon		r
Arclight Phoenix		r
Arco-Flagellant		b
Arctic Aven		wu
Arctic Flats	wg	
Arctic Foxes		w
Arctic Merfolk		u
Arctic Nishoba		wg
Arctic Treeline	wg	
Arctic Wolves		g
Arcum Dagsson		u
Arcum's Astrolabe	wubrg	
Arcum's Sleigh		
Arcum's Weathervane		
Arcum's Whistle		
Arcus Acolyte		wg
Ardbert, Warrior of Darkness		wb
Arden Angel		w
Ardenn, Intrepid Archaeologist		w
Ardent Dustspeaker		r
Ardent Electromancer	r	r
Ardent Elementalist		r
Ardent Militia		w
Ardent Plea		wu
Ardent Recruit		w
Ardent Soldier		w
Ardenvale Fealty		w
Ardenvale Fealty // Virtue of Loyalty		w
Ardenvale Paladin		w
Ardenvale Tactician		w
Ardenvale Tactician // Dizzying Swoop		w
Ardoz, Cobbler of War		r
Ardyn, the Usurper		b
Arek, False Goldwarden		wb
Arena		
Arena Athlete		r
Arena Rector		w
Arena Trickster		r
Arena of Glory	r	r
Arena of the Ancients		
Arenson's Aura		wu
Ares, God of War		br
Aretopolis		
Argent Dais		w
Argent Mutation		u
Argent Sphinx		u
Argentum Armor		
Argentum Masticore		
Argivian Archaeologist		w
Argivian Avenger		
Argivian Blacksmith		w
Argivian Cavalier		w
Argivian Find		w
Argivian Phalanx		w
Argivian Restoration		u
Argivian Welcome		wu
Argoth, Sanctum of Nature	g	g
Argoth, Sanctum of Nature // Titania, Gaea Incarnate	g	g
Argothian Elder		g
Argothian Enchantress		g
Argothian Opportunist		g
Argothian Pixies		g
Argothian Sprite		g
Argothian Swine		g
Argothian Treefolk		g
Argothian Uprooting		g
Argothian Wurm		g
Arguel's Blood Fast	b	b
Arguel's Blood Fast // Temple of Aclazotz	b	b
Aria of Flame		r
Arid Archway	c	
Arid Mesa		
Arisen Gorgon		b
Arius, Flyby Trawler		ur
Arixmethes, Slumbering Isle	ug	ug
Arjun, the Shifting Flame		ur
Ark of Blight		
Ark of Hunger		wr
Arlinn Kord		rg
Arlinn Kord // Arlinn, Embraced by the Moon		rg
Arlinn's Wolf		g
Arlinn, Embraced by the Moon		rg
Arlinn, Embraced by the Moon // Arlinn Kord		rg
Arlinn, Voice of the Pack		g
Arlinn, the Moon's Fury	rg	rg
Arlinn, the Moon's Fury // Arlinn, the Pack's Hope	rg	rg
Arlinn, the Pack's Hope	rg	rg
Arlinn, the Pack's Hope // Arlinn, the Moon's Fury	rg	rg
Arm the Cathars		w
Arm with Aether		u
Arm-Mounted Anchor		
Armada Wurm		wg
Armadillo Cloak		wg
Armageddon		w
Armageddon Clock		
Armaggon, Future Shark		b
Armament Corps		wbg
Armament Dragon		wbg
Armament Master		w
Armament of Nyx		w
Armasaur Guide		w
Armed		rg
Armed // Dangerous		rg
Armed Assailant		b
Armed Response		w
Armed and Armored		w
Armed with Proof		w
Armguard Familiar		u
Armillary Sphere		
Arming Gala		wg
Armistice		w
Armix, Filigree Thrasher		b
Armor Sliver		w
Armor Thrull		b
Armor Wars		ur
Armor of Faith		w
Armor of Shadows		b
Armor of Thorns		g
Armorcraft Judge		g
Armored Armadillo		w
Armored Ascension		w
Armored Cancrix		u
Armored Galleon		u
Armored Griffin		w
Armored Guardian		wu
Armored Kincaller		g
Armored Pegasus		w
Armored Scrapgorger	wubrg	g
Armored Skaab		u
Armored Skyhunter		w
Armored Transport		
Armored Warhorse		w
Armored Whirl Turtle		u
Armored Wolf-Rider		wg
Armorer Guildmage		brg
Armory Automaton		
Armory Guard		w
Armory Mice		w
Armory Paladin		wr
Armory Veteran		r
Armory of Iroas		
Arms Dealer		r
Arms Depot		
Arms Race		r
Arms Scavenger		r
Arms of Hadar		b
Army Ants		br
Army of Allah		w
Army of the Damned		b
Arna Kennerüd, Skycaptain		wub
Arni Brokenbrow		r
Arni Metalbrow		r
Arni Slays the Troll	r	rg
Arnim Zola, Bio-Fanatic		b
Arnjlot's Ascent		u
Arno Dorian		br
Arnyn, Deathbloom Botanist		b
Aron, Benalia's Ruin		wb
Arrest		w
Arrester's Admonition		u
Arrester's Zeal		w
Arrogant Bloodlord		b
Arrogant Outlaw		b
Arrogant Poet		b
Arrogant Vampire		b
Arrogant Wurm		g
Arrow Storm		r
Arrow Volley Trap		w
Arrows of Justice		wr
Arsenal Thresher		wub
Art Appreciation		r
Arteeoh, Dread Scavenger		ubg
Arterial Alchemy		r
Arterial Flow		b
Artful Dodge		u
Artful Looter		u
Artful Maneuver		w
Artful Takedown		ub
Arthur, Marigold Knight		wur
Artifact Blast		r
Artifact Mutation		rg
Artifact Possession		b
Artifact Unknown Shores	wubrgc	
Artifact Ward		w
Artificer Class		u
Artificer's Assistant		u
Artificer's Dragon		r
Artificer's Epiphany		u
Artificer's Hex		b
Artificer's Intuition		u
Artificial Evolution		u
Artillerize		r
Artillery Blast		w
Artillery Enthusiast		r
Artisan of Forms		u
Artisan of Kozilek		
Artisan's Sorrow		g
Artist Alley	wubrgc	
Artist's Talent		r
Artistic Process		r
Artistic Refusal		u
Arvad of the Weatherlight		wb
Arvad the Cursed		wb
Arvad, Weatherlight Smuggler		wb
Arvinox, the Mind Flail		b
Arwen Undómiel		ug
Arwen's Gift		u
Arwen, Mortal Queen		wg
Arwen, Weaver of Hope		g
Aryel, Knight of Windgrace		wb
As Foretold		u
As Luck Would Have It		g
Asari Captain		wr
Ascend from Avernus		w
Ascendant Acolyte		g
Ascendant Dustspeaker		w
Ascendant Evincar		b
Ascendant Packleader		g
Ascendant Spirit		u
Ascended Lawmage		wu
Ascending Aven		u
Ascent of the Worthy		wb
Asceticism		g
Asgardian Citadel	wr	
Asgardian Inspiration		r
Ash Barrens	c	
Ash Zealot		r
Ash, Party Crasher		wr
Asha's Favor		w
Ashad, the Lone Cyberman		ubr
Ashaya, Soul of the Wild		g
Ashcloud Phoenix		r
Ashcoat Bear		g
Ashcoat of the Shadow Swarm		b
Ashe, Princess of Dalmasca		w
Ashen Firebeast		r
Ashen Ghoul		b
Ashen Monstrosity		r
Ashen Powder		b
Ashen Reaper		br
Ashen Reaper // Invasion of Azgol		br
Ashen Rider		wb
Ashen-Skin Zubera		b
Ashenmoor Cohort		b
Ashenmoor Gouger		br
Ashenmoor Liege		br
Ashes of the Abhorrent		w
Ashes of the Fallen		
Ashes to Ashes		b
Ashiok's Adept		b
Ashiok's Erasure		u
Ashiok's Forerunner		ub
Ashiok's Reaper		b
Ashiok's Skulker		u
Ashiok, Dream Render		ub
Ashiok, Nightmare Muse		ub
Ashiok, Nightmare Weaver		ub
Ashiok, Sculptor of Fears		ub
Ashiok, Wicked Manipulator		b
Ashling the Pilgrim		r
Ashling the Pilgrim Avatar		
Ashling's Command		ur
Ashling's Prerogative		r
Ashling, Flame Dancer	r	r
Ashling, Rekindled	wubrg	ur
Ashling, Rekindled // Ashling, Rimebound	wubrg	ur
Ashling, Rimebound	wubrg	ur
Ashling, Rimebound // Ashling, Rekindled	wubrg	ur
Ashling, the Extinguisher		b
Ashling, the Extinguisher Avatar		
Ashling, the Limitless		wubrg
Ashmouth Blade		
Ashmouth Blade // Neglected Heirloom		
Ashmouth Dragon		r
Ashmouth Dragon // Smoldering Egg		r
Ashmouth Hound		r
Ashnod		
Ashnod the Uncaring		ubr
Ashnod's Altar	c	
Ashnod's Battle Gear		
Ashnod's Coupon		
Ashnod's Cylix		
Ashnod's Harvester		b
Ashnod's Intervention		b
Ashnod's Transmogrant		
Ashnod, Flesh Mechanist		b
Ashroot Animist		rg
Ashuza's Breath		r
Asinine Antics		u
Asmira, Holy Avenger		wg
Asmodeus the Archfiend		b
Asmoranomardicadaistinaculdacar		br
Asmoranomardicadaistinaculdacar's Kitchen		
Aspect of Gorgon		b
Aspect of Hydra		g
Aspect of Lamprey		b
Aspect of Manticore		r
Aspect of Mongoose		g
Aspect of Wolf		g
Asphodel Wanderer		b
Asphyxiate		b
Aspirant's Ascent		u
Aspiring Aeronaut		u
Aspiring Champion		r
Ass Whuppin'		wb
Assassin Den		u
Assassin Gauntlet		u
Assassin Initiate		b
Assassin's Blade		b
Assassin's Ink		b
Assassin's Strike		b
Assassin's Trophy		bg
Assassinate		b
Assault		rg
Assault // Battery		rg
Assault Formation		g
Assault Griffin		w
Assault Intercessor		wb
Assault Strobe		r
Assault Suit		
Assault Zeppelid		ug
Assault on Osgiliath		r
Assaultron Dominator		r
Assemble		wg
Assemble // Assure		wg
Assemble from Parts		b
Assemble the Entmoot		g
Assemble the Legion		wr
Assemble the Players		w
Assemble the Rank and Vile		b
Assemble the Team		bg
Assembled Alphas		r
Assembled Ensemble		w
Assembly Hall		
Assembly-Worker		
Assert Authority		u
Assert Perfection		g
Assimilate Essence		u
Assimilation Aegis		wu
Assquatch		r
Assure		wg
Assure // Assemble		wg
Astarion's Thirst		b
Astarion, the Decadent		wb
Astelli Reclaimer		w
Astonishing Spider-Man		ur
Astor, Bearer of Blades		wr
Astral Arena		
Astral Confrontation		w
Astral Cornucopia		
Astral Dragon		u
Astral Drift		w
Astral Slide		w
Astral Steel		w
Astral Wingspan		u
Astrid Peth		w
Astrolabe	wubrg	
Astrologian's Planisphere		u
Astroquarium		u
Aswan Jaguar		g
Asylum Visitor		b
At Knifepoint		br
At Least It's a Dry Heat		r
At the Door		w
At the Door // An Unexpected Party		w
Atalan Jackal		rg
Atalya, Samite Master		w
Atarka Beastbreaker		g
Atarka Efreet		r
Atarka Monument	rg	rg
Atarka Pummeler		r
Atarka's Command		rg
Atarka, World Render		rg
Ate-o'-Clock		g
Atemsis, All-Seeing		u
Athreos, God of Passage		wb
Athreos, Shroud-Veiled		wb
Atinlay Igpay		w
Atla Palani, Nest Tender		wrg
Atlantean Cavalry		u
Atlantean Skirmisher		u
Atlantis Attacks		u
Atlas, Sizable Stooge		bg
Atmosphere Surgeon		u
Atmospheric Greenhouse		g
Atog		r
Atogatog		wubrg
Atomic Microsizer		u
Atomize		bg
Atomwheel Acrobats		g
Atraxa's Fall		g
Atraxa's Skitterfang		
Atraxa, Grand Unifier		wubg
Atraxa, Praetors' Voice		wubg
Atraxi Warden		w
Atreus, Impulsive Son		ur
Atris, Oracle of Half-Truths		ub
Atrocious Experiment		b
Atsushi, the Blazing Sky		r
Attack-in-the-Box		
Attempted Murder		b
Attendant of Vraska		bg
Attended Healer		w
Attended Knight		w
Attended Socialite		g
Attentive Skywarden		w
Attentive Sunscribe		w
Attrition		b
Attuma, Atlantean Warlord		u
Attune with Aether		g
Attuned Hunter		g
Attunement		u
Atzal, Cave of Eternity	wubrg	bg
Atzal, Cave of Eternity // Journey to Eternity	wubrg	bg
Atzocan Archer		g
Atzocan Seer	wubrg	wg
Audacious Infiltrator		w
Audacious Knuckleblade		urg
Audacious Reshapers		r
Audacious Swap		r
Audacious Thief		b
Audacity		g
Audience with Trostani		g
Auditore Ambush		ub
Auger Spree		br
Augmenter Pugilist		ug
Augmenter Pugilist // Echoing Equation		ug
Augmenting Automaton		b
Augur il-Vec		w
Augur of Autumn		g
Augur of Bolas		u
Augur of Skulls		b
Augury Adept		wu
Augury Owl		u
Augury Raven		u
Augusta, Dean of Order		wr
Augusta, Dean of Order // Plargg, Dean of Chaos		wr
Augusta, Order Returned		w
Aunt May		w
Auntie Ant, Ant Auntie		r
Auntie Blyte, Bad Influence		r
Auntie Flint		b
Auntie Ool, Cursewretch		brg
Auntie's Hovel	br	
Auntie's Sentence		b
Auntie's Snitch		b
Aura Barbs		r
Aura Blast		w
Aura Extraction		w
Aura Finesse		u
Aura Flux		u
Aura Fracture		w
Aura Gnarlid		g
Aura Graft		u
Aura Mutation		wg
Aura Shards		wg
Aura Thief		u
Aura of Dominion		u
Aura of Silence		w
Auramancer		w
Auramancer's Guise		u
Auratog		w
Auratouched Mage		w
Aurelia's Fury		wr
Aurelia's Vindicator		w
Aurelia, Exemplar of Justice		wr
Aurelia, the Law Above		wr
Aurelia, the Warleader		wr
Aurification		w
Auriok Bladewarden		w
Auriok Champion		w
Auriok Edgewright		w
Auriok Glaivemaster		w
Auriok Replica		w
Auriok Salvagers		w
Auriok Siege Sled		
Auriok Steelshaper		w
Auriok Sunchaser		w
Auriok Survivors		w
Auriok Transfixer		w
Auriok Windwalker		w
Aurochs		g
Aurochs Herd		g
Auron's Inspiration		w
Auron, Venerated Guardian		w
Aurora Awakener		g
Aurora Champion		w
Aurora Eidolon		w
Aurora Griffin		w
Aurora Phoenix		r
Aurora Shifter		u
Aurora of Emrakul	wubrg	
Aurora of Emrakul // Cryptolith Fragment	wubrg	
Auroral Procession		ug
Auspicious Ancestor		w
Auspicious Arrival		w
Auspicious Starrix		g
Austere Command		w
Autarch Mammoth		g
Author of Shadows		b
Authority		wg
Authority // Appeal		wg
Authority of the Consuls		w
Auto-Key		
Autochthon Wurm		wg
Autograph Book		
Automated Artificer	c	
Automated Assembly Line		w
Automatic Librarian		
Auton Soldier		u
Autonomous Assembler		w
Autumn Willow		g
Autumn Willow and Baron Sengir		bg
Autumn's Veil		g
Autumn-Tail, Kitsune Sage		w
Autumn-Tail, Kitsune Sage // Kitsune Mystic		w
Autumnal Gloom		bg
Autumnal Gloom // Ancient of the Equinox		bg
Auxiliary Boosters		w
Avabruck Caretaker		g
Avabruck Caretaker // Hollowhenge Huntmaster		g
Avacyn and Griselbrand		wb
Avacyn's Collar		
Avacyn's Collar, the Symbol of Her Church		w
Avacyn's Judgment		r
Avacyn's Memorial		w
Avacyn's Pilgrim	w	g
Avacyn, Angel of Hope		w
Avacyn, Guardian Angel		w
Avacyn, the Purifier		w
Avacyn, the Purifier // Archangel Avacyn		w
Avacynian Missionaries		w
Avacynian Missionaries // Lunarch Inquisitors		w
Avacynian Priest		w
Avalanche		r
Avalanche Caller		u
Avalanche Riders		r
Avalanche Tusker		urg
Avalanche of Sector 7		r
Avarax		r
Avarice Amulet		
Avarice Totem		
Avaricious Dragon		r
Avatar Aang		wubrg
Avatar Aang // Aang, Master of Elements		wubrg
Avatar Destiny		g
Avatar Enthusiasts		w
Avatar Kuruk		u
Avatar Kuruk // The Legend of Kuruk		u
Avatar Kyoshi	wubrg	g
Avatar Kyoshi // The Legend of Kyoshi	wubrg	g
Avatar Kyoshi, Earthbender		g
Avatar Roku	wubrg	r
Avatar Roku // The Legend of Roku	wubrg	r
Avatar Roku, Firebender	r	r
Avatar Yangchen		w
Avatar Yangchen // The Legend of Yangchen		w
Avatar of Discord		br
Avatar of Fury		r
Avatar of Growth		g
Avatar of Hope		w
Avatar of Me		u
Avatar of Might		g
Avatar of Slaughter		r
Avatar of Will		u
Avatar of Woe		b
Avatar of the Resolute		g
Avatar's Wrath		w
Aveline de Grandpré		bg
Aven Archer		w
Aven Augur		u
Aven Battle Priest		w
Aven Brigadier		w
Aven Cloudchaser		w
Aven Courier		u
Aven Envoy		u
Aven Eternal		u
Aven Farseer		w
Aven Fateshaper		u
Aven Fisher		u
Aven Fleetwing		u
Aven Flock		w
Aven Fogbringer		u
Aven Gagglemaster		w
Aven Heartstabber		ub
Aven Initiate		u
Aven Interrupter		w
Aven Liberator		w
Aven Mimeomancer		wu
Aven Mindcensor		w
Aven Redeemer		w
Aven Reedstalker		u
Aven Riftwatcher		w
Aven Sentry		w
Aven Shrine		w
Aven Skirmisher		w
Aven Smokeweaver		u
Aven Soulgazer		w
Aven Squire		w
Aven Sunstriker		w
Aven Surveyor		u
Aven Tactician		w
Aven Trailblazer		w
Aven Trooper		w
Aven Warcraft		w
Aven Warhawk		w
Aven Wind Guide		wu
Aven Wind Mage		u
Aven Windreader		u
Aven of Enduring Hope		w
Avenge		w
Avenger en-Dal		w
Avenger of Zendikar		g
Avenger of the Fallen		b
Avengers Assemble!		w
Avengers Disassembled		r
Avengers Hangar	wu	
Avengers Quinjet		
Avengers Tower	wubrgc	
Avengers: Under Siege		br
Avenging Angel		w
Avenging Arrow		w
Avenging Druid		g
Avenging Huntbonder		w
Avenging Hunter		g
Averna, the Chaos Bloom		urg
Avian Changeling		w
Avian Oddity		u
Aviary Mechanic		w
Aviation Pioneer		u
Avid Reclaimer	ug	g
Avishkar Raceway	c	
Avizoa		u
Avoid Fate		g
Awaken the Ages		r
Awaken the Ages // Strife Scholar		r
Awaken the Ancient		r
Awaken the Bear		g
Awaken the Blood Avatar		wbr
Awaken the Blood Avatar // Extus, Oriq Overlord		wbr
Awaken the Erstwhile		b
Awaken the Honored Dead		ubg
Awaken the Maelstrom		wubrg
Awaken the Maelstrom // Invasion of Alara		wubrg
Awaken the Sky Tyrant		r
Awaken the Sleeper		r
Awaken the Woods		g
Awakened Amalgam		
Awakened Awareness		u
Awakened Skyclave	wubrg	g
Awakened Skyclave // Invasion of Zendikar	wubrg	g
Awakener Druid		g
Awakening		g
Awakening Hall		b
Awakening Hall // Funeral Room		b
Awakening Zone	c	g
Awakening of Vitu-Ghazi		g
Away		ub
Away // Far		ub
Awe Strike		w
Awe for the Guilds		r
Awesome Presence		u
Awestruck Cygnet		w
Awoken Demon		b
Awoken Demon // Ecstatic Awakener		b
Awoken Horror		u
Awoken Horror // Thing in the Ice		u
Awoken Nephilim		
Axavar, Fate Thief		br
Axe of the Warmonger		
Axebane Beast		g
Axebane Ferox		g
Axebane Guardian	wubrg	g
Axebane Stag		g
Axegrinder Giant		r
Axelrod Gunnarson		br
Axgard Armory	w	wr
Axgard Artisan		r
Axgard Braggart		w
Axgard Cavalry		r
Axiom Engraver		r
Axis of Mortality		w
Aya of Alexandria		wr
Ayara's Oathsworn		b
Ayara, First of Locthwain		b
Ayara, Furnace Queen		br
Ayara, Furnace Queen // Ayara, Widow of the Realm		br
Ayara, Widow of the Realm		br
Ayara, Widow of the Realm // Ayara, Furnace Queen		br
Ayesha Tanaka		wu
Ayesha Tanaka, Armorer		wu
Ayli, Eternal Pilgrim		wb
Aysen Abbey	wugc	
Aysen Bureaucrats		w
Aysen Crusader		w
Aysen Highway		w
Ayula's Influence		g
Ayula, Queen Among Bears		g
Ayumi, the Last Visitor		g
Azami, Lady of Scrolls		u
Azamuki, Treachery Incarnate		r
Azamuki, Treachery Incarnate // Cunning Bandit		r
Azcanta, the Sunken Ruin	u	u
Azcanta, the Sunken Ruin // Search for Azcanta	u	u
Azimaet Drake		u
Aziza, Mage Tower Captain		wr
Azlask, the Swelling Scourge		wubrg
Azor's Elocutors		wu
Azor's Gateway	wubrg	
Azor's Gateway // Sanctum of the Sun	wubrg	
Azor, the Lawbringer		wu
Azorius Aethermage		wu
Azorius Arrester		w
Azorius Chancery	wu	
Azorius Charm		wu
Azorius Cluestone	wu	wu
Azorius First-Wing		wu
Azorius Guildgate	wu	
Azorius Guildmage		wu
Azorius Herald		wu
Azorius Justiciar		w
Azorius Keyrune	wu	wu
Azorius Knight-Arbiter		wu
Azorius Locket	wu	wu
Azorius Ploy		wu
Azorius Signet	wu	
Azorius Skyguard		wu
Azorius Traffic Enforcement		w
Azra Bladeseeker		r
Azra Matchthrower		r
Azra Oddsmaker		br
Azra Smokeshaper		b
Azula Always Lies		b
Azula, Cunning Usurper		ub
Azula, On the Hunt		b
Azula, Ruthless Firebender		b
Azure Beastbinder		u
Azure Drake		u
Azure Fleet Admiral		u
Azure Mage		u
Azusa's Many Journeys		g
Azusa's Many Journeys // Likeness of the Seeker		g
Azusa, Lost but Seeking		g
B-I-N-G-O		g
B.F.M. (Big Furry Monster)		b
B.O.B. (Bevy of Beebles)		u
Ba Sing Se	g	g
Baaallerina		u
Baba Lysaga, Night Witch		bg
Baboon Spirit		u
Back for More		bg
Back for Seconds		b
Back from the Brink		u
Back in Town		b
Back on Track		b
Back to Basics		u
Back to Nature		g
Back-Alley Gardener		wrg
Backdraft		r
Backdraft Hellkite		r
Backfire		u
Backlash		br
Backsies		ub
Backsies // Takesies		ub
Backslide		u
Backstreet Bruiser		u
Backup Agent		w
Backup Plan		
Backwoods Survivalists		g
Bad Ass		b
Bad Deal		b
Bad Knight		b
Bad Moon		b
Bad River		
Bad Wolf Bay		
Badgermole		g
Badgermole Cub	g	g
Badlands	br	
Badlands Revival		bg
Baeloth Barrityl, Entertainer		r
Baffling Defenses		w
Baffling End		w
Bag Check		u
Bag End Banquet	c	
Bag End Porter		g
Bag of Devouring		b
Bag of Holding		
Bag of Stroopwafels		
Bag of Tricks		g
Bagel and Schmear		w
Bahamut, Warden of Light		w
Bahamut, Warden of Light // Dion, Bahamut's Dominant		w
Bail Out		b
Baird, Argivian Recruiter		wr
Baird, Steward of Argive		w
Baithook Angler		u
Baithook Angler // Hook-Haunt Drifter		u
Bake into a Pie		b
Bakersbane Duo		g
Bakery Raid		g
Bakery Raid // Hollow Scavenger		g
Baki's Curse		u
Baku Altar		
Bala Ged Recovery	g	g
Bala Ged Recovery // Bala Ged Sanctuary	g	g
Bala Ged Sanctuary	g	g
Bala Ged Sanctuary // Bala Ged Recovery	g	g
Bala Ged Scorpion		b
Bala Ged Thief		b
Balamb Garden, Airborne	ug	ug
Balamb Garden, Airborne // Balamb Garden, SeeD Academy	ug	ug
Balamb Garden, SeeD Academy	ug	ug
Balamb Garden, SeeD Academy // Balamb Garden, Airborne	ug	ug
Balamb T-Rexaur		g
Balan, Wandering Knight		w
Balance		w
Balance of Power		u
Balancing Act		w
Baldin, Century Herdmaster		w
Baldur's Gate	wubrgc	
Balduvian Atrocity		br
Balduvian Barbarians		r
Balduvian Bears		g
Balduvian Berserker		r
Balduvian Conjurer		u
Balduvian Dead		br
Balduvian Fallen		br
Balduvian Frostwaker		u
Balduvian Horde		r
Balduvian Hydra		r
Balduvian Rage		r
Balduvian Shaman		u
Balduvian Trading Post	rc	
Balduvian War-Makers		r
Balduvian Warlord		r
Balefire Dragon		r
Balefire Liege		wr
Baleful Ammit		b
Baleful Beholder		b
Baleful Eidolon		b
Baleful Force		b
Baleful Mastery		b
Baleful Stare		u
Baleful Strix		ub
Balemurk Leech		b
Ball Lightning		r
Ballad of the Black Flag		u
Ballista Charger		
Ballista Squad		w
Ballista Watcher		r
Ballista Watcher // Ballista Wielder		r
Ballista Wielder		r
Ballista Wielder // Ballista Watcher		r
Balloon Peddler		u
Balloon Stand		
Ballot Broker		w
Ballroom	wb	
Ballroom Brawlers		w
Ballynock Cohort		w
Ballynock Trapper		w
Ballyrush Banneret		w
Balm of Restoration		
Balmor, Battlemage Captain		ur
Balor		r
Baloth Cage Trap		g
Baloth Gorger		g
Baloth Null		bg
Baloth Packhunter		g
Baloth Prime		g
Baloth Pup		g
Baloth Woodcrasher		g
Balshan Beguiler		u
Balshan Collaborator		ub
Balshan Griffin		u
Balthier and Fran		rg
Balthor the Defiled		b
Balthor the Stout		r
Balustrade Spy		b
Balustrade Wurm		g
Bamboo Grove Archer		g
Bamboozle		u
Bamboozling Beeble		u
Band Together		g
Bandage		w
Banding Sliver		w
Bandit's Haul	wubrg	
Bandit's Talent		b
Bane Alley Blackguard		b
Bane Alley Broker		ub
Bane of Bala Ged		
Bane of Hanweir		r
Bane of Hanweir // Hanweir Watchkeep		r
Bane of Progress		g
Bane of the Living		b
Bane's Contingency		u
Bane's Invoker		w
Bane, Lord of Darkness		wub
Baneblade Scoundrel		b
Baneblade Scoundrel // Baneclaw Marauder		b
Baneclaw Marauder		b
Baneclaw Marauder // Baneblade Scoundrel		b
Banefire		r
Baneful Omen		b
Banehound		b
Baneslayer Angel		w
Baneslayer Aspirant		w
Banewasp Affliction		b
Banewhip Punisher		b
Banish from Edoras		w
Banish into Fable		wu
Banish to Another Universe		w
Banisher Priest		w
Banishing Betrayal		u
Banishing Coils		w
Banishing Coils // Guardian Naga		w
Banishing Knack		u
Banishing Light		w
Banishing Slash		w
Banishing Stroke		w
Banishment		w
Banishment Decree		w
Bank Job		br
Bankrupt in Blood		b
Banned Eldraine Card		brg
Banner of Kinship		
Bannerhide Krushok		g
Banners Raised		r
Banon, the Returners' Leader		wr
Banquet Guests		wg
Banshee		b
Banshee of the Dread Choir		b
Banshee's Blade		
Bant		
Bant Battlemage		wug
Bant Charm		wug
Bant Panorama	c	
Bant Sojourners		wug
Bant Sureblade		wug
Bar Entry		w
Bar the Door		w
Bar the Gate		u
Barad-dûr	b	b
Baral and Kari Zev		ur
Baral's Expertise		u
Baral, Chief of Compliance		u
Barbara Wright		w
Barbarian Bully		r
Barbarian Class		r
Barbarian General		r
Barbarian Guides		r
Barbarian Horde		r
Barbarian Lunatic		r
Barbarian Outcast		r
Barbarian Riftcutter		r
Barbarian Ring	r	r
Barbary Apes		g
Barbed Batterfist		r
Barbed Battlegear		
Barbed Bloodletter		b
Barbed Field		r
Barbed Foliage		g
Barbed Lightning		r
Barbed Servitor		b
Barbed Sextant	wubrg	
Barbed Shocker		r
Barbed Sliver		r
Barbed Spike		w
Barbed Wire		
Barbed-Back Wurm		b
Barbflare Gremlin	wubrg	r
Barbtooth Wurm		g
Barce, Friend Finder		u
Bard Class		rg
Bard the Bowman		wu
Bard's Bow		g
Bard, King of Dale		wu
Bargain		w
Bargaining Table		
Barge In		r
Barging Sergeant		r
Barishi		g
Bark of Doran		w
Bark-Knuckle Boxer		g
Barkchannel Pathway	ug	
Barkchannel Pathway // Tidechannel Pathway	ug	
Barkform Harvester		
Barkhide Mauler		g
Barkhide Troll		g
Barkshell Blessing		wg
Barktooth Warbeard		br
Barkweave Crusher		g
Barl's Cage		
Baron Bertram Graywater		wb
Baron Helmut Zemo		b
Baron Sengir		b
Baron Strucker, HYDRA Overlord		b
Baron Von Count		br
Baron, Airship Kingdom	ur	
Barony Vampire		b
Barracks of the Thousand	w	w
Barracks of the Thousand // Thousand Moons Smithy	w	w
Barrage Ogre		r
Barrage Tyrant		r
Barrage of Boulders		r
Barrage of Expendables		r
Barrel Down Sokenzan		r
Barreling Attack		r
Barrels of Blasting Jelly	wubrg	
Barren Glory		w
Barren Moor	b	b
Barrensteppe Siege		wb
Barrenton Cragtreads		wu
Barrenton Medic		w
Barret Wallace		r
Barret, Avalanche Leader		rg
Barricade Breaker		
Barrier Breach		g
Barrier of Bones		b
Barrin		
Barrin's Codex		
Barrin's Spite		ub
Barrin's Unmaking		u
Barrin, Master Wizard		u
Barrin, Tolarian Archmage		u
Barroom Brawl		g
Barrow Ghoul		b
Barrow Naughty		b
Barrow Witches		b
Barrow-Blade		
Barrowgoyf		b
Barrowin of Clan Undurr		wb
Barry's Land	c	
Bartel Runeaxe		brg
Barter in Blood		b
Bartered Cow		w
Bartizan Bats		b
Bartolomé del Presidio		wb
Bartz and Boko		g
Baru, Fist of Krosa		g
Baru, Wurmspeaker		g
Basal Sliver	b	b
Basal Thrull	b	b
Basalt Gargoyle		r
Basalt Golem		
Basalt Monolith	c	
Basalt Ravager		r
Basandra, Battle Seraph		wr
Base Camp	wubrgc	
Baseball Bat		wg
Bash to Bits		r
Bashful Beastie		g
Basic Conjuration		g
Basilica Bell-Haunt		wb
Basilica Guards		wb
Basilica Screecher		wb
Basilica Shepherd		w
Basilica Skullbomb		w
Basilica Stalker		b
Basilisk Collar		
Basilisk Gate	c	
Basim Ibn Ishaq		ub
Basking Broodscale	c	g
Basking Capybara		g
Basking Rootwalla		g
Basri Ket		w
Basri's Acolyte		w
Basri's Aegis		w
Basri's Lieutenant		w
Basri's Solidarity		w
Basri, Devoted Paladin		w
Basri, Tomorrow's Champion		w
Bassara Tower Archer		g
Bast, Panther Goddess		wg
Bastion Enforcer		w
Bastion Inventor		u
Bastion Mastodon		w
Bastion Protector		w
Bastion of Remembrance		b
Bat Colony		w
Bat Whisperer		b
Bat-		b
Bathe in Dragonfire		r
Bathe in Gold		r
Bathe in Gold // Young Red Dragon		r
Bathe in Light		w
Baton of Courage		
Baton of Morale		
Batroc the Leaper		r
Battalion Foot Soldier		w
Batterbone		
Battered Golem		
Batterhorn		r
Battering Craghorn		r
Battering Krasis		g
Battering Ram		
Battering Sliver		r
Battering Wurm		g
Battershield Warrior		w
Batterskull		
Battery		rg
Battery // Assault		rg
Battery Bearer	c	ug
Battle Angels of Tyr		w
Battle Brawler		b
Battle Cry		w
Battle Cry Goblin		r
Battle Display		r
Battle Display // Embereth Shieldbreaker		r
Battle Frenzy		r
Battle Hurda		w
Battle Hymn	r	r
Battle Mammoth		g
Battle Mastery		w
Battle Menu		w
Battle Myrsphere		
Battle Plan		r
Battle Rampart		r
Battle Screech		w
Battle Sliver		r
Battle Squadron		r
Battle Strain		r
Battle at the Bridge		b
Battle at the Helvault		w
Battle for Bretagard		wg
Battle of Frost and Fire		ur
Battle of Hoover Dam		w
Battle of Wits		u
Battle-Mad Ronin		r
Battle-Rage Blessing		b
Battle-Rattle Shaman		r
Battle-Scarred Goblin		r
Battlefield Butcher		b
Battlefield Forge	wrc	
Battlefield Improvisation		w
Battlefield Medic		w
Battlefield Percher		b
Battlefield Promotion		w
Battlefield Raptor		w
Battlefield Scavenger		r
Battlefield Scrounger		g
Battlefield Thaumaturge		u
Battleflight Eagle		w
Battlefly Swarm		b
Battlefront Krushok		g
Battlegate Mimic		wr
Battlegrace Angel		w
Battleground Geist		u
Battlegrowth		g
Battlemage's Bracers		r
Battlesong Berserker		r
Battletide Alchemist		w
Battlewand Oak		g
Battlewing Mystic		ur
Battlewise Aven		w
Battlewise Hoplite		wu
Battlewise Valor		w
Batwing Brume		wb
Baxter Building	wubrgc	
Baxter Stockman		ur
Baxter, Fly in the Ointment		u
Bay Falcon		u
Bayek of Siwa		wr
Baylen, the Haymaker	wubrg	wrg
Bayou	bg	
Bayou Dragonfly		g
Bayou Groff		g
Bazaar Krovod		w
Bazaar Trademage		u
Bazaar Trader		r
Bazaar of Baghdad		
Bazaar of Wonders		u
Be'lakor, the Dark Master		ubr
Beacon Behemoth		g
Beacon Bolt		ur
Beacon Hawk		w
Beacon of Creation		g
Beacon of Destiny		w
Beacon of Destruction		r
Beacon of Immortality		w
Beacon of Tomorrows		u
Beacon of Unrest		b
Beaming Defiance		w
Beamsaw Prospector		b
Beamsplitter Mage		ur
Beamtown Beatstick		r
Beanstalk Giant		g
Beanstalk Giant // Fertile Footsteps		g
Beanstalk Wurm		g
Beanstalk Wurm // Plant Beans		g
Bear Cub		g
Bear Down		g
Bear Down // Stormkeld Vanguard		g
Bear Trap		
Bear Umbra		g
Bear with Set's Mechanic		g
Bear's Companion		urg
Bearded Axe		r
Bearer of Glory		w
Bearer of Memory		g
Bearer of Overwhelming Truths		u
Bearer of Overwhelming Truths // Daring Sleuth		u
Bearer of Silence		bc
Bearer of the Heavens		r
Bearscape		g
Beast Attack		g
Beast Hunt		g
Beast Mode		g
Beast Walkers		wg
Beast Whisperer		g
Beast Within		g
Beast in Show		g
Beast of Burden		
Beast, Erudite Aerialist		ug
Beast-Kin Ranger		g
Beastbond Outcaster		g
Beastbreaker of Bala Ged		g
Beastcaller Savant	wubrg	g
Beastie Beatdown		rg
Beastmaster Ascension		g
Beastmaster's Magemark		g
Beastrider Vanguard		g
Beasts of Bogardan		r
Beat a Path		r
Beat a Path // Bellowing Bruiser		r
Beatrix, Loyal General		w
Bebop // Rocksteady		bg
Bebop, Skull // Crossbones		b
Bebop, Warthog Warrior		b
Because I Have Willed It		
Beck		wug
Beck // Call		wug
Beckett Mariner, Impetuous Ensign		r
Beckon Apparition		wb
Beckoning Will-o'-Wisp		w
Become Anonymous		u
Become Brutes		r
Become Immense		g
Become the Avalanche		g
Become the Pilot		u
Bedazzle		br
Bedazzle // Bedeck		br
Bedeck		br
Bedeck // Bedazzle		br
Bedevil		br
Bedhead Beastie		r
Bedlam		r
Bedlam Reveler		r
Bedrock Tortoise		g
Bee Sting		g
Bee-Bee Gun		
Beetle, Legacy Criminal		u
Beetle-Headed Merchants		b
Beetleback Chief		r
Beetleform Mage		ug
Befoul		b
Befriending the Moths		w
Befriending the Moths // Imperial Moth		w
Befuddle		u
Begin Anew		wg
Begin the Invasion		wubrg
Beguiler of Wills		u
Behemoth Sledge		wg
Behemoth of Vault 0		
Behemoth's Herald		g
Behind the Mask		u
Behind the Scenes		wb
Behold My Grandeur	ubr	
Behold the Beyond		b
Behold the Multiverse		u
Behold the Power of Destruction		
Behold the Sinister Six!		b
Behold the Unspeakable		u
Behold the Unspeakable // Vision of the Unspeakable		u
Beifong's Bounty Hunters		bg
Belbe's Armor		
Belbe's Percher		b
Belbe's Portal		
Belbe, Corrupted Observer	c	bg
Beledros Witherbloom		bg
Belenon War Anthem		w
Belenon War Anthem // Invasion of Belenon		w
Belfry Spirit		w
Believe		ug
Believe // Reason		ug
Believe in the Cleave		r
Belisarius Cawl		wu
Bell Borca, Spectral Sergeant		wr
Belle of the Brawl		b
Belligerent Brontodon		wg
Belligerent Guest		r
Belligerent Hatchling		wr
Belligerent Regisaur		g
Belligerent Regisaur // Invasion of Ixalan		g
Belligerent Sliver		r
Belligerent Whiptail		r
Belligerent Yearling		r
Belligerent of the Ball		r
Bello, Bard of the Brambles		rg
Bellowing Aegisaur		w
Bellowing Bruiser		r
Bellowing Bruiser // Beat a Path		r
Bellowing Crier		u
Bellowing Elk		g
Bellowing Fiend		b
Bellowing Mauler		b
Bellowing Saddlebrute		b
Bellowing Tanglewurm		g
Bellows Lizard		r
Bellowsbreath Ogre		r
Belltoll Dragon		u
Belltower Sphinx		u
Belonging		w
Beloved Beggar		w
Beloved Beggar // Generous Soul		w
Beloved Chaplain		w
Beloved Princess		w
Belt of Giant Strength		g
Beluna Grandsquall		urg
Beluna Grandsquall // Seek Thrills		urg
Beluna's Gatekeeper		u
Beluna's Gatekeeper // Entry Denied		u
Ben-Ben, Akki Hermit		r
Benalish Cavalry		w
Benalish Commander		w
Benalish Emissary		wg
Benalish Faithbonder		w
Benalish Heralds		wu
Benalish Hero		w
Benalish Honor Guard		w
Benalish Infantry		w
Benalish Knight		w
Benalish Knight-Counselor		w
Benalish Lancer		w
Benalish Marshal		w
Benalish Missionary		w
Benalish Partisan		w
Benalish Sleeper		wb
Benalish Trapper		w
Benalish Veteran		w
Bend or Break		r
Bender's Waterskin	wubrg	
Beneath the Sands		g
Benediction of Moons		w
Benefaction of Rhonas		g
Benefactor's Draught		g
Benevolent Ancestor		w
Benevolent Blessing		w
Benevolent Bodyguard		w
Benevolent Geist		u
Benevolent Geist // Malevolent Hermit		u
Benevolent Hydra		g
Benevolent Offering		w
Benevolent River Spirit		u
Benevolent Unicorn		w
Benjamin Sisko, Besieged		g
Bennie Bracks, Zoologist		w
Benthic Anomaly		u
Benthic Behemoth		u
Benthic Biomancer		u
Benthic Criminologists		u
Benthic Djinn		ub
Benthic Explorers	wubrg	u
Benthic Giant		u
Benthic Infiltrator		u
Benthicore		u
Bequeathal		g
Bereaved Survivor		w
Bereaved Survivor // Dauntless Avenger		w
Bereavement		b
Beregond of the Guard		w
Berg Strider		u
Berserk		g
Berserk Murlodont		g
Berserker's Frenzy		r
Berserkers of Blood Ridge		r
Berserkers' Onslaught		r
Berta, Wise Extrapolator	wubrg	ug
Beseech the Mirror		b
Beseech the Queen		b
Besieged Viking Village		
Beskir Shieldmate		w
Besmirch		r
Besotted Knight		w
Besotted Knight // Betroth the Beast		w
Bespoke Battlegarb		r
Bespoke Battlewagon		u
Bespoke Bō		u
Bess, Soul Nourisher		wg
Bessie, the Doctor's Roadster		
Bestial Bloodline		g
Bestial Fury		r
Bestial Menace		g
Bestow Greatness		g
Betor, Ancestor's Voice		wbg
Betor, Kin to All		wbg
Betrayal		u
Betrayal at the Vault		g
Betrayal of Flesh		b
Betrayer's Bargain		r
Betroth the Beast		w
Betroth the Beast // Besotted Knight		w
Betrothed of Fire		r
Better Offer		u
Better Than One		wg
Bewilder		u
Bewildering Blizzard		u
Bewitching Leechcraft		u
Beyeen Coast	u	u
Beyeen Coast // Beyeen Veil	u	u
Beyeen Veil	u	u
Beyeen Veil // Beyeen Coast	u	u
Beyond the Quiet		w
Beza, the Bounding Spring		w
Bhaal's Invoker		r
Bhaal, Lord of Murder		brg
Biblioplex Assistant		
Biblioplex Kraken		u
Biblioplex Tomekeeper		
Bicycle Elemental		u
Bicycle Rack		
Bident of Thassa		u
Bifur, Melodic Rider		wr
Bifurcate		g
Big Apple, 3 a.m.		
Big Bertha		g
Big Boa Constrictor		b
Big Game Hunter		b
Big Mother Mouser		
Big Play		g
Big Score		r
Big Spender		r
Big Wheel		r
Big Winner		r
Bigfin Bouncer		u
Bigger on the Inside	wubrg	rg
Bighorner Rancher	g	g
Bilbo's Burglaring		u
Bilbo's Ring		
Bilbo, Birthday Celebrant		wbg
Bilbo, Fellow Conspirator		g
Bilbo, Luckwearer		u
Bilbo, Luckwearer // Burglar's Plot		u
Bilbo, Retired Burglar		ur
Bilbo, Thief in the Night		u
Bile Blight		b
Bile Urchin		b
Bile-Vial Boggart		b
Bilious Skulldweller		b
Bill Ferny, Bree Swindler		u
Bill Potts		r
Bill the Pony		w
Billiard Room	br	
Billowing Shriekmass		b
Bin Chicken		b
Bind		wg
Bind // Liberate		wg
Bind Spirit		b
Bind Spirit // Ghost Lantern		b
Bind the Monster		u
Bind to Life		g
Bind to Life // Vastlands Scavenger		g
Bind to Secrecy		ub
Binding Agony		b
Binding Geist		u
Binding Geist // Spectral Binding		u
Binding Grasp		u
Binding Mummy		w
Binding Negotiation		b
Binding the Old Gods		bg
Bio-Asset Allocator		b
Bioengineered Future		g
Bioessence Hydra		ug
Biogenic Ooze		g
Biogenic Upgrade		g
Biolume Egg		u
Biolume Egg // Biolume Serpent		u
Biolume Serpent		u
Biolume Serpent // Biolume Egg		u
Bioluminary		u
Biomancer's Familiar		ug
Biomantic Mastery		ug
Biomass Mutation		ug
Biomathematician		ug
Biomechan Engineer		ug
Bionic Blow		r
Biophagus	wubrg	g
Bioplasm		g
Biorganic Carapace		wu
Biorhythm		g
Bioshift		ug
Biosynthic Burst		g
Biotech Specialist		rg
Biotransference		b
Biovisionary		ug
Biowaste Blob		g
Birchlore Rangers	wubrg	g
Bird Admirer		g
Bird Admirer // Wing Shredder		g
Bird Maiden		r
Birds of Paradise	wubrg	g
Birds of Paradise Avatar	wubrg	
Birgi, God of Storytelling	r	r
Birgi, God of Storytelling // Harnfel, Horn of Bounty	r	r
Birnin Zana Plaza	wg	
Birth of the Imperium		wub
Birthday Escape		u
Birthing Boughs		
Birthing Hulk	c	gc
Birthing Pod		g
Birthing Ritual		g
Birthright Boon		wr
Birthright Boon // Kellan, the Fae-Blooded		wr
Bishop of Binding		w
Bishop of Rebirth		w
Bishop of Wings		w
Bishop of the Bloodstained		b
Bishop's Soldier		w
Bismuth Mindrender		b
Bison Whistle		g
Bite Down		g
Bite Down on Crime		g
Bite of the Black Rose		b
Biting Rain		b
Biting Remark		u
Biting Tether		u
Biting-Palm Ninja		b
Bitter Chill		u
Bitter Downfall		b
Bitter Feud		r
Bitter Ordeal		b
Bitter Reunion		r
Bitter Revelation		b
Bitter Triumph		b
Bitter Work		rg
Bitterblade Warrior		g
Bitterbloom Bearer		b
Bitterblossom		b
Bitterbow Sharpshooters		g
Bitterheart Witch		b
Bitterthorn, Nissa's Animus		
Bituminous Blast		br
Bjorna, Nightfall Alchemist		ur
Black Bolt, Inhuman King		wu
Black Carriage		b
Black Cat		b
Black Cat, Cunning Thief		b
Black Chocobo		g
Black Chocobo // Sidequest: Raise a Chocobo		g
Black Dragon		b
Black Dragon Gate	b	
Black Hole		b
Black Knight		b
Black Lotus	wubrg	
Black Lotus Lounge		
Black Mage's Rod		b
Black Mana Battery	b	
Black Market	b	b
Black Market Connections		b
Black Market Tycoon		rg
Black Oak of Odunos		b
Black Panther, Claws of Bast		w
Black Panther, Hope Enduring		wu
Black Panther, Hope Enduring // King T'Challa		wu
Black Panther, Most Dangerous		w
Black Panther, Vanguard		wg
Black Panther, Wakandan King		wg
Black Poplar Shaman		b
Black Scarab		w
Black Sun's Twilight		b
Black Sun's Zenith		b
Black Tom Cassidy	g	g
Black Tulip	wubrg	
Black Vise		
Black Waltz No. 3		br
Black Ward		w
Black Widow, Agile Avenger		wr
Black Widow, Daring Operative		b
Black Widow, Deadly Hunter		b
Black Widow, Double Agent		wb
Black Widow, Intel Expert		w
Black Widow, Natasha Romanoff		r
Black Widow, Super Spy		b
Blackblade Reforged		
Blackbloom Bog	b	b
Blackbloom Bog // Blackbloom Rogue	b	b
Blackbloom Rogue	b	b
Blackbloom Rogue // Blackbloom Bog	b	b
Blackcleave Cliffs	br	
Blackcleave Goblin		b
Blacker Lotus	wubrg	
Blacklance Paragon		b
Blackmail		b
Blacksmith's Skill		w
Blacksmith's Talent		r
Blacksnag Buzzard		b
Blade Banish		w
Blade Historian		wr
Blade Instructor		w
Blade Juggler		b
Blade Sliver		r
Blade Splicer		w
Blade of Selves		
Blade of Shared Souls		u
Blade of the Bloodchief		
Blade of the Oni		b
Blade of the Sixth Pride		w
Blade of the Swarm		b
Blade-Blizzard Kitsune		w
Blade-Tribe Berserkers		r
Bladeback Sliver		r
Bladebrand		b
Bladecoil Serpent		ubr
Bladed Ambassador		w
Bladed Battle-Fan		b
Bladed Bracers		
Bladed Pinions		
Bladed Sentinel		w
Bladegraft Aspirant		r
Bladegriff Prototype		
Bladehold Cleaver		wr
Bladehold War-Whip		wr
Blademane Baku		r
Blades of Velis Vel		r
Bladestitched Skaab		ub
Bladetusk Boar		r
Bladewheel Chariot		w
Bladewheel Chariot // Spring-Loaded Sawblades		w
Bladewing the Risen		br
Bladewing's Thrall		b
Bladewing, Deathless Tyrant		br
Blanchwood Armor		g
Blanchwood Prowler		g
Blanchwood Treefolk		g
Blanket of Night		b
Blaring Captain		b
Blaring Recruiter		w
Blasphemous Act		r
Blasphemous Edict		b
Blast Zone	c	
Blast from the Past		r
Blast of Genius		ur
Blast-Furnace Hellkite		r
Blasted Landscape	c	
Blaster Hulk		r
Blaster Mage		r
Blaster, Combat DJ		rg
Blaster, Combat DJ // Blaster, Morale Booster		rg
Blaster, Morale Booster		rg
Blaster, Morale Booster // Blaster, Combat DJ		rg
Blastfire Bolt		r
Blasting Station		
Blastoderm		g
Blatant Thievery		u
Blaze		r
Blaze Commando		wr
Blaze of Glory		w
Blazemire Verge	br	
Blazethorn Scarecrow		
Blazing Archon		w
Blazing Blade Askari		r
Blazing Bomb		r
Blazing Crescendo		r
Blazing Effigy		r
Blazing Firesinger	r	r
Blazing Firesinger // Seething Song	r	r
Blazing Hellhound		br
Blazing Hope		w
Blazing Rootwalla		r
Blazing Salvo		r
Blazing Shoal		r
Blazing Specter		br
Blazing Sunsteel		r
Blazing Torch		
Blazing Volley		r
Bleachbone Verge	wb	
Bleak Coven Vampires		b
Blech, Loafing Pest		bg
Bleed Dry		b
Bleeding Edge		b
Bleeding Effect		wb
Bleeding Woods	rg	
Blended Twistling		wg
Blessed Alliance		w
Blessed Breath		w
Blessed Defiance		w
Blessed Hippogriff		w
Blessed Hippogriff // Tyr's Blessing		w
Blessed Light		w
Blessed Orator		w
Blessed Reincarnation		u
Blessed Respite		g
Blessed Reversal		w
Blessed Sanctuary		w
Blessed Spirits		w
Blessed Wind		w
Blessed Wine		w
Blessing		w
Blessing of Belzenlok		b
Blessing of Frost		g
Blessing of Leeches		b
Blessing of the Nephilim		w
Blessings of Nature		g
Blex, Vexing Pest		bg
Blex, Vexing Pest // Search for Blex		bg
Blight		b
Blight Grenade		b
Blight Herder	c	
Blight Keeper		b
Blight Mamba		g
Blight Mound		b
Blight Pile		b
Blight Rot		b
Blight Sickle		
Blight Titan		b
Blight-Breath Catoblepas		b
Blightbeetle		b
Blightbelly Rat		b
Blightcaster		b
Blighted Agent		u
Blighted Bat		b
Blighted Blackthorn		b
Blighted Burgeoning	wubrg	g
Blighted Cataract	c	u
Blighted Fen	c	b
Blighted Gorge	c	r
Blighted Nightmare		b
Blighted Shaman		b
Blighted Steppe	c	w
Blighted Woodland	c	g
Blightning		br
Blightreaper Thallid		bg
Blightreaper Thallid // Blightsower Thallid		bg
Blightsoil Druid	g	b
Blightsower Thallid		bg
Blightsower Thallid // Blightreaper Thallid		bg
Blightspeaker		b
Blightsteel Colossus		
Blightstep Pathway	br	
Blightstep Pathway // Searstep Pathway	br	
Blightwidow		g
Blightwing Bandit		b
Blightwing Whelp		b
Blim, Comedic Genius		br
Blind Creeper		b
Blind Fury		r
Blind Hunter		wb
Blind Obedience		wb
Blind Phantasm		u
Blind Seer		u
Blind Zealot		b
Blind with Anger		r
Blind-Spot Giant		r
Blindblast		r
Blinding Angel		w
Blinding Beam		w
Blinding Drone		uc
Blinding Flare		r
Blinding Fog		g
Blinding Light		w
Blinding Mage		w
Blinding Powder		
Blinding Souleater		w
Blinding Spray		u
Blink		ub
Blink Dog		w
Blink of an Eye		u
Blinking Spirit		w
Blinkmoth Infusion		u
Blinkmoth Nexus	c	
Blinkmoth Urn	c	
Blinkmoth Well	c	
Blister Beetle		b
Blistercoil Weird		ur
Blistergrub		b
Blistering Barrier		r
Blistering Dieflyn		br
Blistering Firecat		r
Blisterpod	c	g
Blisterspit Gremlin		r
Blisterstick Shaman		r
Blitz Automaton		r
Blitz Hellion		rg
Blitz Leech		b
Blitz of the Thunder-Raptor		r
Blitzball	wubrg	
Blitzball Shot		g
Blitzball Stadium		u
Blitzwing, Adaptive Assailant		b
Blitzwing, Adaptive Assailant // Blitzwing, Cruel Tormentor		b
Blitzwing, Cruel Tormentor		b
Blitzwing, Cruel Tormentor // Blitzwing, Adaptive Assailant		b
Blizzard		g
Blizzard Brawl		g
Blizzard Elemental		u
Blizzard Specter		ub
Blizzard Strix		u
Bloated Contaminator		g
Bloated Processor		b
Bloated Toad		g
Bloatfly Swarm		b
Blockade Runner		u
Blockbuster		r
Blood		brg
Blood // Flesh		brg
Blood Age General		r
Blood Age Muster		wr
Blood Artist		b
Blood Aspirant		r
Blood Bairn		b
Blood Baron of Vizkopa		wb
Blood Beckoning		b
Blood Burglar		b
Blood Celebrant	wubrg	b
Blood Clock		
Blood Crypt	br	
Blood Cultist		br
Blood Curdle		b
Blood Divination		b
Blood Feud		r
Blood Fountain		b
Blood Frenzy		r
Blood Funnel		b
Blood Glutton		b
Blood Host		b
Blood Hound		r
Blood Hustler		b
Blood Hypnotist		r
Blood Knight		r
Blood Lust		r
Blood Mist		r
Blood Money		b
Blood Moon		r
Blood Oath		r
Blood Ogre		r
Blood Operative		b
Blood Pact		b
Blood Pet	b	b
Blood Petal Celebrant		r
Blood Poet		b
Blood Price		b
Blood Reckoning		b
Blood Researcher		bg
Blood Rites		r
Blood Scrivener		b
Blood Seeker		b
Blood Servitor		
Blood Spatter Analysis		br
Blood Speaker		b
Blood Sun		r
Blood Tithe		b
Blood Tribute		b
Blood Tyrant		ubr
Blood Vassal	b	b
Blood for Bones		b
Blood for the Blood God!		br
Blood of the Martyr		w
Blood on the Snow		b
Blood-Chin Fanatic		b
Blood-Chin Rager		b
Blood-Cursed Knight		wb
Blood-Toll Harpy		b
Bloodbat Summoner		b
Bloodbat Summoner // Voldaren Bloodcaster		b
Bloodboil Sorcerer		r
Bloodbond March		bg
Bloodbond Vampire		b
Bloodborn Scoundrels		b
Bloodbraid Challenger		rg
Bloodbraid Elf		rg
Bloodbraid Marauder		r
Bloodbriar		g
Bloodchief Ascension		b
Bloodchief's Thirst		b
Bloodcrazed Goblin		r
Bloodcrazed Hoplite		b
Bloodcrazed Neonate		r
Bloodcrazed Paladin		b
Bloodcrazed Socialite		b
Bloodcrusher of Khorne		r
Bloodcurdler		b
Bloodcurdling Scream		b
Bloodfeather Phoenix		r
Bloodfell Caves	br	
Bloodfire Colossus		r
Bloodfire Dwarf		r
Bloodfire Enforcers		r
Bloodfire Expert		r
Bloodfire Infusion		r
Bloodfire Kavu		r
Bloodfire Mentor		ur
Bloodflow Connoisseur		b
Bloodforged Battle-Axe		
Bloodfray Giant		r
Bloodghast		b
Bloodgift Demon		b
Bloodhall Ooze		r
Bloodhall Priest		br
Bloodhaze Wolverine		r
Bloodhill Bastion		
Bloodhunter Bat		b
Bloodhusk Ritualist		b
Bloodied Ghost		wb
Bloodletter		b
Bloodletter Quill		ub
Bloodletter of Aclazotz		b
Bloodletting		b
Bloodletting // Leech Collector		b
Bloodline Bidding		b
Bloodline Culling		b
Bloodline Keeper		b
Bloodline Keeper // Lord of Lineage		b
Bloodline Necromancer		b
Bloodline Pretender		
Bloodline Recollector		b
Bloodline Recollector // Ancestral Craving		b
Bloodline Shaman		g
Bloodlord of Vaasgoth		b
Bloodlust Inciter		r
Bloodmad Vampire		r
Bloodmark Mentor		r
Bloodmist Infiltrator		b
Bloodpyre Elemental		r
Bloodrage Alpha		r
Bloodrage Brawler		r
Bloodrage Vampire		b
Bloodrite Invoker		b
Bloodrock Cyclops		r
Bloodroot Apothecary		g
Bloodscale Prowler		r
Bloodscent		g
Bloodshed Fever		r
Bloodshot Cyclops		r
Bloodshot Trainee		r
Bloodsky Berserker		b
Bloodsoaked Altar		b
Bloodsoaked Champion		b
Bloodsoaked Insight	br	br
Bloodsoaked Insight // Sanguine Morass	br	br
Bloodsoaked Reveler		b
Bloodsoaked Reveler // Restless Bloodseeker		b
Bloodspatter Vampire		b
Bloodspore Thrinax		g
Bloodsprout Talisman		bg
Bloodstained Mire		
Bloodstoke Howler		r
Bloodstone Cameo	br	
Bloodstone Goblin		r
Bloodsworn Knight		b
Bloodsworn Knight // Bloodsworn Squire		b
Bloodsworn Squire		b
Bloodsworn Squire // Bloodsworn Knight		b
Bloodsworn Steward		r
Bloodtallow Candle		
Bloodthirster		r
Bloodthirsty Adversary		r
Bloodthirsty Aerialist		b
Bloodthirsty Blade		
Bloodthirsty Conqueror		b
Bloodthirsty Ogre		b
Bloodthorn Flail		b
Bloodthorn Taunter		r
Bloodthrone Vampire		b
Bloodtithe Collector		b
Bloodtithe Harvester		br
Bloodtracker		b
Bloodvial Purveyor		b
Bloodwater Entity		ur
Bloody Betrayal		r
Bloom Hulk		g
Bloom Tender		g
Blooming Blast		r
Blooming Cactusfolk		g
Blooming Marsh	bg	
Blooming Stinger		g
Bloomvine Regent		g
Bloomvine Regent // Claim Territory		g
Bloomwielder Dryads		wg
Bloomwielder Dryads // Invasion of Moag		wg
Blorbian Buddy		g
Blossom Dryad		g
Blossom Prancer		g
Blossom-Clad Werewolf	wubrg	g
Blossom-Clad Werewolf // Weaver of Blossoms	wubrg	g
Blossombind		u
Blossoming Bogbeast		g
Blossoming Calm		w
Blossoming Defense		g
Blossoming Sands	wg	
Blossoming Tortoise		g
Blossoming Wreath		g
Blot Out		b
Blot Out the Sky		wb
Blow Off Steam		ur
Blow Off Steam // Frolicking Familiar		ur
Blow Your House Down		r
Blowfly Infestation		b
Blu, Mansion Prince		u
Bludgeon Brawl		r
Blue Dragon		u
Blue Elemental Blast		u
Blue Mage's Cane		u
Blue Mana Battery	u	
Blue Marvel, Adam Brashear		u
Blue Ribbon		
Blue Scarab		w
Blue Screen of Death		ub
Blue Sun's Twilight		u
Blue Sun's Zenith		u
Blue Ward		w
Blue, Loyal Raptor		ug
Blufferfish		u
Blunt the Assault		g
Blur		u
Blur Sliver		r
Blur of Blades		r
Blur of Heroism		w
Blurred Mongoose		g
Blurry Beeble		u
Blurry Visionary		u
Blustering Barnyard	wubrg	
Blustersquall		u
Boa Constrictor		g
Boar Umbra		g
Boar-q-pine		r
Board the Weatherlight		w
Boarded Window		
Boarding Party		r
Boareskyr Tollkeeper		w
Boartusk Liege		rg
Bob the Claymore		
Bob, Reluctant HYDRA Agent		b
Body Count		b
Body Double		u
Body Dropper		br
Body Launderer		b
Body Snatcher		b
Body of Jukai		g
Body of Knowledge		u
Body of Research		ug
Bog Badger		bg
Bog Down		b
Bog Elemental		b
Bog Glider		b
Bog Gnarr		g
Bog Hoodlums		b
Bog Humbugs		b
Bog Imp		b
Bog Initiate	b	b
Bog Naughty		b
Bog Raiders		b
Bog Rats		b
Bog Serpent		b
Bog Smugglers		b
Bog Tatters		b
Bog Witch	b	b
Bog Wraith		b
Bog Wreckage	wubrg	
Bog-Strider Ash		g
Bogardan Dragonheart		r
Bogardan Firefiend		r
Bogardan Hellkite		r
Bogardan Lancer		r
Bogardan Phoenix		r
Bogardan Rager		r
Bogbrew Witch		b
Boggart Arsonists		r
Boggart Birth Rite		b
Boggart Bog	b	b
Boggart Bog // Boggart Trawler	b	b
Boggart Brute		r
Boggart Cursecrafter		br
Boggart Forager		r
Boggart Harbinger		b
Boggart Loggers		b
Boggart Mischief		b
Boggart Mob		b
Boggart Prankster		b
Boggart Ram-Gang		rg
Boggart Shenanigans		r
Boggart Sprite-Chaser		r
Boggart Trawler	b	b
Boggart Trawler // Boggart Bog	b	b
Bogslither's Embrace		b
Bogstomper		b
Bogwater Lumaret		bg
Bohn, Beguiling Balladeer		ur
Boil		r
Boilerbilges Ripper		r
Boiling Blood		r
Boiling Earth		r
Boiling Rock Prison	br	
Boiling Rock Rioter		b
Boiling Seas		r
Boing!		u
Bojuka Bog	b	
Bojuka Brigand		b
Bola Slinger		w
Bola Warrior		r
Bolas's Citadel		b
Bold Biochemist		u
Bold Defense		w
Bold Impaler		r
Bold Plagiarist		b
Boldwyr Aggressor		r
Boldwyr Heavyweights		r
Boldwyr Intimidator		r
Bolg of the North		br
Bolrac-Clan Basher		r
Bolrac-Clan Crusher		rg
Bolshack Dragon		r
Bolt Bend		r
Bolt Hound		r
Bolt of Keranos		r
Boltbender		r
Boltfire		r
Boltwave		r
Boltwave // Crescendo Conductor		r
Boltwing Marauder		br
Bomat Bazaar Barge		
Bomat Courier		r
Bomb Squad		r
Bombadil's Song		g
Bombard		r
Bombardment		r
Bomber Corps		r
Bond Beetle		g
Bond of Agony		b
Bond of Discipline		w
Bond of Flourishing		g
Bond of Insight		u
Bond of Passion		r
Bond of Revival		b
Bonded Construct		
Bonded Fetch		u
Bonded Herdbeast		rg
Bonded Herdbeast // Plated Kilnbeast		rg
Bonded Horncrest		r
Bonder's Ornament	wubrg	
Bonders' Enclave	c	
Bonds of Faith		w
Bonds of Mortality		g
Bonds of Quicksilver		u
Bone Dancer		b
Bone Devourer		b
Bone Dragon		b
Bone Flute		
Bone Harvest		b
Bone Mask		
Bone Miser	b	b
Bone Offering		b
Bone Offering // Altar of Bhaal		b
Bone Picker		b
Bone Pit Brute		r
Bone Rattler		b
Bone Sabres		g
Bone Saw		
Bone Shaman		br
Bone Shards		b
Bone Shredder		b
Bone Splinters		b
Bone to Ash		u
Bone-Cairn Butcher		wbr
Bonebind Orator		b
Bonebreaker Giant		r
Bonecache Overseer		b
Bonecaller Cleric		b
Boneclad Necromancer		b
Boneclub Berserker		r
Bonecrusher Giant		r
Bonecrusher Giant // Stomp		r
Bonehoard		
Bonehoard Dracosaur		r
Boneknitter		b
Bonepicker Skirge		b
Bonescythe Sliver		w
Boneshard Slasher		b
Bonesplitter		
Bonesplitter Sliver		r
Bonethorn Valesk		r
Boneyard Aberration		b
Boneyard Desecrator		b
Boneyard Lurker		bg
Boneyard Mycodrax		b
Boneyard Parley		b
Boneyard Scourge		b
Boneyard Wurm		g
Bonfire of the Damned		r
Bonny Pall, Clearcutter		ug
Bontu the Glorified		b
Bontu's Last Reckoning		b
Bontu's Monument		
Bonus Round		r
Booby Trap		
Book Burning		r
Book Devourer		r
Book of Mazarbul		r
Book of Rass		
Bookwurm		g
Boom		r
Boom // Bust		r
Boom Box		
Boom Scholar		rg
Boomer Scrapper		br
Boomerang		u
Boomerang Basics		u
Boomerang, Blade Flinger		b
Boomflinger		
Boommobile	wubrg	r
Boompile		
Boomstacker		r
Boon Reflection		w
Boon Satyr		g
Boon of Boseiju		g
Boon of Emrakul		b
Boon of Erebos		b
Boon of Safety		w
Boon of the Spirit Realm		w
Boon of the Wish-Giver		u
Boon-Bringer Valkyrie		w
Boonweaver Giant		w
Boosted Sloop		ur
Booster Tutor		b
Boot Nipper		b
Bootleggers' Stash		g
Boots of Speed		r
Borborygmos		rg
Borborygmos Enraged		rg
Borborygmos and Fblthp		urg
Border Guard		w
Border Guardian		
Border Patrol		w
Borderland Behemoth		r
Borderland Explorer		g
Borderland Marauder		r
Borderland Minotaur		r
Borderland Ranger		g
Boreal Centaur		g
Boreal Druid	c	g
Boreal Elemental		u
Boreal Griffin		w
Boreal Outrider		g
Boreal Shelf	wu	
Boreas Charger		w
Borg Queen, Perfection Manifest		b
Boris Devilboon		br
Born to Drive		w
Borne Upon a Wind		u
Boromir, Gondor's Hope		wu
Boromir, Warden of the Tower		w
Boros Battleshaper		wr
Boros Challenger		wr
Boros Charm		wr
Boros Cluestone	wr	wr
Boros Elite		w
Boros Fury-Shield		wr
Boros Garrison	wr	
Boros Guildgate	wr	
Boros Guildmage		wr
Boros Keyrune	wr	wr
Boros Locket	wr	wr
Boros Mastiff		w
Boros Reckoner		wr
Boros Recruit		wr
Boros Signet	wr	
Boros Strike-Captain		wr
Boros Swiftblade		wr
Borough Backup		w
Borrowed Grace		w
Borrowed Hostility		r
Borrowed Knowledge		wr
Borrowed Malevolence		b
Borrowed Time		w
Borrowing 100,000 Arrows		u
Borrowing the East Wind		g
Bortuk Bonerattle		bg
Bosco, Just a Bear		g
Boseiju Pathlighter		g
Boseiju Reaches Skyward		g
Boseiju Reaches Skyward // Branch of Boseiju		g
Boseiju, Who Endures	g	g
Boseiju, Who Shelters All	c	
Bosh, Iron Golem		r
Bosh, Iron Golem Avatar		
Bosk Banneret		g
Bosom Buddy		w
Boss's Chauffeur		w
Bot Bashing Time		r
Botanical Brawler		wg
Botanical Plaza	wg	wg
Botanical Sanctum	ug	
Bother		wur
Bother // Fuss		wur
Bothersome Quasit		r
Bottle Gnomes		
Bottle Golems		
Bottle of Suleiman		
Bottle-Cap Blast		r
Bottled Cloister		
Bottomless Pit		b
Bottomless Pool		u
Bottomless Pool // Locker Room		u
Bottomless Vault	b	
Boulder Dash		r
Boulder Jockey		r
Boulder Rush		r
Boulder Rush // Rimrock Knight		r
Boulder Salvo		r
Boulderborn Dragon		
Boulderbranch Golem		g
Boulderfall		r
Boulderloft Pathway	wg	
Boulderloft Pathway // Branchloft Pathway	wg	
Bounce Chamber		
Bounce Off		u
Bouncer's Beatdown		g
Bouncing Beebles		u
Bound		ubg
Bound // Determined		ubg
Bound by Moonsilver		w
Bound in Gold		w
Bound in Silence		w
Boundary Lands Ranger		r
Bounding Felidar		w
Bounding Krasis		ug
Bounding Wolf		g
Boundless Realms		g
Bounteous Kirin		g
Bountiful Harvest		g
Bountiful Landscape	c	urg
Bountiful Promenade	wg	
Bounty Agent		w
Bounty Board	wubrg	
Bounty Hunter		b
Bounty of Might		g
Bounty of Skemfar		g
Bounty of the Deep		u
Bounty of the Hunt		g
Bounty of the Luxa	ugc	ug
Bovine Intervention		w
Bow of Nylea		g
Bow of the Hunter		
Bow to My Command		
Bower Passage		g
Bowie Base One		
Box of Free-Range Goblins		r
Boxing Ring		g
Brace for Impact		w
Brackish Blunder		u
Brackish Trudge		b
Brackwater Elemental		u
Brad Boimler, Eager Ensign		w
Brago's Favor		
Brago's Representative		w
Brago, King Eternal		wu
Braid of Fire	r	r
Braided Net		u
Braided Net // Braided Quipu		u
Braided Quipu		u
Braided Quipu // Braided Net		u
Braids's Frightful Return		b
Braids, Arisen Nightmare		b
Braids, Cabal Minion		b
Braids, Conjurer Adept		u
Braids, Conjurer Adept Avatar		
Braidwood Cup		
Braidwood Sextant		
Brain Freeze		u
Brain Gorgers		b
Brain Maggot		b
Brain Pry		b
Brain Weevil		b
Brain in a Jar		
Brainbite		ub
Braingeyser		u
Braingeyser // Dirgur Focusmage		u
Brainspoil		b
Brainstealer Dragon		b
Brainstone		
Brainstorm		u
Brainstorm // Harmonized Trio		u
Brainsurge		u
Brainwash		w
Brallin, Skyshark Rider		r
Bram, Baguette Brawler		w
Bramble Armor		g
Bramble Creeper		g
Bramble Elemental		g
Bramble Familiar	g	g
Bramble Familiar // Fetch Quest	g	g
Bramble Sovereign		g
Bramble Wurm		g
Bramblearmor Brawler		g
Brambleback Brute		r
Bramblecrush		g
Bramblefort Fink		g
Brambleguard Captain		r
Brambleguard Veteran		g
Bramblesnap		g
Brambleweft Behemoth		g
Bramblewood Paragon		g
Branch of Boseiju		g
Branch of Boseiju // Boseiju Reaches Skyward		g
Branch of Vitu-Ghazi	wubrgc	
Branchblight Stalker		g
Branching Bolt		rg
Branching Evolution		g
Branchloft Pathway	wg	
Branchloft Pathway // Boulderloft Pathway	wg	
Branchsnap Lorian		g
Brand		r
Brand of Ill Omen		r
Branded Brawlers		r
Branded Howler		r
Branded Howler // Convicted Killer		r
Brandywine Farmer		g
Brash Taunter		r
Braska's Final Aeon		b
Braska's Final Aeon // Jecht, Reluctant Guardian		b
Brass Gnat		
Brass Herald		
Brass Infiniscope	c	
Brass Knuckles		
Brass Man		
Brass Secretary		
Brass Squire		
Brass's Bounty		r
Brass's Tunnel-Grinder	r	r
Brass's Tunnel-Grinder // Tecutlan, the Searing Rift	r	r
Brass-Talon Chimera		
Brassclaw Orcs		r
Braulios of Pheres Band		g
Bravado		r
Brave Brawler		w
Brave Falconhawk		w
Brave Meadowguard		r
Brave the Elements		w
Brave the Sands		w
Brave the Wilds		g
Brave-Kin Duo		w
Brawl		r
Brawl-Bash Ogre		br
Brawler's Plate		
Brawn		g
Brawn, Amadeus Cho		ug
Brazen Blademaster		r
Brazen Boarding		ur
Brazen Borrower		u
Brazen Borrower // Petty Theft		u
Brazen Buccaneers		r
Brazen Cannonade		r
Brazen Collector	r	r
Brazen Dwarf		r
Brazen Freebooter		r
Brazen Scourge		r
Brazen Upstart		wrg
Brazen Wolves		r
Bre of Clan Stoutarm		wr
Breach		b
Breach the Multiverse		b
Breaching Dragonstorm		r
Breaching Hippocamp		u
Breaching Leviathan		u
Break Asunder		g
Break Down		g
Break Down the Door		g
Break Expectations		b
Break Open		r
Break Out		rg
Break Through the Line		r
Break Ties		w
Break of Day		w
Break the Ice		bc
Break the Spell		w
Breaker of Armies		
Breaker of Creation		c
Breaking		ubr
Breaking // Entering		ubr
Breaking Point		r
Breaking Wave		u
Breaking of the Fellowship		r
Breakneck Berserker		r
Breakneck Rider		r
Breakneck Rider // Neck Breaker		r
Breakthrough		u
Breath Weapon		r
Breath of Darigaaz		r
Breath of Dreams		u
Breath of Fire		r
Breath of Fury		r
Breath of Life		w
Breath of Malfegor		br
Breath of the Sleepless		u
Breathe Your Last		b
Breathkeeper Seraph		w
Breathless Knight		wb
Breathstealer		b
Breathstealer's Crypt		ub
Bred for the Hunt		ug
Breeches, Brazen Plunderer		r
Breeches, Eager Pillager		r
Breeches, the Blastmaker		ur
Breeding Pit		b
Breeding Pool	ug	
Breena, the Demagogue		wb
Breezekeeper		u
Brenard, Ginger Sculptor		wug
Bretagard Stronghold	g	wg
Breya's Apprentice		r
Breya, Etherium Shaper		wubr
Bria, Riptide Rogue		ur
Briar Hydra		g
Briar Patch		g
Briar Shield		g
Briarberry Cohort		u
Briarblade Adept		b
Briarbridge Patrol		g
Briarbridge Tracker		g
Briarhorn		g
Briarknit Kami		g
Briarpack Alpha		g
Bribe Taker		g
Briber's Purse		
Bribery		u
Bride's Gown		w
Bridge from Below		b
Bridgeworks Battle	g	g
Bridgeworks Battle // Tanglespan Bridgeworks	g	g
Bridled Bighorn		w
Bright Reprisal		w
Bright-Palm, Soul Awakener		wrg
Brightblade Stoat		w
Brightcap Badger	g	g
Brightcap Badger // Fungus Frolic	g	g
Brightclimb Pathway	wb	
Brightclimb Pathway // Grimclimb Pathway	wb	
Brightfield Glider		w
Brightfield Mustang		w
Brightflame		wr
Brightglass Gearhulk		wg
Brighthearth Banneret		r
Brightling		w
Brightmare		w
Brightspear Zealot		w
Brightstone Ritual	r	r
Brightwood Tracker		g
Brigid's Command		wg
Brigid, Clachan's Heart	wg	wg
Brigid, Clachan's Heart // Brigid, Doun's Mind	wg	wg
Brigid, Doun's Mind	wg	wg
Brigid, Doun's Mind // Brigid, Clachan's Heart	wg	wg
Brigid, Hero of Kinsbaile		w
Brigid, Who's Seen Some Stuff		w
Brigone, Soldier of Meletis		w
Brilliance Unleashed		ur
Brilliant Halo		w
Brilliant Plan		u
Brilliant Restoration		w
Brilliant Spectrum		u
Brilliant Ultimatum		wub
Brilliant Wings		w
Brimaz, Blight of Oreskos		wb
Brimaz, King of Oreskos		w
Brimstone Dragon		r
Brimstone Mage		r
Brimstone Roundup		r
Brimstone Trebuchet		r
Brimstone Vandal		r
Brimstone Volley		r
Brindle Boar		g
Brindle Shoat		g
Brine Comber		wu
Brine Comber // Brinebound Gift		wu
Brine Elemental		u
Brine Giant		u
Brine Hag		u
Brine Seer		u
Brine Shaman		ub
Brinebarrow Intruder		u
Brineborn Cutthroat		u
Brinebound Gift		wu
Brinebound Gift // Brine Comber		wu
Brinelin, the Moon Kraken		u
Bring Back		wg
Bring Back // Oakhame Ranger		wg
Bring Down		w
Bring Low		r
Bring the Ending		u
Bring to Life		u
Bring to Life // Animating Faerie		u
Bring to Light		ug
Bring to Trial		w
Bringer of Green Zenith's Twilight		wubrg
Bringer of the Black Dawn		wubrg
Bringer of the Blue Dawn		wubrg
Bringer of the Green Dawn		wubrg
Bringer of the Last Gift		b
Bringer of the Red Dawn		wubrg
Bringer of the White Dawn		wubrg
Brink of Disaster		b
Brink of Madness		b
Brion Stoutarm		wr
Brisela, Voice of Nightmares		w
Brisela, Voice of Nightmares // Bruna, the Fading Light		w
Brisela, Voice of Nightmares // Gisela, the Broken Blade		w
Bristlebane Battler		g
Bristlebane Outrider		g
Bristlebud Farmer		g
Bristlepack Sentry		g
Bristling Backwoods	rg	
Bristling Boar		g
Bristling Hydra		g
Bristly Bill, Spine Sower		g
Brittle Blast		r
Brittle Effigy		
Broadcast Rambler		w
Broadcast Takeover		r
Broadside Barrage		ur
Broadside Bombardiers		r
Broken Ambitions		u
Broken Bond		g
Broken Concentration		u
Broken Dam		u
Broken Fall		g
Broken Visage		b
Broken Wings		g
Brokers Ascendancy		wug
Brokers Charm		wug
Brokers Confluence		wug
Brokers Hideout		
Brokers Initiate		wug
Brokers Veteran		u
Brokers' Safeguard		wu
Brokkos, Apex of Forever		ubg
Brontotherium		g
Bronze Bombshell		
Bronze Calendar		
Bronze Cudgels		
Bronze Guardian		w
Bronze Horse		
Bronze Sable		
Bronze Sword		
Bronze Tablet		
Bronze Walrus	wubrg	
Bronzebeak Foragers		w
Bronzebeak Moa		wg
Bronzehide Lion		wg
Bronzeplate Boar		r
Brood Astronomer	wubrg	g
Brood Birthing	c	r
Brood Butcher	c	bg
Brood Keeper		r
Brood Monitor	c	g
Brood Sliver		g
Brood Weaver		g
Brood of Cockroaches		b
Broodbirth Viper		u
Broodcaller Scourge		g
Broodguard Elite		g
Broodhatch Nantuko		g
Broodheart Engine		bg
Broodhunter Wurm		g
Brooding Saurian		g
Broodlord		g
Broodmate Dragon		brg
Broodmate Tyrant		brg
Broodrage Mycoid		b
Broodspinner		bg
Broodstar		u
Broodwarden		g
Brotherhood Ambushers		b
Brotherhood Headquarters	wubrgc	
Brotherhood Outcast		w
Brotherhood Patriarch		b
Brotherhood Regalia		
Brotherhood Scribe		w
Brotherhood Spy		u
Brotherhood Vertibird		
Brotherhood's End		r
Brothers Yamazaki		r
Brothers of Fire		r
Brought Back		w
Browbeat		r
Brown Ouphe		g
Browse		u
Bruce Banner		urg
Bruce Banner // The Incredible Hulk		urg
Brudiclad, Telchor Engineer		ur
Bruenor Battlehammer		wr
Bruna, Light of Alabaster		wu
Bruna, the Fading Light		w
Bruna, the Fading Light // Brisela, Voice of Nightmares		w
Bruse Tarl, Boorish Herder		wr
Bruse Tarl, Roving Rancher		wr
Brush Off		u
Brush with Death		b
Brushfire Elemental		rg
Brushland	wgc	
Brushstrider		g
Brushstroke Paintermage		u
Brushwagg		g
Brutal Cathar		w
Brutal Cathar // Moonrage Brute		w
Brutal Command		r
Brutal Deceiver		r
Brutal Expulsion		ur
Brutal Hordechief		wbr
Brutal Nightstalker		b
Brutal Suppression		r
Brutalizer Exarch		g
Brute Force		r
Brute Strength		r
Brute Suit		
Bruvac the Grandiloquent		u
Bubble Matrix		
Bubble Smuggler		u
Bubble Snare		u
Bubble Up		u
Bubble Up // Aquatic Alchemist		u
Bubbling Beebles		u
Bubbling Cauldron		
Bubbling Muck	b	b
Buccaneer's Bravado		r
Bucket List		ur
Bucknard's Everfull Purse		
Bucky Barnes, Eager Ally		w
Bucolic Ranch	wubrgc	
Budoka Gardener		g
Budoka Gardener // Dokai, Weaver of Life		g
Budoka Pupil		g
Budoka Pupil // Ichiga, Who Topples Oaks		g
Bugenhagen, Wise Elder	wubrg	g
Builder's Bane		r
Builder's Blessing		w
Builder's Talent		w
Built Bear	wubrg	g
Built to Last		w
Built to Smash		r
Bulette		g
Bulk Up		r
Bull Aurochs		g
Bull Cerodon		wr
Bull Elephant		g
Bull Hippo		g
Bull Rush		r
Bull's Strength		g
Bull-Rush Bruiser		r
Bullseye, Death Dealer		br
Bullwhip		
Bulwark		r
Bulwark Giant		w
Bulwark Ox		w
Bumbleflower's Sharepot		
Bumbling Pangolin		r
Bumi Bash		r
Bumi's Feast Lecture		g
Bumi, Eclectic Earthbender		g
Bumi, King of Three Trials		g
Bumi, Unleashed		rg
Bump in the Night		br
Bumper Cars		
Buoyancy		u
Burakos, Party Leader		b
Burden of Greed		b
Burden of Guilt		w
Burden of Proof		u
Burdened Aerialist		u
Burdened Stoneback		w
Bureau Headmaster		wr
Bureaucracy		u
Burgeoning		g
Burglar Rat		b
Burglar's Plot		u
Burglar's Plot // Bilbo, Luckwearer		u
Buried Alive		b
Buried Ogre		b
Buried Ruin	c	
Buried Treasure	wubrg	
Buried in the Garden	wubrg	wg
Burlfist Oak		g
Burly Breaker		g
Burly Breaker // Dire-Strain Demolisher		g
Burn		ur
Burn // Turn		ur
Burn Away		r
Burn Bright		r
Burn Down the House		r
Burn Together		br
Burn Together // Callous Sell-Sword		br
Burn Trail		r
Burn at the Stake		r
Burn from Within		r
Burn the Accursed		r
Burn the Impure		r
Burn the Phyresis		r
Burn, Burn, Tree and Fern	r	r
Burner Rocket		r
Burning Anger		r
Burning Cinder Fury of Crimson Chaos Fire		r
Burning Cloak		r
Burning Curiosity		r
Burning Earth		r
Burning Fields		r
Burning Hands		r
Burning Inquiry		r
Burning Oil		wr
Burning Palm Efreet		r
Burning Prophet		r
Burning Sands		r
Burning Shield Askari		r
Burning Sun Cavalry		r
Burning Sun's Avatar		r
Burning Sun's Fury		r
Burning Vengeance		r
Burning Wish		r
Burning of Xinye		r
Burning-Eye Zubera		r
Burning-Fist Minotaur		r
Burning-Rune Demon		b
Burning-Tree Bloodscale		rg
Burning-Tree Emissary	rg	rg
Burning-Tree Shaman		rg
Burning-Tree Vandal		r
Burning-Yard Trainer		r
Burnished Dunestomper		wg
Burnished Dunestomper // Tarkir Duneshaper		wg
Burnished Hart		
Burnout		r
Burnout Bashtronaut		r
Burnt Offering	br	b
Burnwillow Clearing	rg	rg
Burnwillow Clearing // Stump Stomp	rg	rg
Burr Grafter		g
Burrenton Bombardier		w
Burrenton Forge-Tender		w
Burrenton Shield-Bearers		w
Burrog Banemaker		b
Burrog Barrage		g
Burrog Befuddler		u
Burrowguard Mentor		wg
Burrowing		r
Burrowing Razormaw		g
Burst Lightning		r
Burst of Energy		w
Burst of Speed		r
Burst of Strength		g
Bursting Beebles		u
Bury in Books		u
Bushi Tenderfoot		w
Bushi Tenderfoot // Kenzo the Hardhearted		w
Bushmaster, Coiled Henchman		g
Bushmeat Poacher		b
Bushwhack		g
Bushy Bodyguard		g
Bust		r
Bust // Boom		r
Busted!		u
Buster Sword		
Bustle		urg
Bustle // Hustle		urg
Butch DeLoria, Tunnel Snake		b
Butcher Ghoul		b
Butcher Orgg		r
Butcher of Malakir		b
Butcher of the Horde		wbr
Butcher's Cleaver		
Butcher's Glee		b
Butterbur, Bree Innkeeper		wg
Buxton, Decorated Host		wg
Buy Your Silence		w
Buzz Bots		u
Buzz Buggy		
Buzzard-Wasp Colony		b
Buzzing Whack-a-Doodle		
By Elspeth's Command		w
By Force		r
By Gnome Means		w
By Invitation Only		w
Bygone Bishop		w
Bygone Colossus		
Bygone Marvels		g
Byode, Inverse Sun		ub
Byrke, Long Ear of the Law		wg
Byway Barterer		r
Byway Courier		g
Bösium Strip		
C.A.M.P.		
Cabal Archon		b
Cabal Coffers	b	
Cabal Conditioning		b
Cabal Evangel		b
Cabal Executioner		b
Cabal Initiate		b
Cabal Inquisitor		b
Cabal Interrogator		b
Cabal Paladin		b
Cabal Patriarch		b
Cabal Pit	b	b
Cabal Ritual	b	b
Cabal Shrine		b
Cabal Slaver		b
Cabal Stronghold	bc	
Cabal Surgeon		b
Cabal Therapist		b
Cabal Therapy		b
Cabal Torturer		b
Cabal Trainee		b
Cabaretti Ascendancy		wrg
Cabaretti Charm		wrg
Cabaretti Confluence		wrg
Cabaretti Courtyard		
Cabaretti Initiate		wrg
Cabaretti Revels		rg
Cache Grab		g
Cache Raiders		u
Cached Defenses		g
Cackling Counterpart		u
Cackling Culprit		wb
Cackling Culprit // Panicked Bystander		wb
Cackling Fiend		b
Cackling Flames		r
Cackling Imp		b
Cackling Observer		b
Cackling Prowler		g
Cackling Slasher		b
Cackling Witch		b
Cacophodon		g
Cacophony Scamp		r
Cacophony Unleashed		b
Cactarantula		g
Cactuar		g
Cactus Preserve	wubrg	
Cactusfolk Sureshot		rg
Cadaver Imp		b
Cadaver Lab		b
Cadaver Lab // Defiled Crypt		b
Cadaverous Bloom	bg	bg
Cadaverous Knight		b
Cadira, Caller of the Small		wg
Cadric, Soul Kindler		wr
Caduceus, Staff of Hermes		w
Caelorna, Coral Tyrant		u
Caesar, Legion's Emperor		wbr
Caetus, Sea Tyrant of Segovia		u
Caetus, Sea Tyrant of Segovia // Invasion of Segovia		u
Cage of Hands		w
Caged Sun		
Caged Zombie		b
Cagemail		w
Cairn Wanderer		b
Cait Sith, Fortune Teller		r
Cait, Cage Brawler		rg
Calamitous Cave-In		r
Calamitous Tide		u
Calamity Bearer		r
Calamity of Cinders		r
Calamity of the Titans		c
Calamity's Wake		w
Calamity, Galloping Inferno		r
Calciderm		w
Calciform Pools	wuc	
Calcite Snapper		u
Calculated Dismissal		u
Calculating Lich		b
Caldaia Guardian		g
Caldaia Strongarm		g
Caldera Breaker		r
Caldera Hellion		r
Caldera Kavu		brg
Caldera Lake	urc	
Caldera Pyremaw		r
Calibrated Blast		r
Caligo Skin-Witch		b
Calim, Djinn Emperor		u
Calix, Destiny's Hand		wg
Calix, Guided by Fate		wg
Call		wug
Call // Beck		wug
Call Damage Control		g
Call Forth the Tempest		r
Call In a Professional		r
Call Up Emrakul to Help	c	
Call a Surprise Witness		w
Call for Aid		r
Call for Blood		b
Call for Unity		w
Call from the Grave		b
Call of the Conclave		wg
Call of the Death-Dweller		b
Call of the Full Moon		r
Call of the Herd		g
Call of the Nightwing		ub
Call of the Ring		b
Call of the Wild		g
Call the Bloodline		b
Call the Cavalry		w
Call the Coppercoats		w
Call the Crash		wbg
Call the Gatewatch		w
Call the Mountain Chocobo		r
Call the Scions	c	g
Call the Skybreaker		ur
Call the Spirit Dragons		wubrg
Call to Arms		w
Call to Glory		w
Call to Heel		u
Call to Mind		u
Call to Serve		w
Call to the Feast		wb
Call to the Grave		b
Call to the Kindred		u
Call to the Netherworld		b
Call to the Void		b
Callaphe, Beloved of the Sea		u
Caller of Gales		u
Caller of the Claw		g
Caller of the Hunt		g
Caller of the Pack		g
Caller of the Untamed		g
Callidus Assassin		ub
Callous Bloodmage		b
Callous Deceiver		u
Callous Dismissal		u
Callous Giant		r
Callous Inspector		b
Callous Oppressor		u
Callous Sell-Sword		br
Callous Sell-Sword // Burn Together		br
Callow Jushi		u
Callow Jushi // Jaraku the Interloper		u
Calming Licid		w
Calming Verse		g
Caltrops		
Camaraderie		wg
Camato Scout		u
Camel		w
Camellia, the Seedmiser		bg
Camera Launcher		
Camouflage		g
Campaign of Vengeance		wb
Campfire		
Campsite Cuisine		g
Campus Composer		u
Campus Composer // Aqueous Aria		u
Campus Guide		
Campus Renovation		wr
Can't Quite Recall		u
Can't Stay Away		wb
Can't Wake Up		ub
Can't Wake Up // Cruel Somnophage		ub
Canal Courier		u
Canal Dredger		
Canal Monitor		b
Cancel		u
Candela, Aegis of Adagia		w
Candelabra of Tawnos		
Candlegrove Witch		w
Candlekeep Inspiration		u
Candlekeep Sage		u
Candlelight Vigil		w
Candlelit Cavalry		g
Candles of Leng		
Candles' Glow		w
Candlestick		u
Candletrap		w
Candy Grapple		b
Candy Trail		
Canker Abomination		bg
Cankerbloom		g
Cankerous Thirst		bg
Cannibalize		b
Canonized in Blood		b
Canoptek Scarab Swarm		
Canoptek Spyder		
Canoptek Tomb Sentinel		
Canoptek Wraith		
Canopy Baloth		g
Canopy Claws		g
Canopy Cover		g
Canopy Crawler		g
Canopy Dragon		g
Canopy Gargantuan		g
Canopy Gorger		g
Canopy Spider		g
Canopy Stalker		g
Canopy Surge		g
Canopy Tactician	g	g
Canopy Vista	wg	
Cantivore		w
Cantor of the Refrain		b
Canyon Crab		u
Canyon Crawler		b
Canyon Drake		r
Canyon Jerboa		w
Canyon Lurkers		r
Canyon Minotaur		r
Canyon Slough	br	
Canyon Vaulter		w
Canyon Wildcat		r
Cao Cao, Lord of Wei		b
Cao Ren, Wei Commander		b
Caparocti Sunborn		wr
Capashen Knight		w
Capashen Standard		w
Capashen Templar		w
Capashen Unicorn		w
Capenna Express		g
Capital City	wubrgc	
Capital Guard		r
Capital Punishment		b
Caprichrome		w
Capricious Efreet		r
Capricious Hellraiser		r
Capricious Sliver		r
Capricious Sorcerer		u
Capricopian		g
Capsize		u
Capsizing Wave		u
Capsizing Wave // Sword Coast Serpent		u
Captain America's Motorcycle		r
Captain America's Shield		
Captain America, First Avenger		wur
Captain America, Liberator		w
Captain America, Living Legend		wu
Captain America, Skybound		w
Captain America, Steve Rogers		w
Captain America, Super-Soldier		w
Captain America, Team Leader		wur
Captain America, Unbowed		w
Captain America, Wings of Freedom		w
Captain Eberhart		w
Captain Howler, Sea Scourge		ur
Captain James T. Kirk		r
Captain Kathryn Janeway		g
Captain Kirk, Boldly Going		wug
Captain Lannery Storm		r
Captain Mar-Vell, Space-Born		w
Captain Marvel, Apex Avenger		wr
Captain Marvel, Earth's Protector		w
Captain Marvel, Shooting Star		w
Captain N'ghathrod		ub
Captain Rex Nebula		wr
Captain Ripley Vance		r
Captain Sisay		wg
Captain Storm, Cosmium Raider		ur
Captain Vargus Wrath		ur
Captain of Umbar		u
Captain of the Mists		u
Captain of the Watch		w
Captain's Call		w
Captain's Claws		
Captain's Defense		w
Captain's Hook		
Captain's Maneuver		wr
Captivating Cave	wubrgc	
Captivating Crew		r
Captivating Crossroads		
Captivating Glance		u
Captivating Gyre		u
Captivating Unicorn		w
Captivating Vampire		b
Captive Audience		br
Captive Flame		r
Captive Weird		ur
Captive Weird // Compleated Conjurer		ur
Capture Sphere		u
Capture of Jingzhou		u
Captured Sunlight		wg
Captured by Lagacs		wg
Captured by the Consulate		w
Caradora, Heart of Alacria		wg
Carapace		g
Carapace Forger		g
Caravan Escort		w
Caravan Hurda		w
Caravan Vigil		g
Carbonize		r
Cardboard Carapace		g
Cardpecker		w
Careening Mine Cart		
Carefree Swinemaster		g
Careful Consideration		u
Careful Cultivation	g	g
Careful Study		u
Careful Study // Spellbook Seeker		u
Caregiver		w
Careless Celebrant		r
Caress of Phyrexia		b
Caretaker's Talent		w
Cargo Ship	c	u
Caribou Range		w
Carmen, Cruel Skymarcher		wb
Carnage		br
Carnage // Carnival		br
Carnage Altar		
Carnage Gladiator		br
Carnage Interpreter		br
Carnage Tyrant		g
Carnage Wurm		g
Carnage, Crimson Chaos		br
Carnassid		g
Carnelian Orb of Dragonkind	r	r
Carnifex Demon		b
Carnival		br
Carnival // Carnage		br
Carnival Barker		r
Carnival Carnivore		b
Carnival Elephant Meteor		
Carnival Hellsteed		br
Carnival of Souls	b	b
Carnivorous Canopy		g
Carnivorous Death-Parrot		u
Carnivorous Moss-Beast		g
Carnivorous Plant		g
Carnophage		b
Carom		w
Carpet of Flowers	wubrg	g
Carrier Pigeons		w
Carrier Thrall	c	b
Carrion		b
Carrion Ants		b
Carrion Beetles		b
Carrion Call		g
Carrion Crow		b
Carrion Cruiser		b
Carrion Feeder		b
Carrion Grub		b
Carrion Howler		b
Carrion Imp		b
Carrion Locust		b
Carrion Rats		b
Carrion Screecher		b
Carrion Thrash		brg
Carrion Wall		b
Carrion Wurm		b
Carrionette		b
Carrot Cake		w
Carry Away		u
Cartel Aristocrat		wb
Carth the Lion		bg
Cartographer		g
Cartographer's Companion		
Cartographer's Hawk		w
Cartographer's Survey		g
Cartouche of Ambition		b
Cartouche of Knowledge		u
Cartouche of Solidarity		w
Cartouche of Strength		g
Cartouche of Zeal		r
Carven Caryatid		g
Casal, Lurkwood Pathfinder		g
Casal, Lurkwood Pathfinder // Casal, Pathbreaker Owlbear		g
Casal, Pathbreaker Owlbear		g
Casal, Pathbreaker Owlbear // Casal, Lurkwood Pathfinder		g
Cascade Bluffs	urc	ur
Cascade Seer		u
Cascading Cataracts	wubrgc	
Case File Auditor		w
Case of the Burning Masks		r
Case of the Crimson Pulse		r
Case of the Filched Falcon		u
Case of the Gateway Express		w
Case of the Gorgon's Kiss		b
Case of the Locked Hothouse		g
Case of the Lost Witness		u
Case of the Market Melee		r
Case of the Pilfered Proof		w
Case of the Ransacked Lab		u
Case of the Shattered Pact		
Case of the Shifting Visage		u
Case of the Stashed Skeleton		b
Case of the Trampled Garden		g
Case of the Uneaten Feast		w
Case the Joint		u
Casey // Raph, Hotheads		r
Casey Jones, Asphalt Hooligan		r
Casey Jones, Back Alley Brute		r
Casey Jones, Jury-Rig Justiciar		r
Casey Jones, Vigilante		r
Cass, Hand of Vengeance		wr
Cast Down		b
Cast Off		w
Cast Off // Realm-Cloaked Giant		w
Cast Out		w
Cast Through Time		u
Cast into Darkness		b
Cast into the Fire		r
Castaway's Despair		u
Castigate		wb
Casting of Bones		b
Castle		w
Castle Ardenvale	w	w
Castle Doom	wubrgc	
Castle Embereth	r	r
Castle Garenbrig	g	g
Castle Locthwain	b	b
Castle Raptors		w
Castle Sengir	ubrc	
Castle Vantress	u	u
Casualties of War		bg
Cat Burglar		b
Cat Collector		w
Cat Oven		
Cat Warriors		g
Cat-Gator		b
Cat-Owl		wu
Cataclysm		w
Cataclysmic Gearhulk		w
Cataclysmic Prospecting		r
Catacomb Crocodile		b
Catacomb Dragon		b
Catacomb Sifter	c	bg
Catacomb Slug		b
Catalog		u
Catalyst Elemental	r	r
Catalyst Stone		
Catapult Captain		b
Catapult Captain // Catapult Fodder		b
Catapult Fodder		b
Catapult Fodder // Catapult Captain		b
Catapult Master		w
Catapult Squad		w
Catastrophe		w
Catch		wur
Catch // Release		wur
Catch of the Day		u
Catch-Up Mechanic		w
Cateran Brute		b
Cateran Enforcer		b
Cateran Kidnappers		b
Cateran Overlord		b
Cateran Persuader		b
Cateran Slaver		b
Cateran Summons		b
Caterwauling Boggart		r
Cathar Commando		w
Cathar's Call		w
Cathar's Companion		w
Cathar's Shield		
Cathars' Crusade		w
Catharsis		wr
Cathartic Adept		u
Cathartic Operation		ub
Cathartic Parting		g
Cathartic Pyre		r
Cathartic Reunion		r
Cathedral Acolyte		g
Cathedral Membrane		w
Cathedral Sanctifier		w
Cathedral of Serra		
Cathedral of War	c	
Cathodion	c	
Catlike Curiosity		u
Catlike Curiosity // Mischievous Catgeist		u
Catti-brie of Mithral Hall		wg
Caught Red-Handed		r
Caught in a Parallel Universe		
Caught in the Brights		w
Caught in the Crossfire		r
Cauldron Dance		br
Cauldron Familiar		b
Cauldron Haze		wb
Cauldron of Essence		bg
Cauldron of Souls		
Cauldron's Gift		b
Caustic Bronco		b
Caustic Caterpillar		g
Caustic Crawler		b
Caustic Exhale		b
Caustic Hound		b
Caustic Rain		b
Caustic Tar		b
Caustic Wasps		g
Cautery Sliver		wr
Cautious Survivor		g
Cavalcade of Calamity		r
Cavalier of Dawn		w
Cavalier of Flame		r
Cavalier of Gales		u
Cavalier of Night		b
Cavalier of Thorns		g
Cavalry Drillmaster		w
Cavalry Master		w
Cavalry Pegasus		w
Cave People		r
Cave Sense		r
Cave Tiger		g
Cave of Temptation	wubrgc	
Cave of the Frost Dragon	w	w
Cave-In		r
Cavern Crawler		r
Cavern Harpy		ub
Cavern Lampad		b
Cavern Stomper		g
Cavern Thoctar		rg
Cavern Whisperer		b
Cavern of Souls	wubrgc	
Cavern-Hoard Dragon		r
Cavernous Maw	c	
Caverns of Despair		r
Caves of Chaos Adventurer		r
Caves of Koilos	wbc	
Cayth, Famed Mechanist		wur
Cazur, Ruthless Stalker		g
Cease		wbg
Cease // Desist		wbg
Cease-Fire		w
Ceaseless Conflict		w
Ceaseless Searblades		r
Cecil, Dark Knight		b
Cecil, Dark Knight // Cecil, Redeemed Paladin		b
Cecil, Redeemed Paladin		b
Cecil, Redeemed Paladin // Cecil, Dark Knight		b
Cecily, Haunted Mage		ubr
Celeborn the Wise		g
Celebr-8000		
Celebrate the Harvest		g
Celebrity Fencer		w
Celes, Rune Knight		wbr
Celestial Ancient		w
Celestial Archon		w
Celestial Armor		w
Celestial Colonnade	wu	wu
Celestial Convergence		w
Celestial Crusader		w
Celestial Dawn		w
Celestial Enforcer		w
Celestial Flare		w
Celestial Force		w
Celestial Gatekeeper		w
Celestial Judgment		w
Celestial Kirin		w
Celestial Mantle		w
Celestial Messenger		u
Celestial Prism	wubrg	
Celestial Purge		w
Celestial Regulator		wu
Celestial Reunion		g
Celestial Sword		
Celestial Unicorn		w
Celestial Vault		w
Celestine Cave Witch		b
Celestine Reef		
Celestine, the Living Saint		w
Celestus Sanctifier		w
Cellar Door		
Cement Shoes		
Cemetery Desecrator		b
Cemetery Gate		b
Cemetery Gatekeeper		r
Cemetery Illuminator		u
Cemetery Protector		w
Cemetery Prowler		g
Cemetery Puca		ub
Cemetery Reaper		b
Cemetery Recruitment		b
Cemetery Tampering		b
Cenn's Enlistment		w
Cenn's Heir		w
Cenn's Tactician		w
Cenote Scout		g
Censor		u
Censorship		u
Centaur Archer		rg
Centaur Battlemaster		g
Centaur Chieftain		g
Centaur Courser		g
Centaur Garden	g	g
Centaur Glade		g
Centaur Healer		wg
Centaur Nurturer	wubrg	g
Centaur Omenreader		g
Centaur Peacemaker		wg
Centaur Rootcaster		g
Centaur Safeguard		wg
Centaur Veteran		g
Centaur Vinecrasher		g
Centaur of Attention		g
Centaur's Herald		g
Center Soul		w
Central Elevator		u
Central Elevator // Promising Stairs		u
Centrifuge		
Cephalid Aristocrat		u
Cephalid Broker		u
Cephalid Coliseum	u	u
Cephalid Constable		u
Cephalid Facetaker		u
Cephalid Illusionist		u
Cephalid Inkmage		u
Cephalid Inkshrouder		u
Cephalid Looter		u
Cephalid Pathmage		u
Cephalid Retainer		u
Cephalid Sage		u
Cephalid Scout		u
Cephalid Shrine		u
Cephalid Snitch		u
Cephalid Vandal		u
Cephalopod Sentry		wu
Cerebral Confiscation		b
Cerebral Download		u
Cerebral Eruption		r
Cerebral Vortex		ur
Ceremonial Groundbreaker		wg
Ceremonial Guard		r
Ceremonial Knife		
Ceremonious Rejection		u
Cerise, Slayer of Fear		w
Cerodon Yearling		wr
Certain Death		b
Cerulean Drake		u
Cerulean Sphinx		u
Cerulean Wisps		u
Cerulean Wyvern		u
Cessation		w
Ceta Disciple	wubrg	urg
Ceta Sanctuary		u
Cetavolver		urg
Chain Assassination		b
Chain Devil		b
Chain Lightning		r
Chain Reaction		r
Chain Stasis		u
Chain of Acid		g
Chain of Plasma		r
Chain of Silence		w
Chain of Smog		b
Chain of Vapor		u
Chain to Memory		u
Chainbreaker		
Chained Brute		r
Chained Throatseeker		u
Chained to the Rocks		w
Chainer's Edict		b
Chainer's Torment		b
Chainer, Dementia Master		b
Chainer, Nightmare Adept		br
Chainflail Centipede		b
Chainflinger		r
Chains of Custody		w
Chains of Mephistopheles		b
Chainsaw		r
Chainweb Aracnir		g
Chainwhip Cyclops		r
Chakra Meditation		u
Chakram Retriever		u
Chakram Slinger		r
Chalice of Death		
Chalice of Death // Chalice of Life		
Chalice of Life		
Chalice of Life // Chalice of Death		
Chalice of the Void		
Chalk Outline		g
Challenger Troll		g
Chamber Sentry		wubrg
Chamber of Manipulation		u
Chambered Nautilus		u
Chameleon Blur		g
Chameleon Colossus		g
Chameleon Spirit		u
Chameleon, Master of Disguise		u
Champion Lancer		w
Champion of Arashin		w
Champion of Dusan		g
Champion of Dusk		b
Champion of Lambholt		g
Champion of Rhonas		g
Champion of Stray Souls		b
Champion of Wits		u
Champion of the Clachan		w
Champion of the Flame		r
Champion of the Hareish		w
Champion of the Parish		w
Champion of the Path		r
Champion of the Perished		b
Champion of the Weird		b
Champion's Drake		u
Champion's Helm		
Champion's Victory		u
Champions from Beyond		w
Champions of Archery		r
Champions of Archery // Join the Group		r
Champions of Minas Tirith		w
Champions of Tyr		w
Champions of the Perfect		g
Champions of the Shoal		u
Chance		wr
Chance // Leave		wr
Chance Encounter		r
Chance for Glory		wr
Chance-Met Elves		g
Chancellor of Tales		u
Chancellor of the Annex		w
Chancellor of the Dross		b
Chancellor of the Forge		r
Chancellor of the Mulligan		
Chancellor of the Spires		u
Chancellor of the Tangle	g	g
Chandler		r
Chandra Ablaze		r
Chandra Nalaar		r
Chandra's Defeat		r
Chandra's Dragonmech		
Chandra's Embercat	r	r
Chandra's Firemaw		r
Chandra's Flame Wave		r
Chandra's Fury		r
Chandra's Ignition		r
Chandra's Incinerator		r
Chandra's Magmutt		r
Chandra's Outburst		r
Chandra's Outrage		r
Chandra's Phoenix		r
Chandra's Pyreling		r
Chandra's Pyrohelix		r
Chandra's Regulator		r
Chandra's Revolution		r
Chandra's Spitfire		r
Chandra's Triumph		r
Chandra, Acolyte of Flame		r
Chandra, Awakened Inferno		r
Chandra, Bold Pyromancer	r	r
Chandra, Chill of Compliance	u	u
Chandra, Dressed to Kill	r	r
Chandra, Fire Artisan		r
Chandra, Fire of Kaladesh		r
Chandra, Fire of Kaladesh // Chandra, Roaring Flame		r
Chandra, Flame's Catalyst		r
Chandra, Flame's Fury		r
Chandra, Flamecaller		r
Chandra, Flameshaper	r	r
Chandra, Gremlin Wrangler		r
Chandra, Heart of Fire	r	r
Chandra, Hope's Beacon	wubrg	r
Chandra, Legacy of Fire	r	r
Chandra, Novice Pyromancer	r	r
Chandra, Pyrogenius		r
Chandra, Pyromaster		r
Chandra, Roaring Flame		r
Chandra, Roaring Flame // Chandra, Fire of Kaladesh		r
Chandra, Spark Hunter		r
Chandra, Torch of Defiance	r	r
Chandra, the Firebrand		r
Change of Fortune		r
Change of Heart		w
Change of Plans		u
Change the Equation		u
Changeling Berserker		r
Changeling Hero		w
Changeling Outcast		b
Changeling Sentinel		w
Changeling Titan		g
Changeling Wayfinder		
Changing Loyalty		b
Channel	c	g
Channel // Yavimaya Bloomsage	c	g
Channel Harm		w
Channel the Suns	wubrg	g
Channeled Dragonfire		r
Channeled Force		ur
Channeler Initiate	wubrg	g
Chant of Vitu-Ghazi		w
Chant of the Skifsang		u
Chaos		wr
Chaos // Order		wr
Chaos Balor		r
Chaos Channeler		r
Chaos Charm		r
Chaos Confetti		
Chaos Defiler		br
Chaos Dragon		r
Chaos Harlequin		r
Chaos Imps		r
Chaos Is My Plaything		
Chaos Lord		r
Chaos Maw		r
Chaos Moon	r	r
Chaos Mutation		ur
Chaos Orb		
Chaos Shrine's Black Crystal		b
Chaos Spewer		br
Chaos Terminator Lord		r
Chaos Wand		
Chaos Warp		r
Chaos Wrap		r
Chaos, the Endless		br
Chaos, the Endless // Garland, Knight of Cornelia		br
Chaoslace		r
Chaosphere		r
Chaotic Aether		
Chaotic Backlash		r
Chaotic Goo		r
Chaotic Strike		r
Chaotic Transformation		r
Chapel Geist		w
Chapel Shieldgeist		w
Chapel Shieldgeist // Chaplain of Alms		w
Chaplain of Alms		w
Chaplain of Alms // Chapel Shieldgeist		w
Chaplain's Blessing		w
Char		r
Char-Dog		rg
Char-Rumbler		r
Charcoal Diamond	b	
Chardalyn Dragon		
Charforger		br
Charge		w
Charge Across the Araba		w
Charge Through		g
Charge of the Forever-Beast		g
Charge of the Mites		w
Charged Conjuration		r
Charging Badger		g
Charging Bandits		b
Charging Binox		g
Charging Cinderhorn		r
Charging Griffin		w
Charging Hooligan		r
Charging Monstrosaur		r
Charging Paladin		w
Charging Rhino		g
Charging Slateback		r
Charging Strifeknight		r
Charging Troll		wg
Charging Tuskodon		r
Charging War Boar		rg
Chariot of Victory		
Chariot of the Sun		
Charisma		u
Charisma Bobblehead	wubrg	
Charismatic Conqueror		w
Charismatic Vanguard		w
Charitable Levy		w
Charity Extractor		b
Charix, the Raging Isle		u
Charm Peddler		w
Charm School		w
Charmbreaker Devils		r
Charmed Clothier		w
Charmed Griffin		w
Charmed Pendant		
Charmed Sleep		u
Charmed Stray		w
Charming Prince		w
Charming Scoundrel		r
Charnel Serenade		b
Charnel Troll		bg
Charnelhoard Wurm		brg
Charred Foyer		r
Charred Foyer // Warped Space		r
Charred Graverobber		b
Charring Bite		wr
Charring Bite // Twinmaw Stormbrood		wr
Chart a Course		u
Chartooth Cougar		r
Chase Inspiration		u
Chase Stein, Runaway		r
Chasm Drake		u
Chasm Guide		r
Chasm Skulker		u
Chastise		w
Chatter of the Squirrel		g
Chatterfang, Squirrel General		bg
Chatterstorm		g
Chatterstorm and Awaken the Woods		g
Chatzuk, Mighty Guitarist		wg
Chea, Friend to Maybe Too Many	g	wbg
Cheap Ass		w
Cheatyface		u
Check for Traps		b
Checkpoint Officer		w
Checks and Balances		u
Cheeky House-Mouse		w
Cheeky House-Mouse // Squeak By		w
Cheer		wr
Cheerful Osteomancer		b
Cheerful Osteomancer // Raise Dead		b
Cheering Crowd	c	rg
Cheering Fanatic		r
Chef's Kiss		r
Chelonian Tackle		g
Chemister's Insight		u
Chemister's Trick		ur
Cherished Hatchling		g
Chevill, Bane of Monsters		bg
Chic		u
Chic // Ago		u
Chicago Loop	wubrgc	
Chicken Egg		r
Chicken Troupe		g
Chicken à la King		u
Chief Engineer		u
Chief of the Edge		wb
Chief of the Foundry		
Chief of the Scale		wb
Chieftain en-Dal		w
Child of Alara		wubrg
Child of Gaea		g
Child of Night		b
Child of Thorns		g
Child of the Pack		rg
Child of the Pack // Savage Packmate		rg
Child of the Volcano		r
Childhood Horror		b
Children of Korlis		w
Chill		u
Chill Haunting		b
Chill of Foreboding		u
Chill of the Grave		u
Chill to the Bone		b
Chillbringer		u
Chillerpillar		u
Chilling Apparition		b
Chilling Chronicle		u
Chilling Chronicle // Mysterious Tome		u
Chilling Grasp		u
Chilling Screech		ur
Chilling Screech // Runescale Stormbrood		ur
Chilling Shade		b
Chilling Trap		u
Chime of Night		b
Chimeric Coils		
Chimeric Egg		
Chimeric Idol		
Chimeric Mass		
Chimeric Sphere		
Chimeric Staff		
Chimil, the Inner Sun		
Chimney Goyf		b
Chimney Imp		b
Chimney Rabble		r
Chipper Chopper		u
Chisei, Heart of Oceans		u
Chishiro, the Shattered Blade		rg
Chiss-Goria, Forge Tyrant		r
Chitin Gravestalker		b
Chitinous Cloak		
Chitinous Crawler		b
Chitinous Graspling		ug
Chittering Dispatcher	c	g
Chittering Doom		g
Chittering Harvester		b
Chittering Host		b
Chittering Host // Graf Rats		b
Chittering Host // Midnight Scavengers		b
Chittering Illuminator		g
Chittering Rats		b
Chittering Skitterling		b
Chittering Skullspeaker		b
Chittering Witch		b
Chitterspitter		g
Chivalric Alliance		w
Chivalrous Chevalier		w
Chlorophant		g
Cho-Arrim Alchemist		w
Cho-Arrim Bruiser		w
Cho-Arrim Legate		w
Cho-Manno's Blessing		w
Cho-Manno, Revolutionary		w
Choco, Seeker of Paradise		wug
Choco-Comet		r
Chocobo Camp	g	g
Chocobo Kick		g
Chocobo Knights		w
Chocobo Racetrack		g
Choice of Damnations		b
Choice of Fortunes		u
Choke		g
Choked Estuary	ub	
Choking Fumes		w
Choking Miasma		bg
Choking Restraints		w
Choking Sands		b
Choking Tethers		u
Choking Vines		g
Chomping Changeling		g
Chomping Kavu		g
Chomping Mastasaur		r
Chong and Lily, Nomads		r
Choose Your Champion		
Choose Your Demise		
Choose Your Weapon		g
Chop Down		w
Chop Down // Giant Killer		w
Chorale of the Void		b
Chord of Calling		g
Choreographed Sparks		r
Chorus of Might		g
Chorus of Woe		b
Chorus of the Conclave		wg
Chorus of the Tides		u
Chosen by Heliod		w
Chosen of Markov		b
Chosen of Markov // Markov's Servant		b
Chromanticore		wubrg
Chromatic Armor		wu
Chromatic Lantern	wubrg	
Chromatic Orrery	c	
Chromatic Sphere	wubrg	
Chromatic Star	wubrg	
Chrome Cat		
Chrome Companion		
Chrome Courier		wu
Chrome Dome		
Chrome Host Hulk		ug
Chrome Host Hulk // Gnottvold Hermit		ug
Chrome Host Seedshark		u
Chrome Mox	wubrg	
Chrome Prowler		u
Chrome Replicator		
Chrome Steed		
Chromescale Drake		u
Chromeshell Crab		u
Chromium		wub
Chromium, the Mutable		wub
Chronatog		u
Chronatog Avatar		
Chronatog Totem	u	u
Chronic Flooding		u
Chronicle of Victory		
Chronicler of Heroes		wg
Chronicler of Worship	wubrg	g
Chronobot		
Chronomancer		b
Chronomantic Escape		w
Chronomaton		
Chronosavant		w
Chronostutter		u
Chronozoa		u
Chthonian Nightmare		b
Chub Toad		g
Chulane, Teller of Tales		wug
Chupacabra Echo		b
Churning Eddy		u
Churning Reservoir		r
Cid, Freeflier Pilot		w
Cid, Timeless Artificer		wu
Cinder Barrens	br	
Cinder Cloud		r
Cinder Crawler		r
Cinder Elemental		r
Cinder Giant		r
Cinder Glade	rg	
Cinder Hellion		r
Cinder Marsh	brc	
Cinder Pyromancer		r
Cinder Seer		r
Cinder Shade		br
Cinder Storm		r
Cinder Strike		r
Cinder Wall		r
Cinderbones		b
Cinderclasm		r
Cindercone Smite		r
Cinderhaze Wretch		b
Cinderheart Giant		r
Cindering Cutthroat		br
Cinderslash Ravager		rg
Cindervines		rg
Cinnamon, Seasoned Steed		
Cipherbound Spirit		u
Cipherbound Spirit // Soulcipher Board		u
Circadian Struggle		ug
Circle of Affliction		b
Circle of Confinement		w
Circle of Despair		wb
Circle of Dreams Druid	g	g
Circle of Elders	c	g
Circle of Flame		r
Circle of Power		b
Circle of Protection: Art		w
Circle of Protection: Artifacts		w
Circle of Protection: Black		w
Circle of Protection: Blue		w
Circle of Protection: Green		w
Circle of Protection: Red		w
Circle of Protection: Shadow		w
Circle of Protection: White		w
Circle of Solace		w
Circle of the Land Druid		g
Circle of the Moon Druid		g
Circling Vultures		b
Circu, Dimir Lobotomist		ub
Circuit Mender		
Circuitous Route		g
Circuits Act		r
Circular Logic		u
Circus of the Sun		
Cirith Ungol Patrol		b
Citadel Castellan		wg
Citadel Gate	w	
Citadel Siege		w
Citadel of Pain		r
Citanul Centaurs		g
Citanul Druid		g
Citanul Flute		
Citanul Hierophants	g	g
Citanul Stalwart	wubrg	g
Citanul Woodreaders		g
Citizen V, Helmut Zemo		b
Citizen's Arrest		w
Citizen's Crowbar		w
City Hall		
City Pigeon		w
City in a Bottle		
City of Ass	wubrg	
City of Brass	wubrg	
City of Death		g
City of Shadows	c	
City of Solitude		g
City of Traitors	c	
City of the Daleks		
City on Fire		r
Cityscape Leveler		
Citystalker Connoisseur		b
Citywatch Sphinx		u
Citywide Bust		w
Civic Gardener		g
Civic Guildmage		wug
Civic Saber		
Civic Stalwart		w
Civic Wayfinder		g
Civil Servant		wg
Civilized Scholar		u
Civilized Scholar // Homicidal Brute		u
Clachan Festival		w
Clackbridge Troll		b
Claim		br
Claim // Fame		br
Claim Jumper		w
Claim Territory		g
Claim Territory // Bloomvine Regent		g
Claim of Erebos		b
Claim the Firstborn		r
Claim the Kingdom		g
Claim the Precious		b
Claire D'Loon, Joy Sculptor		wu
Clairvoyance		u
Clam Session		u
Clam-I-Am		u
Clamavus		g
Clambassadors		u
Clamilton Estate		
Clammy Prowler		u
Clamor Shaman		r
Clamorous Ironclad		r
Clan Crafter		u
Clan Defiance		rg
Clan Guildmage		rg
Clandestine Chameleon		g
Clandestine Meddler		b
Clara Oswald		
Clarion Cathars		w
Clarion Conqueror		w
Clarion Spirit		w
Clarion Ultimatum		wug
Clash of Realities		r
Clash of Titans		r
Clash of Wills		u
Clash of the Eikons		g
Clattering Augur		b
Clattering Skeletons		b
Claustrophobia		u
Clavileño, First of the Blessed		wb
Clawing Torment		b
Claws Out		w
Claws of Gix		
Claws of Valakut		r
Claws of Wirewood		g
Clay Champion		wg
Clay Golem		
Clay Pigeon		
Clay Revenant		b
Clay Statue		
Clay-Fired Bricks		w
Clay-Fired Bricks // Cosmium Kiln		w
Cleanfall		w
Cleanse		w
Cleansing		w
Cleansing Beam		r
Cleansing Meditation		w
Cleansing Nova		w
Cleansing Ray		w
Cleansing Screech		r
Cleansing Wildfire		r
Cleanup Crew		g
Clear		w
Clear Shot		g
Clear a Path		r
Clear the Land		g
Clear the Mind		u
Clear the Stage		b
Clear, Fair Magic		g
Clear, the Mind		u
Clearwater Goblet		
Clearwater Pathway	ub	
Clearwater Pathway // Murkwater Pathway	ub	
Cleave Shadows		wb
Cleave Shadows // Shrouded Shepherd		wb
Cleaver Blow		b
Cleaver Riot		r
Cleaver Skaab		u
Cleaving Reaper		b
Cleaving Skyrider		wr
Cleaving Sliver		r
Clement, the Worrywort	ug	ug
Cleon, Merry Champion		r
Cleopatra, Exiled Pharaoh		bg
Clergy en-Vec		w
Clergy of the Holy Nimbus		w
Cleric Class		w
Cleric of Chill Depths		u
Cleric of Life's Bond		wb
Cleric of the Forward Order		w
Clever Combo		g
Clever Concealment		w
Clever Conjurer		u
Clever Distraction		w
Clever Distraction // Distracting Geist		w
Clever Impersonator		u
Clever Lumimancer		w
Clickslither		r
Cliff Threader		w
Cliffgate	r	
Cliffhaven Kitesail		
Cliffhaven Sell-Sword		w
Cliffhaven Vampire		wb
Cliffrunner Behemoth		g
Cliffside Lookout		w
Cliffside Market		
Cliffside Rescuer		w
Clifftop Lookout		g
Clifftop Retreat	wr	
Cling to Dust		b
Clinging Anemones		u
Clinging Darkness		b
Clinging Mists		g
Clinquant Skymage		u
Clip Wings		g
Clive's Hideaway	c	
Clive, Ifrit's Dominant	r	r
Clive, Ifrit's Dominant // Ifrit, Warden of Inferno	r	r
Cloak and Dagger		
Cloak and Dagger, Entwined		wb
Cloak of Confusion		b
Cloak of Feathers		u
Cloak of Invisibility		u
Cloak of Mists		u
Cloak of the Bat		
Cloak of the Philosopher		
Cloaked Cadet		g
Cloaked Siren		u
Cloakwood Hermit		g
Cloakwood Swarmkeeper		g
Clock of DOOOOOOOOOOOOM!		
Clock of Omens		
Clocknapper		u
Clockspinning		u
Clockwork Avian		
Clockwork Beast		
Clockwork Beetle		
Clockwork Condor		
Clockwork Dragon		
Clockwork Drawbridge		w
Clockwork Droid		
Clockwork Fox		
Clockwork Gnomes		
Clockwork Hydra		
Clockwork Percussionist		r
Clockwork Servant		
Clockwork Steed		
Clockwork Swarm		
Clockwork Vorrac		
Cloister Gargoyle		w
Cloistered Youth		w
Cloistered Youth // Unholy Fiend		w
Clone		u
Clone Crafter		u
Clone Legion		u
Clone Shell		
Close Encounter		g
Close Quarters		r
Closing Statement		wb
Clot Sliver		b
Cloud Cover		wu
Cloud Crusader		w
Cloud Djinn		u
Cloud Dragon		u
Cloud Elemental		u
Cloud Key		
Cloud Manta		u
Cloud Pirates		u
Cloud Spirit		u
Cloud Sprite		u
Cloud of Darkness		bg
Cloud of Faeries		u
Cloud's Limit Break		w
Cloud, Ex-SOLDIER		wrg
Cloud, Midgar Mercenary		w
Cloud, Planet's Champion		wr
Cloudblazer		wu
Cloudbound Moogle		w
Cloudchaser Eagle		w
Cloudchaser Kestrel		w
Cloudcrest Lake	wuc	
Cloudcrown Oak		g
Cloudfin Raptor		u
Cloudform		u
Cloudgoat Ranger		w
Cloudheath Drake		wu
Cloudhoof Kirin		u
Cloudkill		b
Cloudkin Seer		u
Cloudpiercer		r
Cloudpost	c	
Cloudreach Cavalry		w
Cloudreader Sphinx		u
Cloudsculpt Armorer		u
Cloudsculpt Technician		u
Cloudseeder		u
Cloudshift		w
Cloudshredder Sliver		wr
Cloudskate		u
Cloudspire Captain		w
Cloudspire Coordinator		wr
Cloudspire Skycycle		wr
Cloudsteel Kirin		w
Cloudstone Curio		
Cloudthresher		g
Clout of the Dominus		ur
Cloven Casting		ur
Clown Car		
Clown Extruder		
Clowning Around		w
Clutch of Currents		u
Clutch of Undeath		b
Clutch of the Undercity		ub
Coal Golem	r	
Coal Hill School		
Coal Stoker	r	r
Coalborn Entity		r
Coalhauler Swine		r
Coalition Construct		
Coalition Flag		w
Coalition Honor Guard		w
Coalition Relic	wubrg	
Coalition Skyknight		w
Coalition Victory		wubrg
Coalition Warbrute		r
Coalstoke Gearhulk		br
Coast Watcher		u
Coastal Breach		u
Coastal Bulwark		
Coastal Discovery		u
Coastal Drake		u
Coastal Hornclaw		u
Coastal Peak	ur	
Coastal Piracy		u
Coastal Tower	wu	
Coastal Wizard		u
Coastline Chimera		wu
Coastline Marauders		r
Coat of Arms		
Coat with Venom		b
Coati Scavenger		g
Coax from the Blind Eternities		u
Cobalt Golem		u
Cobblebrute		r
Cobbled Lancer		u
Cobbled Wings		
Cobra Trap		g
Cockatrice		g
Cocoon		g
Code of Constraint		u
Codecracker Hound		u
Codespell Cleric		w
Codex Shredder		
Codie, Vociferous Codex	wubrg	
Codsworth, Handy Helper	w	w
Coerced Confession		ub
Coerced to Kill		ub
Coercion		b
Coercive Impetus		b
Coercive Portal		
Coercive Recruiter		r
Coeurl		w
Coffin Puppets		b
Coffin Purge		b
Coffin Queen		b
Cogmentor		
Cognivore		u
Cogwork Archivist		
Cogwork Assembler		
Cogwork Grinder		
Cogwork Librarian		
Cogwork Progenitor		w
Cogwork Spy		
Cogwork Tracker		
Cogwork Wrestler		u
Cogworker's Puzzleknot		w
Coil and Catch		u
Coil and Catch // Marang River Regent		u
Coiled Tinviper		
Coiling Oracle		ug
Coiling Rebirth		b
Coiling Stalker		g
Coiling Woodworm		g
Coils of the Medusa		b
Coin of Fate		w
Coin of Mastery		
Cold Case Cracker		u
Cold Snap		w
Cold Storage		
Cold-Eyed Selkie		ug
Cold-Water Snapper		u
Coldsteel Heart		
Colfenor's Plans		b
Colfenor's Urn		
Colfenor, the Last Yew		wbg
Coliseum Behemoth		g
Collapsing Borders		r
Collar the Culprit		w
Collateral Damage		r
Collected Company		g
Collected Conjuring		ur
Collectigull		w
Collectigull // Only the Best		w
Collective Blessing		wg
Collective Brutality		b
Collective Defiance		r
Collective Effort		w
Collective Inferno		r
Collective Nightmare		b
Collective Resistance		g
Collective Restraint		u
Collective Unconscious		g
Collective Voyage		g
Collector Ouphe		g
Collector Protector		w
Collector's Cage		w
Collector's Case		u
Collector's Vault		
Colleen Wing, Street Samurai		w
Collision		rg
Collision // Colossus		rg
Collision Course		w
Collision of Realms		r
Colonel Autumn		wb
Color Pie	wubrg	
Colorful Feiyi Sparrow		w
Colorless Ultimatum		c
Colorstorm Stallion		ur
Colos Yearling		r
Colossadactyl		g
Colossal Badger		g
Colossal Badger // Dig Deep		g
Colossal Chorus		g
Colossal Collision		g
Colossal Dreadmask		g
Colossal Dreadmaw		g
Colossal Dreadmaw and Storm Crow		ug
Colossal Grave-Reaver		bg
Colossal Growth		rg
Colossal Heroics		g
Colossal Majesty		g
Colossal Might		rg
Colossal Plow	w	
Colossal Rattlewurm		g
Colossal Skyturtle		ug
Colossal Whale		u
Colossapede		g
Colossification		g
Colossodon Yearling		g
Colossus		rg
Colossus // Collision		rg
Colossus Hammer		
Colossus of Akros		
Colossus of Sardia		
Colossus of the Blood Age		wr
Colossus, Steel Stalwart		g
Coma Veil		u
Combat Calligrapher		w
Combat Celebrant		r
Combat Courier		u
Combat Medic		w
Combat Professor		w
Combat Research		u
Combat Thresher		w
Combat Tutorial		u
Combine Chrysalis		ug
Combine Guildmage		ug
Combo Attack		g
Combust		r
Combustible Gearhulk		r
Combustion Man		r
Combustion Technique		r
Come Back Wrong		b
Comet Crawler		b
Comet Storm		r
Comet, Stellar Pup		wr
Comeuppance		w
Comforting Counsel		g
Coming Attraction		g
Coming In Hot		r
Command Beacon	c	
Command Bridge	wubrg	
Command From the Shadows		
Command Mine	wubrg	
Command Performance		u
Command Power Plant	wubrg	
Command Tower	wubrg	
Command of Unsummoning		u
Command the Chaff		u
Command the Dreadhorde		b
Command the Storm		r
Commandeer		u
Commander Eesha		w
Commander Greven il-Vec		b
Commander Liara Portyr		wr
Commander Mustard		wr
Commander Sofia Daguerre		w
Commander's Authority		w
Commander's Insight		u
Commander's Insignia		w
Commander's Plate		
Commander's Sphere	wubrg	
Commanding Presence		w
Commando Raid		r
Commence the Endgame		u
Commencement of Festivities		g
Commercial District	rg	
Commissar Severina Raine		wb
Commit		u
Commit // Memory		u
Commodore Guff	r	wur
Common Black Removal		b
Common Bond		wg
Common Cause		w
Common Courtesy		u
Common Crook		b
Common Curve Filler		
Common Iguana		r
Communal Brewing		g
Commune with Beavers		g
Commune with Dinosaurs		g
Commune with Evil		b
Commune with Lava		r
Commune with Nature		g
Commune with Spirits		g
Commune with the Gods		g
Companion of the Trials		w
Company Commander		wb
Comparative Analysis		u
Compass Gnome		
Compassionate Healer		w
Compelled Duel		g
Compelling Argument		u
Compelling Deterrence		u
Complaints Clerk		w
Compleat Devotion		w
Compleated Clone Shell		
Compleated Conjurer		ur
Compleated Conjurer // Captive Weird		ur
Compleated Huntmaster		b
Complete Disregard		b
Complete the Circuit		u
Complex Automaton		
Complicate		u
Comply		wu
Comply // Failure		wu
Component Collector		u
Component Pouch		
Composer of Spring		g
Composite Golem	wubrg	
Compost		g
Compound Fracture		b
Compulsion		u
Compulsive Research		u
Compulsory Rest		w
Compy Swarm		bg
Concealed Courtyard	wb	
Concealed Weapon		r
Concealing Curtains		b
Concealing Curtains // Revealing Eye		b
Conceited Witch		b
Conceited Witch // Price of Beauty		b
Concentrate		u
Concentrated Fire		r
Concert Kaboomist		r
Concerted Defense		u
Concerted Effort		w
Concession Stand		
Conch Horn		
Conciliator's Duelist		wb
Conclave Cavalier		wg
Conclave Equenaut		w
Conclave Evangelist		wg
Conclave Guildmage		wg
Conclave Mentor		wg
Conclave Naturalists		g
Conclave Phalanx		w
Conclave Sledge-Captain		g
Conclave Tribunal		w
Conclave's Blessing		w
Concoct		ub
Concoct // Connive		ub
Concord with the Kami		g
Concordant Crossroads		g
Concordia Pegasus		w
Concussive Bolt		r
Condemn		w
Condescend		u
Conduct Electricity		r
Conductive Current		r
Conductive Machete		
Conductor of Cacophony		b
Conduit Goblin		wr
Conduit Pylons	wubrgc	
Conduit of Emrakul	rc	r
Conduit of Emrakul // Conduit of Storms	rc	r
Conduit of Ruin		
Conduit of Storms	rc	r
Conduit of Storms // Conduit of Emrakul	rc	r
Conduit of Worlds		g
Cone of Cold		u
Cone of Flame		r
Confession Dial		
Confessor		w
Confidence from Strength		g
Confirm Suspicions		u
Confiscate		u
Confiscation Coup		u
Conflagrate		r
Conflux		wubrg
Conformer Shuriken		
Confound		u
Confounding Conundrum		u
Confounding Riddle		u
Confront the Assault		w
Confront the Past		b
Confront the Unknown		g
Confusion in the Ranks		r
Congregate		w
Congregation Gryff		wg
Congregation at Dawn		wg
Conifer Strider		g
Conifer Wurm		g
Conjured Currency		u
Conjurer's Ban		wb
Conjurer's Bauble		
Conjurer's Closet		
Conjurer's Mantle		w
Connecting the Dots		r
Connive		ub
Connive // Concoct		ub
Conquer		r
Conquering Manticore		r
Conqueror's Flail		
Conqueror's Foothold	c	
Conqueror's Foothold // Conqueror's Galleon	c	
Conqueror's Galleon	c	
Conqueror's Galleon // Conqueror's Foothold	c	
Conqueror's Pledge		w
Conscripted Infantry		r
Consecrate		wb
Consecrate // Consume		wb
Consecrate Land		w
Consecrated Sphinx		u
Consecrated by Blood		b
Conservator		
Conservatory	wg	
Consider		u
Consider the Prime Directive		u
Consign		ub
Consign // Oblivion		ub
Consign to Dream		u
Consign to Dust		g
Consign to Memory		u
Consign to the Pit		b
Conspicuous Snoop		r
Conspiracy		b
Conspiracy Theorist		r
Conspiracy Unraveler		u
Constable of the Realm		w
Constant Mists		g
Constricting Sliver		w
Constricting Tendrils		u
Constrictor Sage		u
Construct a Cosmic Cube		b
Construction Arsonist		r
Consul's Lieutenant		w
Consul's Shieldguard		w
Consulate Crackdown		w
Consulate Dreadnought		
Consulate Skygate		
Consulate Surveillance		w
Consulate Turret		
Consult the Necrosages		ub
Consult the Star Charts		u
Consume		wb
Consume // Consecrate		wb
Consume Spirit		b
Consume Strength		bg
Consume the Meek		b
Consumed by Greed		b
Consumed by History		r
Consuming Aberration		ub
Consuming Aetherborn		b
Consuming Ashes		b
Consuming Blob		g
Consuming Bonfire		r
Consuming Corruption		b
Consuming Ferocity		r
Consuming Fervor		r
Consuming Oni		b
Consuming Rage		
Consuming Sepulcher		b
Consuming Sepulcher // Tithing Blade		b
Consuming Sinkhole		r
Consuming Tide		u
Consuming Vapors		b
Consuming Vortex		u
Consumptive Goo		b
Contact Other Plane		u
Contagion		b
Contagion Clasp		
Contagion Dispenser		ug
Contagion Engine		
Contagious Nim		b
Contagious Vorrac		g
Containment Breach		g
Containment Construct		
Containment Membrane		u
Containment Priest		w
Containment Protocol		u
Contaminant Grafter		g
Contaminated Aquifer	ub	
Contaminated Bond		b
Contaminated Drink		ub
Contaminated Ground		b
Contaminated Landscape	c	wub
Contamination		b
Contemplation		w
Contempt		u
Contentious Plan		u
Contest of Claws		g
Contested Cliffs	c	rg
Contested Game Ball		
Contested War Zone	c	
Contingency Plan		u
Continue?		w
Contortionist Otter Storm		
Contortionist Troupe		g
Contraband Kingpin		ub
Contraband Livestock		w
Contract Hero		r
Contract Killing		b
Contract from Below		b
Contractual Safeguard		w
Contradict		u
Contraption Cannon		
Control Magic		u
Control Win Condition		u
Control of the Court		r
Controlled Instincts		u
Controvert		u
Conundrum Sphinx		u
Convalescence		w
Convalescent Care		w
Convenient Target		r
Convention Maro		urg
Convergence of Dominion		
Conversion		w
Conversion Apparatus	wubrgc	
Conversion Chamber		
Convert to Slime		bg
Converter Beast		g
Convicted Killer		r
Convicted Killer // Branded Howler		r
Conviction		w
Convincing Mirage		u
Convolute		u
Convulsing Licid		r
Cooking Campsite	w	w
Cooking Campsite // Sidequest: Catch a Fish	w	w
Cool Fluffy Loxodon		
Cool but Rude		r
Cooped Up		w
Cooperate		ur
Cooperate // Refuse		ur
Cooperation		w
Coordinated Assault		r
Coordinated Barrage		w
Coordinated Charge		w
Coordinated Clobbering		g
Coordinated Maneuver		w
Copper Carapace		
Copper Gnomes		
Copper Host Crusher		g
Copper Longlegs		g
Copper Myr	g	
Copper Tablet		
Copper-Leaf Angel		
Coppercoat Vanguard		w
Copperhoof Vorrac		g
Copperhorn Scout		g
Copperline Gorge	rg	
Copy Artifact		u
Copy Catchers		u
Copy Enchantment		u
Copy Land		u
Copycrook		u
Coral Atoll	uc	
Coral Barrier		u
Coral Colony		u
Coral Commando		u
Coral Eel		u
Coral Fighters		u
Coral Helm		
Coral Merfolk		u
Coral Net		u
Coral Reef		u
Coral Sword		r
Coral Trickster		u
Coralhelm Chronicler		u
Coralhelm Commander		u
Coralhelm Guide		u
Coram, the Undertaker		brg
Cordial Vampire		b
Core Prowler		
Coretapper		
Cori Mountain Monastery	r	r
Cori Mountain Stalwart		wr
Cori-Steel Cutter		r
Cormela, Glamour Thief	ubr	ubr
Cornered Crook		r
Cornered Market		w
Cornered by Black Mages		b
Coronation of Chaos		r
Coronation of the Wilds	wubrg	g
Coronation of the Wilds // Keeper of the Crown	wubrg	g
Corporeal Projection		ur
Corpse Appraiser		ubr
Corpse Augur		b
Corpse Blockade		b
Corpse Churn		b
Corpse Cobble		ub
Corpse Connoisseur		b
Corpse Cur		
Corpse Dance		b
Corpse Explosion		br
Corpse Harvester		b
Corpse Hauler		b
Corpse Knight		wb
Corpse Lunge		b
Corpse Traders		b
Corpseberry Cultivator		bg
Corpsehatch	c	b
Corpsejack Menace		bg
Corpses of the Lost		b
Corpseweaver Prodigy		b
Corpseweft		b
Corpulent Corpse		b
Corridor Monitor		u
Corroding Dragonstorm		b
Corrosion		br
Corrosive Gale		g
Corrosive Mentor		b
Corrosive Ooze		g
Corrupt		b
Corrupt Court Official		b
Corrupt Eunuchs		r
Corrupt Official		b
Corrupted Conscience		u
Corrupted Conviction		b
Corrupted Crossroads	wubrgc	
Corrupted Grafstone		
Corrupted Harvester		b
Corrupted Key		b
Corrupted Resolve		u
Corrupted Roots		b
Corrupted Shapeshifter		u
Corrupted Zendikon		b
Corrupting Licid		b
Corruption of Towashi		u
Corsair Captain		u
Corsairs of Umbar		u
Coruscation Mage		r
Corvid Squall		u
Corvid Squall // Galathul Galecaller		u
Cosi's Ravager		r
Cosi's Trickster		u
Cosima, God of the Voyage		u
Cosima, God of the Voyage // The Omenkeel		u
Cosmic Crucible	wubrg	ug
Cosmic Cube		
Cosmic Epiphany		u
Cosmic Horror		b
Cosmic Hunger		g
Cosmic Intervention		w
Cosmic Larva		r
Cosmic Rebirth		wg
Cosmic Sovereign		r
Cosmic Spider-Man		wubrg
Cosmium Blast		w
Cosmium Catalyst	r	r
Cosmium Catalyst // Ore-Rich Stalactite	r	r
Cosmium Confluence		g
Cosmium Kiln		w
Cosmium Kiln // Clay-Fired Bricks		w
Cosmogoyf		bg
Cosmogrand Zenith		w
Cosmos Charger		u
Cosmos Elixir		
Cosmotronic Wave		r
Cost of Brilliance		b
Costly Plunder		b
Costume Closet		w
Costume Shop		
Cottontail Caretaker		w
Council Guardian		w
Council of Advisors		u
Council of Echoes		u
Council of Reeds		u
Council of the Absolute		wu
Council's Deliberation		u
Council's Judgment		w
Counsel of the Soratami		u
Count Nefaria		b
Count on Luck		r
Counterbalance		u
Counterbore		u
Counterflux		ur
Counterintelligence		u
Counterlash		u
Countermand		u
Counterpoint		ub
Counterspell		u
Countersquall		ub
Countervailing Winds		u
Countless Gears Renegade		w
Country Roads	w	w
Countryside Crusher		r
Courage in Crisis		g
Courageous Goblin		r
Courageous Outrider		w
Courageous Resolve		w
Courier Bat		b
Courier Griffin		w
Courier Hawk		w
Courier of Comestibles		g
Courier's Briefcase	wubrg	wubrg
Courier's Capsule		u
Courser of Kruphix		g
Coursers' Accord		wg
Court Archers		g
Court Cleric		w
Court Homunculus		w
Court Hussar		wu
Court Street Denizen		w
Court of Ambition		b
Court of Ardenvale		w
Court of Bounty		g
Court of Cunning		u
Court of Embereth		r
Court of Garenbrig		g
Court of Grace		w
Court of Ire		r
Court of Locthwain		b
Court of Vantress		u
Courtly Provocateur		u
Covenant of Blood		b
Covenant of Minds		u
Cover of Darkness		b
Cover of Winter		w
Cover the Spot		
Covert Cutpurse		b
Covert Cutpurse // Covetous Geist		b
Covert Operative		u
Covert Technician		u
Coveted Falcon		u
Coveted Jewel	wubrg	
Coveted Peacock		u
Coveted Prize		b
Covetous Castaway		u
Covetous Castaway // Ghostly Castigator		u
Covetous Dragon		r
Covetous Elegy		wb
Covetous Geist		b
Covetous Geist // Covert Cutpurse		b
Covetous Urge		ub
Cowabunga!		g
Coward		r
Coward // Killer		r
Cowardice		u
Cowed by Wisdom		w
Cower in Fear		b
Cowl Prowler		g
Crab Umbra		u
Crabapple Cohort		g
Crabomination		b
Crack Open		g
Crack in Time		w
Crack the Earth		r
Crackdown		w
Crackdown Construct		
Cracked Earth Technique		g
Cracked Skull		b
Crackle with Power		r
Crackleburr		ur
Crackling Club		r
Crackling Cyclops		r
Crackling Doom		wbr
Crackling Drake		ur
Crackling Emergence		r
Crackling Falls	ur	ur
Crackling Falls // Rush of Inspiration	ur	ur
Crackling Perimeter		r
Crackling Spellslinger		r
Crackling Triton		ur
Cradle Clearcutter	g	g
Cradle Guard		g
Cradle of Safety		u
Cradle of Vitality		w
Cradle of the Accursed	c	
Cradle to Grave		b
Craft with Pride		r
Craft with Pride // Goblin Glasswright		r
Crafty Cutpurse		u
Crafty Octopus		u
Crafty Pathmage		u
Crag Puca		ur
Crag Saurian		r
Cragcrown Pathway	rg	
Cragcrown Pathway // Timbercrown Pathway	rg	
Cragganwick Cremator		r
Cragplate Baloth		g
Cragsmasher Yeti		r
Craig Boone, Novac Guard		wr
Cram Session		bg
Cramped Bunker		rg
Cramped Vents		b
Cramped Vents // Access Maze		b
Cranial Archive		
Cranial Extraction		b
Cranial Plating		b
Cranial Ram		br
Crash		r
Crash Landing		g
Crash Through		r
Crash and Burn		r
Crash of Rhino Beetles		g
Crash of Rhinos		g
Crash the Party		g
Crash the Ramparts		g
Crashing Boars		g
Crashing Centaur		g
Crashing Drawbridge		
Crashing Footfalls		g
Crashing Tide		u
Crashing Wave		u
Crater Elemental		r
Crater Hellion		r
Crater's Claws		r
Craterclaw Colossus		r
Craterhoof Behemoth		g
Craterize		r
Craterous Stomp		r
Craven Giant		r
Craven Hulk		r
Craven Knight		b
Craving of Yeenoghu		r
Craw Giant		g
Craw Wurm		g
Crawl from the Cellar		b
Crawling Barrens	c	
Crawling Chorus		w
Crawling Filth		b
Crawling Infestation		g
Crawling Sensation		g
Crawlspace		
Crazed Armodon		g
Crazed Firecat		r
Crazed Goblin		r
Crazed Skirge		b
Creakwood Ghoul		bg
Creakwood Liege		bg
Creakwood Safewright		b
Cream of the Crop		g
Creative Outburst		ur
Creative Technique		r
Creature Bond		u
Creature Guy		g
Credit Voucher		
Creeperhulk		g
Creeping Bloodsucker		b
Creeping Chill		b
Creeping Corrosion		g
Creeping Crystal Coating		g
Creeping Dread		b
Creeping Inn	c	
Creeping Inn // Hostile Hostel	c	
Creeping Mold		g
Creeping Peeper	u	u
Creeping Renaissance		g
Creeping Tar Pit	ub	ub
Creeping Trailblazer		rg
Creepy Crawler		b
Creepy Doll		
Creepy Puppeteer		r
Cremate		b
Crenellated Wall		
Creosote Heath	wg	
Crescendo Conductor		r
Crescendo Conductor // Boltwave		r
Crescendo of War		w
Crescent Island Temple		r
Crested Craghorn		r
Crested Herdcaller		g
Crested Sunmare		w
Cresting Mosasaurus		u
Crevasse		r
Crew Captain		brg
Crib Swap		w
Crime		wbg
Crime // Punishment		wbg
Crime Novelist	r	r
Crimestopper Sprite		u
Criminal Enterprise		b
Criminal Past		b
Crimson Acolyte		w
Crimson Caravaneer		r
Crimson Cowl, Master of Evil		b
Crimson Fleet Commodore		r
Crimson Hellkite		r
Crimson Honor Guard		r
Crimson Kobolds		
Crimson Mage		r
Crimson Manticore		r
Crimson Muckwader		br
Crimson Operative		r
Crimson Roc		r
Crimson Wisps		r
Crippling Blight		b
Crippling Chill		u
Crippling Fatigue		b
Crippling Fear		b
Crisis of Conscience		w
Critical Hit		r
Croakid Amphibonaut		u
Croaking Counterpart		ug
Croaking Curse		u
Croaking Curse // Vantress Transmuter		u
Crocanura		g
Crocodile of the Crossing		g
Cromat		wubrg
Crook of Condemnation		
Crookclaw Elder		u
Crookclaw Transmuter		u
Crooked Custodian		b
Crooked Scales		
Crookshank Kobolds		
Crop Rotation		g
Crop Sigil		g
Crosis's Attendant	ubr	
Crosis's Catacombs	ubr	
Crosis's Charm		ubr
Crosis, the Purger		ubr
Crossbones, Malicious Mercenary		b
Crossbow Ambush		g
Crossbow Infantry		w
Crossover Collaboration		r
Crossroads Candleguide	wubrg	
Crossroads Consecrator		g
Crossroads Village		
Crossroads Watcher		g
Crosstown Courier		u
Crossway Troublemakers		b
Crossway Vampire		r
Crosswinds		g
Crovax		
Crovax the Cursed		b
Crovax, Ascendant Hero		w
Crow Scarer		
Crow Storm		u
Crow of Dark Tidings		b
Crowd Favorites		w
Crowd of Cinders		b
Crowd of True Believers		w
Crowd's Favor		r
Crowd-Control Warden		wg
Crowded Crypt	b	b
Crown of Ascension		u
Crown of Awe		w
Crown of Convergence		wg
Crown of Doom		
Crown of Empires		
Crown of Flames		r
Crown of Fury		r
Crown of Gondor		
Crown of Skemfar		g
Crown of Suspicion		b
Crown of Vigor		g
Crown of the Ages		
Crown-Hunter Hireling		r
Crowned Ceratok		g
Crucias, Titan of the Waves		br
Crucible of Fire		r
Crucible of Worlds		
Crucible of the Spirit Dragon	wubrgc	
Crude Abattoir		r
Crude Abattoir // Unsavory Kitchen		r
Crude Rampart		w
Cruel Administrator		br
Cruel Alliance		b
Cruel Bargain		b
Cruel Celebrant		wb
Cruel Cut		b
Cruel Deceiver		b
Cruel Edict		b
Cruel Entertainment		b
Cruel Fate		u
Cruel Feeding		b
Cruel Finality		b
Cruel Grimnarch		b
Cruel Reality		b
Cruel Revival		b
Cruel Sadist		b
Cruel Somnophage		ub
Cruel Somnophage // Can't Wake Up		ub
Cruel Truths		b
Cruel Tutor		b
Cruel Ultimatum		ubr
Cruel Witness		u
Cruelclaw's Heist		b
Crumb and Get It		w
Crumble		g
Crumble to Dust		r
Crumbling Ashes		b
Crumbling Colossus		
Crumbling Necropolis	ubr	
Crumbling Sanctuary		
Crumbling Vestige	wubrgc	
Crusade		w
Crusader of Odric		w
Crusading Knight		w
Crush		r
Crush Contraband		w
Crush Dissent		u
Crush Underfoot		r
Crush of Tentacles		u
Crush of Wurms		g
Crush the Weak		r
Crusher Zendikon		r
Crushing Canopy		g
Crushing Disappointment		b
Crushing Pain		r
Crushing Vines		g
Crustacean Commando		u
Crux of Fate		b
Crux of Mirrodin		w
Cry of Contrition		b
Cry of the Carnarium		b
Cryoclasm		r
Cryogen Relic		u
Cryoshatter		u
Crypsis		u
Crypt Angel		b
Crypt Champion		br
Crypt Cobra		b
Crypt Creeper		b
Crypt Feaster		b
Crypt Ghast	b	wb
Crypt Incursion		b
Crypt Lurker		b
Crypt Rats		b
Crypt Ripper		b
Crypt Sliver		b
Crypt of Agadeem	b	
Crypt of the Eternals	ubrc	
Cryptborn Horror		br
Cryptbreaker		b
Cryptcaller Chariot		b
Cryptek		b
Cryptex	wubrg	
Cryptic Annelid		u
Cryptic Caves	c	
Cryptic Coat		u
Cryptic Command		u
Cryptic Cruiser		u
Cryptic Gateway		
Cryptic Pursuit		ur
Cryptic Serpent		u
Cryptic Spires		
Cryptic Trilobite	c	
Cryptid Inspector		g
Cryptolith Fragment	wubrg	
Cryptolith Fragment // Aurora of Emrakul	wubrg	
Cryptolith Rite	wubrg	g
Cryptoplasm		u
Cryptothrall		
Cryptwailing		b
Crystacean		u
Crystal Ball		
Crystal Barricade		w
Crystal Carapace		g
Crystal Chimes		
Crystal Dragon		w
Crystal Dragon // Rob the Hoard		w
Crystal Fragments		w
Crystal Fragments // Summon: Alexander		w
Crystal Golem		
Crystal Grotto	wubrgc	
Crystal Quarry	wubrgc	
Crystal Rod		
Crystal Seer		u
Crystal Shard		u
Crystal Skull, Isu Spyglass	u	u
Crystal Slipper		r
Crystal Spray		u
Crystal Vein	c	
Crystal, Inhuman Princess	wurg	rg
Crystalline Armor		g
Crystalline Crawler	wubrg	
Crystalline Entity		
Crystalline Giant		
Crystalline Nautilus		u
Crystalline Resonance		u
Crystalline Sliver		wu
Crystallization		wug
Crystallized Serah		wg
Crystallized Serah // Serah Farron		wg
Cuboid Colony		ug
Cubwarden		w
Cudgel Troll		g
Culling Dais		
Culling Drone		b
Culling Mark		g
Culling Ritual	bg	bg
Culling Scales		
Culling Sun		wb
Culling the Weak	b	b
Culmination of Studies		ur
Cult Conscript		b
Cult Guildmage		br
Cult Healer		w
Cult of Skaro		ubr
Cult of the Waxing Moon		g
Cultbrand Cinder		br
Cultist of the Absolute		b
Cultist's Staff		
Cultivate		g
Cultivator Colossus		g
Cultivator Drone	c	uc
Cultivator of Blades		g
Cultivator's Caravan	wubrg	
Cultural Exchange		u
Culvert Ambusher		g
Cumber Stone		u
Cunning		u
Cunning Advisor		b
Cunning Azurescale		u
Cunning Azurescale // Divining Dive		u
Cunning Bandit		r
Cunning Bandit // Azamuki, Treachery Incarnate		r
Cunning Breezedancer		wu
Cunning Coyote		r
Cunning Evasion		u
Cunning Geysermage		u
Cunning Giant		r
Cunning Lethemancer		b
Cunning Maneuver		r
Cunning Nightbonder		ub
Cunning Rhetoric		b
Cunning Sparkmage		r
Cunning Strike		ur
Cunning Survivor		u
Cunning Wish		u
Cuombajj Witches		b
Curate		u
Curator Beastie		g
Curator of Destinies		u
Curator of Mysteries		u
Curator of Sun's Creation		r
Curator's Ward		u
Curfew		u
Curie, Emergent Intelligence		u
Curio Vendor		u
Curiosity		u
Curiosity Crafter		u
Curious Altisaur		g
Curious Cadaver		ub
Curious Colossus		w
Curious Farm Animals		w
Curious Forager		g
Curious Herd		g
Curious Homunculus	c	u
Curious Homunculus // Voracious Reader	c	u
Curious Inquiry		u
Curious Killbot		
Curious Obsession		u
Curious Pair		g
Curious Pair // Treats to Share		g
Currency Converter		
Current Curriculum		w
Curry Favor		b
Curry Favor // Smitten Swordmaster		b
Curse Artifact		b
Curse of Bloodletting		r
Curse of Bounty		g
Curse of Chains		wu
Curse of Chaos		r
Curse of Clinging Webs		g
Curse of Conformity		w
Curse of Death's Hold		b
Curse of Disturbance		b
Curse of Echoes		u
Curse of Exhaustion		w
Curse of Fool's Wisdom		b
Curse of Hospitality		r
Curse of Inertia		u
Curse of Leeches		b
Curse of Leeches // Leeching Lurker		b
Curse of Marit Lage		r
Curse of Misfortunes		b
Curse of Oblivion		b
Curse of Obsession		r
Curse of Opulence		r
Curse of Predation		g
Curse of Shaken Faith		r
Curse of Shallow Graves		b
Curse of Silence		w
Curse of Stalked Prey		r
Curse of Surveillance		u
Curse of Thirst		b
Curse of Unbinding		u
Curse of Vengeance		b
Curse of Verbosity		u
Curse of Vitality		w
Curse of Wizardry		b
Curse of the Bloody Tome		u
Curse of the Cabal		b
Curse of the Fire Penguin		r
Curse of the Fire Penguin // Curse of the Fire Penguin Creature		r
Curse of the Fire Penguin Creature		r
Curse of the Fire Penguin Creature // Curse of the Fire Penguin		r
Curse of the Forsaken		w
Curse of the Nightly Hunt		r
Curse of the Pierced Heart		r
Curse of the Restless Dead		b
Curse of the Swine		u
Curse of the Werefox		g
Cursebound Witch		b
Cursebreak		w
Cursecatcher		u
Cursecloth Wrappings		b
Cursed Courtier		w
Cursed Firebreathing Yogurt		
Cursed Flesh		b
Cursed Land		b
Cursed Minotaur		b
Cursed Mirror	r	r
Cursed Monstrosity		b
Cursed Rack		
Cursed Recording		r
Cursed Ronin		b
Cursed Scroll		
Cursed Totem		
Cursed Windbreaker		u
Cursed Wombat		bg
Curtain of Light		w
Curtains' Call		b
Custodi Lich		b
Custodi Peacekeeper		w
Custodi Soulbinders		w
Custodi Soulcaller		w
Custodi Squire		w
Custodian of the Trove		
Custody Battle		r
Customs Depot		u
Cut		br
Cut // Ribbons		br
Cut Down		b
Cut In		r
Cut Propulsion		r
Cut Short		w
Cut Your Losses		u
Cut a Deal		w
Cut of the Profits		b
Cut the Earthly Bond		u
Cut the Tethers		u
Cutthroat Centurion		b
Cutthroat Contender		b
Cutthroat Maneuver		b
Cutthroat Negotiator		ur
Cutthroat il-Dal		b
Cyan, Vengeful Samurai		w
Cyber Conversion		u
Cyberdrive Awakener		u
Cyberman Patrol		
Cybermat		
Cybermen Squadron		
Cybernetica Datasmith		ub
Cybership		
Cycle of Life		g
Cycle of Renewal		g
Cyclical Evolution		g
Cyclone		g
Cyclone Sire		u
Cyclone Summoner		u
Cyclonic Rift		u
Cyclonus, Cybertronian Fighter		ub
Cyclonus, Cybertronian Fighter // Cyclonus, the Saboteur		ub
Cyclonus, the Saboteur		ub
Cyclonus, the Saboteur // Cyclonus, Cybertronian Fighter		ub
Cyclopean Giant		b
Cyclopean Mummy		b
Cyclopean Snare		
Cyclopean Titan		b
Cyclopean Tomb		
Cyclops Electromancer		r
Cyclops Gladiator		r
Cyclops Superconductor		ur
Cyclops Tyrant		r
Cyclops of Eternal Fury		r
Cyclops of One-Eyed Pass		r
Cylian Elf		g
Cylian Sunsinger		wrg
Cynette, Jelly Drover		u
Cynical Loner		b
Cystbearer		g
Cytoplast Manipulator		u
Cytoplast Root-Kin		g
Cytoshape		ug
Cytospawn Shambler		g
Círdan the Shipwright		ug
D'Avenant Archer		w
D'Avenant Healer		w
D'Avenant Trapper		w
D00-DL, Caricaturist		
Dack Fayden		ur
Dack's Duplicate		ur
Daemogoth Titan		bg
Daemogoth Woe-Eater		bg
Dagger Caster		r
Dagger of the Worthy		
Daggerback Basilisk		g
Daggerclaw Imp		b
Daggerdrome Imp		b
Daggerfang Duo		b
Daggermaw Megalodon		u
Daggersail Aeronaut		r
Daghatar the Adamant		wbg
Dai Li Agents		bg
Dai Li Censor		b
Dai Li Indoctrination		b
Daily Bugle Building	wubrgc	
Daily Bugle Newspaper		
Daily Bugle Reporters		w
Daily Regimen		w
Dairy Cow		g
Dakkon Blackblade		wub
Dakkon Blackblade Avatar		
Dakkon, Shadow Slayer		wub
Dakmor Bat		b
Dakmor Ghoul		b
Dakmor Lancer		b
Dakmor Plague		b
Dakmor Salvage	b	
Dakmor Scorpion		b
Dakmor Sorceress		b
Dakra Mystic		u
Dalakos, Crafter of Wonders	c	ur
Dalek Drone		b
Dalek Intensive Care		
Dalek Squadron		b
Dalkovan Encampment	w	w
Dalkovan Outrider		br
Dalkovan Packbeasts		w
Damage Control Crew		g
Damia, Sage of Stone		ubg
Damn		wb
Damnable Pact		b
Damnation		b
Damning Verdict		w
Damocles Base, Sword of Kang		b
Dampen Thought		u
Dampening Pulse		u
Damping Engine		
Damping Field		w
Damping Matrix		
Damping Sphere		c
Dan Lewis		r
Dan, Shrewd Trader		b
Dance of Flame		
Dance of Many		u
Dance of Panic		
Dance of Shadows		b
Dance of the Dead		b
Dance of the Manse		wu
Dance of the Skywise		u
Dance of the Tumbleweeds		g
Dance with Calamity		r
Dance with Devils		r
Dance, Pathetic Marionette		
Dancer's Chakrams		w
Dancing Scimitar		
Dancing Sword		w
Dandân		u
Dangerous		rg
Dangerous // Armed		rg
Dangerous Wager		r
Danitha Capashen, Paragon		w
Danitha, Benalia's Hope		w
Danitha, New Benalia's Light		wg
Danny Pink		u
Danse Macabre		b
Dapper Shieldmate		w
Daraja Griffin		w
Darba		g
Daredevil Dragster		
Daredevil's Billy Club		r
Daredevil, Fearless Fighter		r
Daredevil, Man Without Fear		wr
Daretti, Ingenious Iconoclast		br
Daretti, Rocketeer Engineer		r
Daretti, Scrap Savant		r
Dargo, the Shipwrecker		r
Darien, King of Kjeldor		w
Darigaaz Reincarnated		brg
Darigaaz's Attendant	brg	
Darigaaz's Caldera	brg	
Darigaaz's Charm		brg
Darigaaz's Whelp		br
Darigaaz, Shivan Champion		brg
Darigaaz, the Igniter		brg
Daring Apprentice		u
Daring Archaeologist		w
Daring Buccaneer		r
Daring Demolition		b
Daring Discovery		r
Daring Escape		r
Daring Fiendbonder		b
Daring Leap		wu
Daring Mechanic		w
Daring Piracy		r
Daring Saboteur		u
Daring Skyjek		w
Daring Sleuth		u
Daring Sleuth // Bearer of Overwhelming Truths		u
Daring Thief		u
Daring Thunder-Thief		u
Daring Waverider		u
Dark Apostle		r
Dark Banishing		b
Dark Bargain		b
Dark Betrayal		b
Dark Confidant		b
Dark Dabbling		b
Dark Deal		b
Dark Deed		b
Dark Depths		
Dark Endurance		b
Dark Favor		b
Dark Fortress	brc	
Dark Hatchling		b
Dark Heart of the Wood		bg
Dark Impostor		b
Dark Inquiry		b
Dark Intimations		ubr
Dark Knight's Greatsword		b
Dark Leo // Shredder		wb
Dark Maze		u
Dark Nourishment		b
Dark Offering		b
Dark Petition	b	b
Dark Privilege		b
Dark Prophecy		b
Dark Remedy		b
Dark Revenant		b
Dark Ritual	b	b
Dark Salvation		b
Dark Sphere		
Dark Supplicant		b
Dark Suspicions		b
Dark Temper		r
Dark Triumph		b
Dark Tutelage		b
Dark Wings Bring Your Downfall		
Dark Withering		b
Dark-Dweller Oracle		r
Darkblade Agent		ub
Darkblast		b
Darkbore Pathway	bg	
Darkbore Pathway // Slitherbore Pathway	bg	
Darkest Hour		b
Darkheart Sliver		bg
Darkling Stalker		b
Darklit Gargoyle		wb
Darkmoss Bridge	bg	
Darkness		b
Darkness Descends		b
Darkpact		b
Darkslick Drake		u
Darkslick Shores	ub	
Darkstar Augur		b
Darkstar Banisher		wb
Darksteel Angel		
Darksteel Axe		
Darksteel Brute		
Darksteel Citadel	c	
Darksteel Colossus		
Darksteel Forge		
Darksteel Gargoyle		
Darksteel Garrison		
Darksteel Hydra		wbg
Darksteel Ingot	wubrg	
Darksteel Juggernaut		
Darksteel Monolith		
Darksteel Mutation		w
Darksteel Myr		
Darksteel Pendant		
Darksteel Plate		
Darksteel Reactor		
Darksteel Relic		
Darksteel Sentinel		
Darksteel Splicer		w
Darkthicket Wolf		g
Darkwatch Elves		g
Darkwater Catacombs	ub	
Darkwater Egg	ub	
Darling of the Masses		wg
Dart Throw		
Darting Merfolk		u
Daru Cavalier		w
Daru Encampment	c	w
Daru Healer		w
Daru Lancer		w
Daru Mender		w
Daru Sanctifier		w
Daru Spiritualist		w
Daru Stinger		w
Daru Warchief		w
Darwin, Adaptive Mutant		g
Dash Hopes		b
Dashing Bloodsucker		b
Daughter of Autumn		wg
Daughter of the Deep		u
Daunting Defender		w
Dauntless Aven		w
Dauntless Avenger		w
Dauntless Avenger // Bereaved Survivor		w
Dauntless Bodyguard		w
Dauntless Cathar		w
Dauntless Dismantler		w
Dauntless Dourbark		g
Dauntless Escort		wg
Dauntless Escort Avatar		
Dauntless Onslaught		w
Dauntless River Marshal		wu
Dauntless Scrapbot		
Dauntless Survivor		g
Dauntless Unity		w
Dauntless Veteran		w
Dauthi Cutthroat		b
Dauthi Embrace		b
Dauthi Ghoul		b
Dauthi Horror		b
Dauthi Jackal		b
Dauthi Marauder		b
Dauthi Mercenary		b
Dauthi Mindripper		b
Dauthi Slayer		b
Dauthi Trapper		b
Dauthi Voidwalker		b
Dauthi Warlord		b
Davriel's Shadowfugue		b
Davriel's Withering		b
Davriel, Rogue Shadowmage		b
Davriel, Soul Broker		b
Davros, Dalek Creator		ubr
Davvol's Birthdaymobile		b
Dawn		w
Dawn // Dusk		w
Dawn Charm		w
Dawn Elemental		w
Dawn Evangel		w
Dawn Gryff		w
Dawn of Hope		w
Dawn of a New Age		w
Dawn of the Dead		b
Dawn to Dusk		w
Dawn's Light Archer		g
Dawn's Reflection	wubrg	g
Dawn's Truce		w
Dawn-Blessed Pennant		
Dawnbreak Reclaimer		w
Dawnbringer Charioteers		w
Dawnbringer Cleric		w
Dawnfeather Eagle		w
Dawnfluke		w
Dawnglade Regent		g
Dawnglare Invoker		w
Dawnglow Infusion		wg
Dawnhand Dissident		b
Dawnhand Eulogist		b
Dawnhart Disciple		g
Dawnhart Geist		w
Dawnhart Mentor		g
Dawnhart Rejuvenator	wubrg	g
Dawnhart Wardens		wg
Dawning Angel		w
Dawning Purist		w
Dawnray Archer		wu
Dawnsire, Sunstar Dreadnought		
Dawnstrider		g
Dawnstrike Paladin		w
Dawnstrike Vanguard		w
Dawntreader Elk		g
Dawnwing Marshal		w
Daxiver, Izzet Electromancer	wubrg	ur
Daxos of Meletis		wu
Daxos the Returned		wb
Daxos's Torment		b
Daxos, Blessed by the Sun		w
Day		wb
Day // Night		wb
Day of Black Sun		b
Day of Destiny		w
Day of Judgment		w
Day of the Dragons		u
Day of the Moon		r
Day's Undoing		u
Daybreak Chaplain		w
Daybreak Charger		w
Daybreak Chimera		w
Daybreak Combatants		r
Daybreak Coronet		w
Daybreak Ranger		rg
Daybreak Ranger // Nightfall Predator		rg
Daydream		w
Daysquad Marshal		w
Daze		u
Dazzling Angel		w
Dazzling Beauty		w
Dazzling Denial		u
Dazzling Flameweaver		br
Dazzling Lights		u
Dazzling Ramparts		w
Dazzling Reflection		w
Dazzling Sphinx		u
Dazzling Theater		w
Dazzling Theater // Prop Room		w
Dead		r
Dead // Gone		r
Dead Before Sunrise		r
Dead Drop		b
Dead Man's Chest		b
Dead Reckoning		b
Dead Reveler		b
Dead Revels		b
Dead Ringers		b
Dead Weight		b
Dead of Winter		b
Dead-Iron Sledge		
Deadapult		r
Deadbeat Attendant		b
Deadbridge Chant		bg
Deadbridge Goliath		g
Deadbridge Shaman		b
Deadeye Brawler		ub
Deadeye Duelist		r
Deadeye Harpooner		w
Deadeye Navigator		u
Deadeye Plunderers		ub
Deadeye Quartermaster		u
Deadeye Rig-Hauler		u
Deadeye Tormentor		b
Deadeye Tracker		b
Deadfall		g
Deadhead		b
Deadlock Trap		
Deadly Alliance		b
Deadly Allure		bg
Deadly Brew		bg
Deadly Complication		br
Deadly Cover-Up		b
Deadly Dancer	r	r
Deadly Dancer // Alluring Suitor	r	r
Deadly Derision		b
Deadly Designs		b
Deadly Dispute		b
Deadly Embrace		b
Deadly Grub		b
Deadly Insect		g
Deadly Plot		b
Deadly Poison Sampler		
Deadly Precision		b
Deadly Recluse		g
Deadly Riposte		w
Deadly Rollick		b
Deadly Tempest		b
Deadly Vanity		wb
Deadly Vanity // Selfless Glyphweaver		wb
Deadly Visit		b
Deadly Wanderings		b
Deadpool, Trading Card		br
Deadshot		r
Deadshot Minotaur		rg
Deadwood Treefolk		g
Deafening Clarion		wr
Deafening Silence		w
Deal Broker		
Deal Damage		r
Deal Gone Bad		b
Dearly Departed		w
Death		bg
Death // Life		bg
Death Baron		b
Death Begets Life		ubg
Death Bomb		b
Death Charmer		b
Death Cloud		b
Death Cultist		b
Death Denied		b
Death Frenzy		bg
Death Grasp		wb
Death Kiss		r
Death Match		b
Death Mutation		bg
Death Pit Offering		b
Death Pits of Rath		b
Death Pulse		b
Death Rattle		b
Death Spark		r
Death Speakers		w
Death Stroke		b
Death Tyrant		b
Death Ward		w
Death Watch		b
Death Wind		b
Death Wish		b
Death by Dragons		r
Death in Heaven		b
Death in the Family		b
Death of a Thousand Stings		b
Death or Glory		w
Death to Our Enemies		r
Death's Approach		b
Death's Caress		b
Death's Duet		b
Death's Oasis		wbg
Death's Presence		g
Death's Shadow		b
Death's-Head Buzzard		b
Death-Greeter's Champion		r
Death-Hood Cobra		g
Death-Mask Duplicant		
Death-Priest of Myrkul		b
Death-Rattle Oni		b
Deathbellow Raider		br
Deathbellow War Cry		r
Deathbloom Gardener	wubrg	g
Deathbloom Ritualist	wubrg	bg
Deathbloom Thallid		b
Deathbonnet Hulk		g
Deathbonnet Hulk // Deathbonnet Sprout		g
Deathbonnet Sprout		g
Deathbonnet Sprout // Deathbonnet Hulk		g
Deathbringer Liege		wb
Deathbringer Regent		b
Deathbringer Thoctar		br
Deathcap Cultivator	bg	g
Deathcap Glade	bg	
Deathcap Marionette		b
Deathcoil Wurm		g
Deathcult Rogue		ub
Deathcurse Ogre		b
Deathforge Shaman		r
Deathgaze Cockatrice		b
Deathgazer		b
Deathgorge Scavenger		g
Deathgreeter		b
Deathgrip		b
Deathknell Berserker		b
Deathknell Kami		b
Deathlace		b
Deathleaper, Terror Weapon		rg
Deathless Ancient		b
Deathless Angel		w
Deathless Behemoth		
Deathless Knight		bg
Deathless Pilot		b
Deathly Ride		b
Deathly Ride // Fell Horseman		b
Deathmark		b
Deathmark Prelate		b
Deathmask Nezumi		b
Deathmist Raptor		g
Deathpact Angel		wb
Deathreap Ritual		bg
Deathrender		
Deathrite Shaman	wubrg	bg
Deathspore Thallid		b
Deathsprout		bg
Deb Thomas		r
Debilitating Injury		b
Debris Beetle		bg
Debris Field Crusher		r
Debt of Loyalty		w
Debt to the Deathless		wb
Debt to the Kami		b
Debtor's Pulpit		w
Debtors' Knell		wb
Debtors' Transport		b
Decadent Dragon		br
Decadent Dragon // Expensive Taste		br
Decanter of Endless Water	wubrg	
Decaying Soil		b
Decaying Time Loop		r
Deceit		ub
Deceive the Messenger		u
Deceiver Exarch		u
Deceiver of Form		c
Deception		b
Deceptive Divination		
Deceptive Frostkite		u
Deceptive Landscape	c	wbg
Decimate		rg
Decimator Beetle		bg
Decimator Web		
Decimator of the Provinces		g
Decision Paralysis		u
Decisions, Decisions		u
Decisive Denial		ug
Declaration in Stone		w
Declaration of Naught		u
Declare Dominance		g
Decoction Module		
Decode Transmissions		b
Decommission		w
Decompose		b
Decomposition		g
Deconstruct	g	g
Deconstruction Hammer		w
Decorated Champion		g
Decorated Griffin		w
Decorated Knight		u
Decorated Knight // Present Arms		u
Decorum Dissertation		b
Decoy Gambit		u
Decoy Ploy		b
Decree of Annihilation		r
Decree of Justice		w
Decree of Pain		b
Decree of Savagery		g
Decree of Silence		u
Dedicated Dollmaker		w
Dedicated Martyr		w
Deduce		u
Dee Kay, Finder of the Lost		ub
Deekah, Fractal Theorist		u
Deem Inferior		u
Deem Worthy		r
Deep Analysis		u
Deep Dish Pizza		
Deep Forest Hermit		g
Deep Freeze		u
Deep Gnome Terramancer		w
Deep Goblin Skulltaker		b
Deep Reconnaissance		g
Deep Sight		ug
Deep Sight // Tam, Observant Sequencer		ug
Deep Spawn		u
Deep Water		u
Deep Wood		g
Deep-Cavern Bat		b
Deep-Fried Plague Myr		
Deep-Sea Kraken		u
Deep-Sea Serpent		u
Deep-Sea Terror		u
Deep-Slumber Titan		r
Deepcavern Imp		b
Deepchannel Duelist		wu
Deepchannel Mentor		u
Deepfathom Echo		ug
Deepfathom Skulker		uc
Deepfire Elemental		br
Deepglow Skate		u
Deepmuck Desperado		u
Deeproot Champion		g
Deeproot Elite		g
Deeproot Historian		g
Deeproot Pilgrimage		u
Deeproot Warrior		g
Deeproot Waters		u
Deeproot Wayfinder		g
Deeptread Merrow		u
Deepwater Hypnotist		u
Deepway Navigator		wu
Deepwood Denizen		g
Deepwood Drummer		g
Deepwood Elder		g
Deepwood Ghoul		b
Deepwood Legate		b
Deepwood Tantiv		g
Deepwood Wolverine		g
Deer-Dog		r
Defabricate		u
Deface		r
Defaced Gallery		r
Defaced Gallery // Painter's Studio		r
Defacing Duskmage		wb
Defacing Duskmage // Vandal's Edit		wb
Defang		w
Defeat		b
Defective Detective		u
Defend the Campus		w
Defend the Celestus		g
Defend the Hearth		g
Defend the Rider		g
Defender en-Vec		w
Defender of Chaos		r
Defender of Law		w
Defender of the Order		w
Defender of the Queue		w
Defenders of Humanity		w
Defenestrate		b
Defenestrated Phantom		w
Defense Grid		
Defense of the Heart		g
Defensive Formation		w
Defensive Maneuvers		w
Defensive Stance		u
Defiant Bloodlord		b
Defiant Elf		g
Defiant Falcon		w
Defiant Greatmaw		g
Defiant Khenra		r
Defiant Ogre		r
Defiant Salvager		b
Defiant Stand		w
Defiant Strike		w
Defiant Survivor		g
Defiant Thundermaw		r
Defiant Thundermaw // Invasion of Tarkir		r
Defiant Vanguard		w
Defibrillating Current		wbr
Defile		b
Defiled Crypt		b
Defiled Crypt // Cadaver Lab		b
Defiler of Dreams		u
Defiler of Faith		w
Defiler of Flesh		b
Defiler of Instinct		r
Defiler of Souls		br
Defiler of Vigor		g
Defiling Daemogoth		b
Defiling Tears		b
Definitely Not a Turtle		
Deflecting Palm		wr
Deflecting Swat		r
Deflection		u
Defossilize		b
Deft Dismissal		w
Deft Duelist		wu
Deftblade Elite		w
Defy Death		w
Defy Gravity		u
Dega Disciple		wbr
Dega Sanctuary		w
Degavolver		wbr
Deglamer		g
Dehydration		u
Deicide		w
Deification		w
Deity of Scars		bg
Delay		u
Delayed Blast Fireball		r
Delaying Shield		w
Delete		r
Deliberate		u
Delif's Cone		
Delif's Cube		
Delight in the Hunt		
Delighted Halfling	wubrgc	g
Delighted Killbot		
Delightful Discovery		u
Delina, Wild Mage		r
Delirium		br
Delirium Skeins		b
Deliver		wu
Deliver // Stand		wu
Deliver Unto Evil		b
Delivery Moogle		w
Delney, Streetwise Lookout		w
Delphia, Undecided		wubrg
Delraich		b
Delta Bloodflies		b
Deluge		u
Deluge Virtuoso		u
Deluge of Doom		b
Deluge of the Dead		b
Deluge of the Dead // Invasion of Innistrad		b
Delusions of Mediocrity		u
Deluxe Dragster		u
Delve too Deep		b
Delver of Secrets		u
Delver of Secrets // Insectile Aberration		u
Delver's Torch		w
Demand		wug
Demand // Supply		wug
Demand Answers		r
Demanding Dragon		r
Dematerialize		u
Dementia Bat		b
Dementia Sliver		ub
Demigod of Revenge		br
Demilich		u
Demogorgon's Clutches		b
Demolish		r
Demolisher Spawn		g
Demolition Field	c	
Demolition Stomper		
Demon Bolt		r
Demon Detective		b
Demon Wall		b
Demon of Catastrophes		b
Demon of Dark Schemes		b
Demon of Death's Gate		b
Demon of Fate's Design		b
Demon of Loathing		b
Demon of Wailing Agonies		b
Demon's Disciple		b
Demon's Due		b
Demon's Grasp		b
Demon's Herald		b
Demon's Horn		
Demon's Jester		b
Demon-Possessed Witch		b
Demon-Possessed Witch // Kindly Stranger		b
Demonfire		r
Demonic Appetite		b
Demonic Attorney		b
Demonic Bargain		b
Demonic Collusion		b
Demonic Consultation		b
Demonic Counsel		b
Demonic Covenant		b
Demonic Dread		br
Demonic Embrace		b
Demonic Gifts		b
Demonic Hordes		b
Demonic Junker		b
Demonic Lore		b
Demonic Pact		b
Demonic Rising		b
Demonic Ruckus		r
Demonic Stench		b
Demonic Stench // Hezrou		b
Demonic Taskmaster		b
Demonic Torment		b
Demonic Tourist Laser		
Demonic Tutor		b
Demonic Tutor // Emeritus of Woe		b
Demonic Vigor		b
Demonlord Belzenlok		b
Demonlord of Ashmouth		b
Demonmail Hauberk		
Demonspine Whip		br
Demoralize		r
Demotion		w
Demystify		w
Den Protector		g
Den of the Bugbear	r	r
Denethor, Ruling Steward		wb
Denethor, Stone Seer		ur
Denied!		u
Denizen of the Deep		u
Dennick, Pious Apparition		wu
Dennick, Pious Apparition // Dennick, Pious Apprentice		wu
Dennick, Pious Apprentice		wu
Dennick, Pious Apprentice // Dennick, Pious Apparition		wu
Denry Klin, Editor in Chief		wu
Dense Canopy		g
Dense Foliage		g
Deny Entry		u
Deny Existence		u
Deny Reality		ub
Deny the Divine		u
Deny the Witch		wub
Denying Wind		u
Depala, Pilot Exemplar		wr
Depart the Realm		u
Departed Deckhand		u
Departed Soulkeeper		wu
Departed Soulkeeper // Devoted Grafkeeper		wu
Dependable Quinjet	wubrg	
Deploy		wu
Deploy // Depose		wu
Deploy the Gatewatch		w
Deploy to the Front		w
Depopulate		w
Depose		wu
Depose // Deploy		wu
Depower		u
Depraved Harvester		b
Depraved Harvester // Desperate Farmer		b
Depressurize		b
Deprive		u
Depth Charge Colossus		u
Depth Defiler		uc
Depths of Desire		u
Depthshaker Titan		r
Deputized Protester		r
Deputy of Acquittals		wu
Deputy of Detention		wu
Deranged Assistant	c	u
Deranged Hermit		g
Deranged Outcast		g
Deranged Whelp		r
Derelict Attic		b
Derelict Attic // Widow's Walk		b
Derelor		b
Derevi, Empyrial Tactician		wug
Dermoplasm		u
Dermotaxi		
Descend on the Prey		
Descend upon the Sinful		w
Descendant of Kiyomaro		w
Descendant of Masumaro		g
Descendant of Soramaro		u
Descendant of Storms		w
Descendants' Fury		r
Descendants' Path		g
Descent into Avernus		r
Descent into Madness		b
Descent of the Dragons		r
Desculpting Blast		u
Desdemona, Freedom's Edge		wr
Desecrate Reality		
Desecrated Earth		b
Desecrated Tomb		
Desecration Demon		b
Desecration Elemental		b
Desecration Plague		g
Desecrator Hag		bg
Desert	c	
Desert Cenote	c	
Desert Cerodon		r
Desert Drake		r
Desert Nomads		r
Desert Sandstorm		r
Desert Twister		g
Desert Warfare		g
Desert of the Fervent	r	r
Desert of the Glorified	b	b
Desert of the Indomitable	g	g
Desert of the Mindful	u	u
Desert of the True	w	w
Desert's Due		b
Desert's Hold		w
Deserted Beach	wu	
Deserted Temple	c	
Deserter's Disciple		r
Deserter's Quarters		
Desertion		u
Desiccated Naga		b
Desist		wbg
Desist // Cease		wbg
Desmond Miles		b
Desolate Lighthouse	c	ur
Desolate Mire	wb	
Desolation		b
Desolation Angel		wb
Desolation Giant		wr
Desolation Twin		
Desolation of Smaug	wubrg	r
Despair		bg
Despair // Driven		bg
Despark		wb
Desperate Bloodseeker		b
Desperate Castaways		b
Desperate Charge		b
Desperate Farmer		b
Desperate Farmer // Depraved Harvester		b
Desperate Gambit		r
Desperate Lunge		w
Desperate Measures		b
Desperate Parry		u
Desperate Parry // Obyra's Attendants		u
Desperate Plea		b
Desperate Ravings		ur
Desperate Research		b
Desperate Ritual	r	r
Desperate Sentry		w
Desperate Stand		wr
Despise		b
Despoil		b
Despoiler of Souls		b
Despondency		b
Despondent Killbot		
Despotic Scepter		
Destined		bg
Destined // Lead		bg
Destined Confrontation		w
Destiny Spinner		g
Destroy Evil		w
Destroy the Evidence		b
Destructive Digger		r
Destructive Flow		brg
Destructive Force		r
Destructive Revelry		rg
Destructive Tampering		r
Destructive Urge		r
Destructor Dragon		g
Desynchronization		u
Desynchronize		u
Detained by Legionnaires		w
Detainment Spell		w
Detection Tower	c	
Detective of the Month		u
Detective's Phoenix		r
Detective's Satchel		ur
Detention Chariot		w
Detention Sphere		wu
Detention Vortex		w
Determined		ubg
Determined // Bound		ubg
Determined Iteration		r
Detonate		r
Detritivore		r
Deus of Calamity		rg
Devastate		r
Devastating Dreams		r
Devastating Mastery		w
Devastating Onslaught		r
Devastating Summons		r
Devastation		r
Devastation Tide		u
Development		urg
Development // Research		urg
Deviant Glee		br
Deviant Skytech		u
Devil Dinosaur		g
Devil K. Nevil		r
Devil's Play		r
Devilish Valet		r
Devils' Playground		r
Devilthorn Fox		w
Devious Cover-Up		u
Devkarin Dissident		g
Devoted Abzan		b
Devoted Caretaker		w
Devoted Crop-Mate		w
Devoted Druid	g	g
Devoted Duelist		r
Devoted Grafkeeper		wu
Devoted Grafkeeper // Departed Soulkeeper		wu
Devoted Hero		w
Devoted Jeskai		u
Devoted Mardu		wbr
Devoted Paladin		w
Devoted Retainer		w
Devoted Sultai		g
Devoted Temur		r
Devotee of Strength		g
Devour Flesh		b
Devour Intellect		b
Devour in Flames		r
Devour in Shadow		b
Devourer of Destiny		c
Devourer of Memory		ub
Devouring Deep		u
Devouring Greed		b
Devouring Hellion		r
Devouring Light		w
Devouring Rage		r
Devouring Strossus		b
Devouring Sugarmaw		wb
Devouring Sugarmaw // Have for Dinner		wb
Devouring Swarm		b
Devouring Tendrils		g
Devout Chaplain		w
Devout Decree		w
Devout Harpist		w
Devout Invocation		w
Devout Lightcaster		w
Devout Monk		w
Devout Witness		w
Dewdrop Cure		w
Dewdrop Spy		u
Dhund Operative		b
Diabolic Edict		b
Diabolic Intent		b
Diabolic Machine		
Diabolic Revelation		b
Diabolic Servitude		b
Diabolic Tutor		b
Diabolic Vision		ub
Diabolical Salvation	wubrg	r
Dialogue Tree		u
Diamond City	c	
Diamond Faerie		wug
Diamond Faerie Avatar		
Diamond Kaleidoscope	wubrg	
Diamond Knight		
Diamond Lion	wubrg	
Diamond Mare		
Diamond Pick-Axe		r
Diamond Valley		
Diamond Weapon		g
Diaochan, Artful Beauty		r
Diary of Dreams		
Dichotomancy		u
Dictate of Erebos		b
Dictate of Heliod		w
Dictate of Karametra	wubrg	g
Dictate of Kruphix		u
Dictate of the Twin Gods		r
Dictation Quillograph		
Didact Echo		u
Didgeridoo		
Didn't Say Please		u
Die Young		b
Diffusion Sliver		u
Dig Deep		g
Dig Deep // Colossal Badger		g
Dig Site Inventory		w
Dig Through Time		u
Dig Up		bg
Dig Up the Body		b
Digsite Conservator		
Digsite Engineer		w
Dihada's Ploy		ub
Dihada, Binder of Wills		wbr
Diligent Excavator		u
Diligent Farmhand		g
Diligent Zookeeper		g
Diluvian Primordial		u
Dim Oubliette		b
Dim Oubliette // Polluted Cistern		b
Dimension X	wr	
Dimension X Pizzasaur		b
Dimensional Breach		w
Dimensional Exile		w
Dimensional Infiltrator		uc
Diminish		u
Diminished Returner		b
Diminisher Witch		u
Diminishing Returns		u
Dimir Aqueduct	ub	
Dimir Charm		ub
Dimir Cluestone	ub	ub
Dimir Cutpurse		ub
Dimir Doppelganger		ub
Dimir Guildgate	ub	
Dimir Guildmage		ub
Dimir House Guard		b
Dimir Infiltrator		ub
Dimir Informant		u
Dimir Keyrune	ub	ub
Dimir Locket	ub	ub
Dimir Machinations		b
Dimir Signet	ub	
Dimir Spybug		ub
Dimir Strandcatcher		ub
Din of the Fireherd		br
Dina's Guidance		bg
Dina, Essence Brewer		bg
Dina, Soul Steeper		bg
Dingus Egg		
Dingus Staff		
Dining Room	rg	
Dino DNA		
Dinosaur Egg		g
Dinosaur Headdress		
Dinosaur Headdress // Paleontologist's Pick-Axe		
Dinosaur Hunter		b
Dinosaur Stampede		r
Dinosaurs on a Spaceship		wr
Dinotomaton		r
Dinrova Horror		ub
Dion, Bahamut's Dominant		w
Dion, Bahamut's Dominant // Bahamut, Warden of Light		w
Dionus, Elvish Archdruid		g
Diplomacy of the Wastes		b
Diplomatic Escort		u
Diplomatic Immunity		u
Diplomatic Relations		g
Dire Blunderbuss		r
Dire Blunderbuss // Dire Flail		r
Dire Downdraft		u
Dire Flail		r
Dire Flail // Dire Blunderbuss		r
Dire Fleet Captain		br
Dire Fleet Daredevil		r
Dire Fleet Hoarder		b
Dire Fleet Interloper		b
Dire Fleet Neckbreaker		br
Dire Fleet Poisoner		b
Dire Fleet Ravager		b
Dire Fleet Warmonger		br
Dire Mimic	wubrg	
Dire Tactics		wb
Dire Undercurrents		ub
Dire Wolf Prowler		g
Dire Wolves		g
Dire-Strain Anarchist		r
Dire-Strain Anarchist // Volatile Arsonist		r
Dire-Strain Brawler		g
Dire-Strain Brawler // Tireless Hauler		g
Dire-Strain Demolisher		g
Dire-Strain Demolisher // Burly Breaker		g
Dire-Strain Rampage		rg
Direct Current		r
Director Nick Fury		wur
Diregraf Captain		ub
Diregraf Colossus		b
Diregraf Escort		g
Diregraf Ghoul		b
Diregraf Horde		b
Diregraf Rebirth		bg
Diregraf Scavenger		b
Diresight		b
Dirge Bat		b
Dirge of Dread		b
Dirgur Focusmage		u
Dirgur Focusmage // Braingeyser		u
Dirgur Island Dragon		u
Dirgur Island Dragon // Skimming Strike		u
Dirgur Nemesis		u
Dirtcowl Wurm		g
Dirtwater Wraith		b
Dirty		bg
Dirty // Down		bg
Dirty Rat		b
Dirty Wererat		b
Disa the Restless		brg
Disallow		u
Disappear		u
Disappearing Act		u
Disarm		u
Disaster Radius		r
Discerning Financier		w
Discerning Peddler		r
Discerning Taste		b
Disciple of Bolas		b
Disciple of Caelus Nin		w
Disciple of Deceit		ub
Disciple of Freyalise	g	g
Disciple of Freyalise // Garden of Freyalise	g	g
Disciple of Grace		w
Disciple of Griselbrand		b
Disciple of Kangee		wu
Disciple of Law		w
Disciple of Malice		b
Disciple of Perdition		b
Disciple of Phenax		b
Disciple of Tevesh Szat		b
Disciple of the Old Ways		rg
Disciple of the Ring		u
Disciple of the Sun		w
Disciple of the Vault		b
Disciples of Gix		b
Disciples of the Inferno		r
Disciples of the Inferno // Invasion of Regatha		r
Disciplined Duelist		wug
Discombobulate		u
Discontinuity		u
Discord, Lord of Disharmony		br
Discordant Dirge		b
Discordant Piper		b
Discordant Spirit		br
Discourtesy Clerk		b
Discover the Formula		u
Discover the Impossible		u
Discovery		ub
Discovery // Dispersal		ub
Discreet Retreat	wubrg	b
Disdainful Stroke		u
Disease Carriers		b
Diseased Vermin		b
Disembowel		b
Disempower		w
Disemvowel		b
Disenchant		w
Disentomb		b
Disfigure		b
Disguise Agent		u
Disharmony		r
Disinformation Campaign		ub
Disintegrate		r
Dismal Backwater	ub	
Dismal Failure		u
Dismantle		r
Dismantling Blow		wu
Dismantling Wave		w
Dismember		b
Dismiss		u
Dismiss into Dream		u
Dismissive Denial		u
Dismissive Pyromancer		r
Disorder		r
Disorder in the Court		wu
Disorient		u
Disorienting Choice		g
Disorienting Glower		
Disowned Ancestor		b
Dispatch		w
Dispatch Dispensary		
Dispel		u
Dispeller's Capsule		w
Dispelling Exhale		u
Dispense Justice		w
Dispersal		ub
Dispersal // Discovery		ub
Dispersal Shield		u
Dispersal Technician		u
Disperse		u
Dispersing Orb		u
Displace		u
Displaced Dinosaurs		g
Displacement Wave		u
Displacer Beast		u
Displacer Kitten		u
Display of Dominance		g
Display of Power		r
Disposal Mummy		w
Dispossess		b
Disrupt		u
Disrupt Decorum		r
Disrupting Scepter		
Disrupting Shoal		u
Disruption Aura		u
Disruption Protocol		u
Disruptive Pitmage		u
Disruptive Stormbrood		bg
Disruptive Stormbrood // Petty Revenge		bg
Disruptive Student		u
Disruptor Flute		
Disruptor Wanderglyph		
Disruptor of Currents		u
Dissatisfied Customer		b
Dissection Practice		b
Dissection Tools		
Dissension in the Ranks		r
Dissenter's Deliverance		g
Dissipate		u
Dissipation Field		u
Dissolve		u
Dissonant Wave		g
Dissonant Wave // Emerald Dragon		g
Distant Melody		u
Distant Memories		u
Distemper of the Blood		r
Distended Mindbender		b
Distinguished Conjurer		w
Distorted Curiosity		u
Distorting Lens		
Distorting Wake		u
Distortion Strike		u
Distract the Guards		w
Distract the Hydra		
Distracted Botanist		bg
Distracting Geist		w
Distracting Geist // Clever Distraction		w
Distress		b
District Guide		g
District Mascot		g
Disturbed Burial		b
Disturbed Slumber		g
Disturbing Conversion		u
Disturbing Mirth		br
Disturbing Plot		b
Dive Bomber		w
Dive Down		u
Divebomber Griffin		w
Diver Skaab		u
Divergent Equation		u
Divergent Growth	wubrg	g
Divergent Transformations		r
Diversion Specialist		r
Diversion Unit		u
Diversionary Tactics		w
Divert		u
Divert Disaster		u
Divest		b
Divide by Zero		u
Divination		u
Divine Arrow		w
Divine Congregation		w
Divine Deflection		w
Divine Favor		w
Divine Gambit		w
Divine Intervention		w
Divine Light		w
Divine Offering		w
Divine Presence		w
Divine Purge		w
Divine Reckoning		w
Divine Resilience		w
Divine Retribution		w
Divine Sacrament		w
Divine Smite		w
Divine Transformation		w
Divine Verdict		w
Divine Visitation		w
Diviner Spirit		u
Diviner of Fates		wub
Diviner of Mist		u
Diviner's Lockbox		
Diviner's Portent		u
Diviner's Wand		
Diving Griffin		w
Divining Dive		u
Divining Dive // Cunning Azurescale		u
Divining Witch		b
Divinity of Pride		wb
Division Table		
Dizzy Spell		u
Dizzying Gaze		r
Dizzying Swoop		w
Dizzying Swoop // Ardenvale Tactician		w
Djeru and Hazoret		wr
Djeru's Renunciation		w
Djeru's Resolve		w
Djeru, With Eyes Open		w
Djinn Illuminatus		ur
Djinn of Fool's Fall		u
Djinn of Infinite Deceits		u
Djinn of Wishes		u
Djinn of the Fountain		u
Djinn of the Lamp		u
Djinni Windseer		u
Do or Die		b
Do-It-Yourself Seraph		w
Do-Over		u
Doc Aurlock, Grizzled Genius		ug
Doc Ock's Henchmen		u
Doc Ock's Tentacles		
Doc Ock, Evil Inventor		ub
Doc Ock, Sinister Scientist		u
Doc Samson, Super Psychiatrist	wubrg	g
Docent of Perfection		u
Docent of Perfection // Final Iteration		u
Dockbreacher		u
Dockside Chef		b
Dockside Extortionist		r
Dockworker Drone		w
Doctor Doom		b
Doctor Doom, King of Latveria		ubr
Doctor Doom, Unrivaled		b
Doctor Jane Foster		w
Doctor Octopus, Master Planner		ub
Doctor Spectrum		w
Doctor Strange, Surgeon		w
Dodecapod		
Dodgy Jalopy		g
Does Machines		u
Dog Umbra		w
Dog Walker		wr
Dogged Detective		b
Dogged Hunter		w
Dogged Pursuit		b
Dogmeat, Ever Loyal		wrg
Dogpile		r
Dogsnail Engine		
Dokai, Weaver of Life		g
Dokai, Weaver of Life // Budoka Gardener		g
Dokuchi Shadow-Walker		b
Dokuchi Silencer		b
Dollhouse of Horrors		
Dollmaker's Shop		w
Dollmaker's Shop // Porcelain Gallery		w
Dolmen Gate		
Domesticated Hydra		g
Domesticated Mammoth		g
Domesticated Watercourse	ub	ub
Domestication		u
Dominaria's Judgment		w
Dominate		u
Dominating Licid		u
Dominating Vampire		r
Dominator Drone		b
Domineer		u
Domineering Will		u
Dominus of Fealty		ur
Domri Rade		rg
Domri's Ambush		rg
Domri's Nodorog		rg
Domri, Anarch of Bolas	rg	rg
Domri, Chaos Bringer	rg	rg
Domri, City Smasher		rg
Don // Leo, Problem Solvers		wu
Don // Raph, Hard Science		ur
Don Andres, the Renegade		ubr
Don't Blink		u
Don't Make a Sound		u
Don't Move		w
Don't Try This at Home		r
Don't Worry About It		ug
Donal, Herald of Wings		u
Donald Blake, Guise of Thor		w
Donate		u
Donatello's Science Lesson		u
Donatello's Technique		u
Donatello, Gadget Master		u
Donatello, Mutant Mechanic		u
Donatello, Rad Scientist		u
Donatello, Turtle Techie		u
Donatello, Way with Machines		u
Donatello, the Brains		u
Done		u
Done // Said		u
Done for the Day		g
Dong Zhou, the Tyrant		r
Donna Noble		r
Donnie // April, Adorkable Duo		u
Doom Blade		b
Doom Cannon		
Doom Foretold		wb
Doom Reigns Supreme		b
Doom Weaver		b
Doom Whisperer		b
Doom's Servo-Guards		b
Doom's Time Platform		
Doombot Harbinger		b
Doomed Artisan		w
Doomed Dissenter		b
Doomed Necromancer		b
Doomed Traveler		w
Doomfall		b
Doomgape		bg
Doomsday		b
Doomsday Confluence		b
Doomsday Excruciator		b
Doomsday Specter		ub
Doomskar		w
Doomskar Oracle		w
Doomskar Titan		r
Doomskar Warrior		g
Doomwake Giant		b
Door of Destinies		
Door to Nothingness		wubrg
Doorkeeper		u
Doorkeeper Thrull		w
Doorman		g
Doors of Durin		rg
Doppelgang		ug
Dora Milaje Elite		w
Doran, Besieged by Time		wbg
Doran, the Siege Tower		wbg
Dormant Gomazoa		u
Dormant Grove		g
Dormant Grove // Gnarled Grovestrider		g
Dormant Sliver		ug
Dormant Volcano	rc	
Dorothea's Retribution		wu
Dorothea's Retribution // Dorothea, Vengeful Victim		wu
Dorothea, Vengeful Victim		wu
Dorothea, Vengeful Victim // Dorothea's Retribution		wu
Dosan the Falling Leaf		g
Dosan's Oldest Chant		g
Dose of Dawnglow		b
Double Cleave		wr
Double Cross		b
Double Deal		r
Double Dip		w
Double Down		u
Double Header		u
Double Jump		ur
Double Jump // Flying Kick		ur
Double Major		ug
Double Negative		ur
Double Play		g
Double Stroke		
Double Take		u
Double Trouble		r
Double Vision		r
Doublecast		r
Doubling Chant		g
Doubling Cube		
Doubling Season		g
Doubtless One		w
Dour Port-Mage		u
Douse		u
Douse in Gloom		b
Douser of Lights		b
Dovescape		wu
Dovin Baan		wu
Dovin's Acuity		wu
Dovin's Automaton		
Dovin's Dismissal		wu
Dovin's Veto		wu
Dovin, Architect of Law		wu
Dovin, Grand Arbiter		wu
Dovin, Hand of Control		wu
Down		bg
Down // Dirty		bg
Down for Repairs		b
Downdraft		g
Downhill Charge		r
Downpour		u
Downsize		u
Downwind Ambusher		b
Dowsing Dagger	wubrg	
Dowsing Dagger // Lost Vale	wubrg	
Dowsing Device	r	r
Dowsing Device // Geode Grotto	r	r
Dowsing Shaman		g
Dr. Beverly Crusher		w
Dr. Eggman		ubr
Dr. Julius Jumblemorph		wg
Dr. Madison Li		wur
Drach'Nyen		br
Draco		
Dracogenesis		r
Draconautics Engineer		r
Draconian Cylix		
Draconian Gate-Bot		
Draconic Debut		r
Draconic Destiny		r
Draconic Disciple	wubrg	rg
Draconic Fealty		b
Draconic Intervention		r
Draconic Lore		u
Draconic Muralists		g
Draconic Roar		r
Dracoplasm		ur
Dracosaur Auxiliary		r
Drafna's Restoration		u
Drafna, Founder of Lat-Nam		u
Drag Down		b
Drag Under		u
Drag the Canal		ub
Drag to the Bottom		b
Drag to the Roots		bg
Drag to the Underworld		b
Dragon Appeasement		brg
Dragon Arch		
Dragon Bell Monk		w
Dragon Blood		
Dragon Breath		r
Dragon Broodmother		rg
Dragon Cultist		r
Dragon Egg		r
Dragon Engine		
Dragon Fangs		g
Dragon Fodder		r
Dragon Grip		r
Dragon Hatchling		r
Dragon Hunter		w
Dragon Mage		r
Dragon Man, Reformed Robot		wu
Dragon Mantle		r
Dragon Mask		
Dragon Moose		r
Dragon Roost		r
Dragon Scales		w
Dragon Shadow		b
Dragon Sniper		g
Dragon Tempest		r
Dragon Throne of Tarkir		
Dragon Trainer		r
Dragon Turtle		u
Dragon Typhoon		r
Dragon Tyrant		r
Dragon Whelp		r
Dragon Whisperer		r
Dragon Wings		u
Dragon's Approach		r
Dragon's Claw		
Dragon's Desire	r	r
Dragon's Disciple		w
Dragon's Eye Savants		u
Dragon's Eye Sentry		w
Dragon's Fire		r
Dragon's Herald		r
Dragon's Hoard	wubrg	
Dragon's Presence		w
Dragon's Prey		b
Dragon's Rage Channeler		r
Dragon-Cursed Halls	c	
Dragon-Kami's Egg		g
Dragon-Kami's Egg // The Dragon-Kami Reborn		g
Dragon-Scarred Bear		g
Dragon-Style Twins		r
Dragonback Assault		urg
Dragonback Lancer		w
Dragonblood Twins		r
Dragonborn Champion		rg
Dragonborn Immolator		r
Dragonborn Looter		u
Dragonbroods' Relic	wubrg	wubrg
Dragonclaw Strike		urg
Dragonfire Blade		
Dragonfly Pilot		w
Dragonfly Suit		w
Dragonfly Swarm		ur
Dragonhawk, Fate's Tempest		r
Dragonkin Berserker		r
Dragonlair Spider		rg
Dragonloft Idol		
Dragonlord Atarka		rg
Dragonlord Dromoka		wg
Dragonlord Kolaghan		br
Dragonlord Ojutai		wu
Dragonlord Silumgar		ub
Dragonlord's Prerogative		u
Dragonlord's Servant		r
Dragonmaster Outcast		r
Dragonologist		u
Dragonrage	r	r
Dragonscale Boon		g
Dragonscale General		w
Dragonsguard Elite		g
Dragonshift		ur
Dragonskull Summit	br	
Dragonsoul Knight		wubrg
Dragonsoul Prodigy		r
Dragonspark Reactor		r
Dragonspeaker Shaman		r
Dragonstalker		w
Dragonstorm		r
Dragonstorm Forecaster		u
Dragonstorm Globe	wubrg	
Dragonweave Tapestry	wubrg	
Dragonwing Glider		r
Dragoon's Lance		w
Dragoon's Wyvern		u
Drain Life		b
Drain Power		u
Drain the Well		bg
Draining Whelk		u
Drainpipe Vermin		b
Drake Familiar		u
Drake Hatcher		u
Drake Hatchling		u
Drake Haven		u
Drake Umbra		u
Drake with Set's Mechanic		u
Drake-Skull Cameo	ub	
Drakestown Forgotten		b
Drakewing Krasis		ug
Drakuseth, Maw of Flames		r
Dralnu's Crusade		br
Dralnu's Pet		ub
Dralnu, Lich Lord		ub
Dramatic Accusation		u
Dramatic Entrance		g
Dramatic Finale		wb
Dramatic Rescue		wu
Dramatic Reversal		u
Dramatist's Puppet		
Drana and Linvala		wb
Drana's Chosen		b
Drana's Emissary		wb
Drana's Silencer		b
Drana, Kalastria Bloodchief		b
Drana, Liberator of Malakir		b
Drana, the Last Bloodchief		b
Drannith Healer		w
Drannith Magistrate		w
Drannith Ruins	c	
Drannith Stinger		r
Drastic Revelation		ubr
Draugr Necromancer		b
Draugr Recruiter		b
Draugr Thought-Thief		u
Draugr's Helm		b
Draw Team Lines		w
Drawn Together		w
Drawn from Dreams		u
Dread		b
Dread Cacodemon		b
Dread Charge		b
Dread Defiler		bc
Dread Drone	c	b
Dread Fugue		b
Dread Linnorm		g
Dread Linnorm // Scale Deflection		g
Dread Osseosaur		b
Dread Osseosaur // Visage of Dread		b
Dread Presence		b
Dread Reaper		b
Dread Return		b
Dread Rider		b
Dread Shade		b
Dread Slag		br
Dread Slaver		b
Dread Specter		b
Dread Statuary	c	
Dread Summons		b
Dread Tiller		bg
Dread Wanderer		b
Dread Warlock		b
Dread Whispers		bg
Dread Whispers // Mosswood Dreadknight		bg
Dread Wight		b
Dread of Night		b
Dreadbore		br
Dreadbringer Lampads		b
Dreadfeast Demon		b
Dreadful Apathy		w
Dreadful as the Storm		u
Dreadhorde Arcanist		r
Dreadhorde Butcher		br
Dreadhorde Invasion		b
Dreadhorde Twins		r
Dreadhound		b
Dreadlight Monstrosity		u
Dreadmalkin		b
Dreadmaw's Ire		r
Dreadmobile		b
Dreadship Reef	ubc	
Dreadwaters		u
Dreadwing		ubr
Dreadwing Scavenger		ub
Dreadwurm		b
Dream Beavers		b
Dream Cache		u
Dream Chisel		
Dream Coat		u
Dream Devourer		b
Dream Eater		u
Dream Fighter		u
Dream Fracture		u
Dream Halls		u
Dream Harvest		ub
Dream Leash		u
Dream Pillager		r
Dream Prowler		u
Dream Salvage		ub
Dream Seizer		b
Dream Spoilers		b
Dream Stalker		u
Dream Strix		u
Dream Thief		u
Dream Thrush		u
Dream Tides		u
Dream Trawler		wu
Dream Twist		u
Dream's Grip		u
Dream-Thief's Bandana		
Dreamborn Muse		u
Dreamcaller Siren		u
Dreamcatcher		u
Dreamdew Entrancer		ug
Dreamdrinker Vampire		b
Dreampod Druid		g
Dreamroot Cascade	ug	
Dreams of Laguna		u
Dreams of Steel and Oil		b
Dreams of the Dead		u
Dreamscape Artist		u
Dreamshackle Geist		u
Dreamshaper Shaman		r
Dreamspoiler Witches		b
Dreamstalker Manticore		r
Dreamstealer		b
Dreamstone Hedron	c	
Dreamtail Heron		u
Dreamtide Whale		u
Dreamwinder		u
Dredge		b
Dredge the Mire		b
Dredger's Insight		g
Dredging Claw		b
Dreg Mangler		bg
Dreg Reaver		b
Dreg Recycler		b
Dregs of Sorrow		b
Dregscape Sliver		b
Dregscape Zombie		b
Drekavac		b
Drelnoch		u
Drench the Soil in Their Blood		
Dress Down		u
Drey Keeper		bg
Drider		b
Drift of Phantasms		u
Drift of the Dead		b
Drifter il-Dal		u
Driftgloom Coyote		w
Drifting Djinn		u
Drifting Meadow	w	
Drifting Shade		b
Drill Bit		b
Drill Too Deep		r
Drill-Skimmer		
Drillworks Mole		
Drinker of Sorrow		b
Dripping Dead		b
Dripping-Tongue Zubera		g
Drive to Work		w
Driven		bg
Driven // Despair		bg
Driver of the Dead		b
Drivnod, Carnage Dominus		b
Drix Fatemaker		g
Drix Interlacer		
Drizzt Do'Urden		wg
Drogskol Armaments		w
Drogskol Armaments // Drogskol Infantry		w
Drogskol Captain		wu
Drogskol Cavalry		w
Drogskol Infantry		w
Drogskol Infantry // Drogskol Armaments		w
Drogskol Reaver		wu
Drogskol Reinforcements		w
Drogskol Shieldmate		w
Dromad Purebred		w
Dromar's Attendant	wub	
Dromar's Cavern	wub	
Dromar's Charm		wub
Dromar, the Banisher		wub
Dromoka Captain		w
Dromoka Dunecaster		w
Dromoka Monument	wg	wg
Dromoka Warrior		w
Dromoka's Command		wg
Dromoka's Gift		g
Dromoka, the Eternal		wg
Dromosaur		r
Dronepack Kindred		r
Dronepack Kindred // Vildin-Pack Outcast		r
Droning Bureaucrats		w
Drooling Groodion		bg
Drooling Ogre		r
Drop Bear		rg
Drop Tower		
Drop of Honey		g
Dropkick Bomber		r
Dross Crocodile		b
Dross Golem		
Dross Harvester		b
Dross Hopper		b
Dross Prowler		b
Dross Ripper		b
Dross Scorpion		
Dross Skullbomb		b
Drossclaw		b
Drossforge Bridge	br	
Drought		w
Drove of Elves		g
Drover Grizzly		g
Drover of the Mighty	wubrg	g
Drover of the Swine		wbg
Drown in Dreams		u
Drown in Filth		bg
Drown in Ichor		b
Drown in Shapelessness		u
Drown in Sorrow		b
Drown in the Loch		ub
Drowned		ub
Drowned Catacomb	ub	
Drowned Diner		u
Drowned Diner // Meat Locker		u
Drowned Jungle	ugc	ugc
Drowned Jungle // Drowner of Truth	ugc	ugc
Drowned Rusalka		u
Drowned Secrets		u
Drowner Initiate		u
Drowner of Hope	c	u
Drowner of Secrets		u
Drowner of Truth	ugc	ugc
Drowner of Truth // Drowned Jungle	ugc	ugc
Drownyard Amalgam		u
Drownyard Behemoth		u
Drownyard Explorers		u
Drownyard Lurker	c	u
Drownyard Temple	c	
Drowsing Tyrannodon		g
Drudge Beetle		g
Drudge Reavers		b
Drudge Sentinel		b
Drudge Skeletons		b
Drudge Spell		b
Druid Class		g
Druid Lyrist		g
Druid of Horns		g
Druid of Purification		g
Druid of the Anima	wrg	g
Druid of the Cowl	g	g
Druid of the Emerald Grove		g
Druid of the Sacred Beaker	g	g
Druid of the Spade		g
Druid's Call		g
Druid's Deliverance		g
Druid's Familiar		g
Druidic Ritual		g
Druidic Satchel		
Druids' Repository	wubrg	g
Drumbellower		w
Drumhunter	c	g
Drunau Corpse Trawler		ub
Dry Spell		b
Dryad Arbor	g	
Dryad Greenseeker		g
Dryad Militant		wg
Dryad Sophisticate		g
Dryad of the Ilysian Grove		g
Dryad's Caress		wg
Dryad's Favor		g
Dryad's Revival		g
Dual Casting		r
Dual Doomsuits		
Dual Nature		g
Dual Shot		r
Dual Strike		r
Dual-Sun Adepts		w
Dual-Sun Technique		w
Dualcaster Mage		r
Dub		w
Dubious Challenge		g
Dubious Delicacy		b
Duchess, Wayward Tavernkeep		r
Duct Crawler		r
Due Diligence		w
Due Respect		w
Duel Tactics		r
Duel for Dominance		g
Duelcraft Trainer		w
Dueling Coach		w
Dueling Grounds		wg
Dueling Rapier		r
Duelist of Deep Faith		w
Duelist of the Mind		u
Duelist's Flame		r
Duelist's Heritage		w
Duelists' Convocation International		u
Duergar Assailant		wr
Duergar Cave-Guard		wr
Duergar Hedge-Mage		wr
Duergar Mine-Captain		wr
Duggan, Private Detective		ug
Duh		b
Duke Ulder Ravengard		wr
Dukhara Peafowl		u
Dukhara Scavenger		b
Dulcet Sirens		u
Dumb Ass		r
Dunbarrow Revivalist		b
Dundoolin Weaver		g
Dune Beetle		b
Dune Chanter	wubrg	g
Dune Diviner		g
Dune Drifter		wb
Dune Mover		
Dune-Brood Nephilim		wbrg
Duneblast		wbg
Dunerider Outlaw		b
Dunes of the Dead	c	
Dungeon Crawler		b
Dungeon Delver		u
Dungeon Descent	c	
Dungeon Geists		u
Dungeon Map	c	
Dungeon Master		wu
Dungeon Shade		b
Dungeoneer's Pack		
Dungrove Elder		g
Dunland Crebain		b
Duplicant		
Duplication Device		
Duplicity		u
Durable Coilbug		b
Durable Handicraft		g
Duress		b
Durkwood Baloth		g
Durkwood Boars		g
Durkwood Tracker		g
Durnan of the Yawning Portal		g
Dusk		w
Dusk // Dawn		w
Dusk Charger		b
Dusk Feaster		b
Dusk Imp		b
Dusk Legion Dreadnought		
Dusk Legion Duelist		w
Dusk Legion Sergeant		b
Dusk Legion Zealot		b
Dusk Mangler		b
Dusk Rose Reliquary		w
Dusk Sight		b
Dusk Sight // Feral Deathgorger		b
Dusk Urchins		b
Dusk's Landing		b
Duskana, the Rage Mother		wrg
Duskborne Skymarcher		w
Duskdale Wurm		g
Duskfang Mentor		b
Duskhunter Bat		b
Duskmantle Guildmage		ub
Duskmantle Operative		b
Duskmantle Prowler		b
Duskmantle Seer		ub
Duskmantle, House of Shadow	c	ub
Duskmourn's Domination		u
Duskrider Falcon		w
Duskrider Peregrine		w
Duskshell Crawler		g
Duskwalker		b
Duskwatch Recruiter		g
Duskwatch Recruiter // Krallenhorde Howler		g
Duskwielder		b
Duskworker		
Dust		wb
Dust // Grind		wb
Dust Animus		w
Dust Bowl	c	
Dust Corona		r
Dust Elemental		w
Dust Stalker		br
Dust of Moments		w
Dust to Dust		w
Dusty Parlor		w
Dusty Parlor // Secret Arcade		w
Dusyut Earthcarver		g
Dutiful Attendant		b
Dutiful Griffin		w
Dutiful Knowledge Seeker		u
Dutiful Replicator		
Dutiful Return		b
Dutiful Servants		w
Dutiful Thrull		wb
Duty Beyond Death		w
Duty-Bound Dead		b
Dwarfhold Champion		w
Dwarven Armorer		r
Dwarven Armory		r
Dwarven Berserker		r
Dwarven Blastminer		r
Dwarven Bloodboiler		r
Dwarven Castle Guard		w
Dwarven Catapult		r
Dwarven Confluencer		r
Dwarven Demolition Team		r
Dwarven Driller		r
Dwarven Forge-Chanter		r
Dwarven Grunt		r
Dwarven Hammer		r
Dwarven Hold	r	
Dwarven Landslide		r
Dwarven Lieutenant		r
Dwarven Lightsmith		w
Dwarven Mine	r	
Dwarven Miner		r
Dwarven Nomad		r
Dwarven Patrol		r
Dwarven Pony		r
Dwarven Priest		w
Dwarven Recruiter		r
Dwarven Reinforcements		r
Dwarven Ruins	r	
Dwarven Scorcher		r
Dwarven Sea Clan		r
Dwarven Shrine		r
Dwarven Soldier		r
Dwarven Song		r
Dwarven Strike Force		r
Dwarven Thaumaturgist		r
Dwarven Trader		r
Dwarven Vigilantes		r
Dwarven Warriors		r
Dwarven Weaponsmith		r
Dwell on the Past		g
Dwindle		u
Dwynen's Elite		g
Dwynen, Gilt-Leaf Daen		g
Dyadrine, Synthesis Amalgam		wg
Dying Wail		b
Dying Wish		b
Dying to Serve		b
Dynacharge		r
Dynaheir, Invoker Adept		wur
Dynamic Soar		ug
Dynamic Soar // Whirlwing Stormbrood		ug
Dynamite Diver		r
Dynavolt Tower		
Dystopia		b
Déjà Vu		u
Dúnedain Blade		w
Dúnedain Rangers		g
ED-E, Lonesome Eyebot		
EPF Point Squad		wr
Eager Beaver		g
Eager Cadet		w
Eager Construct		
Eager First-Year		w
Eager Flameguide	c	r
Eager Glyphmage		w
Eager Trufflesnout		g
Eagle Vision		u
Eagle of Deliverance		w
Eagle of the Watch		w
Eagles of the North		w
Earl of Squirrel		g
Early Frost		u
Early Harvest		g
Early Winter		b
Earnest Fellowship		w
Earsplitting Rats		b
Earth		rg
Earth // Heaven		rg
Earth Elemental		r
Earth King's Lieutenant		wg
Earth Kingdom General		g
Earth Kingdom Jailer		w
Earth Kingdom Protectors		w
Earth Kingdom Soldier		wg
Earth Rift		r
Earth Rumble		g
Earth Rumble Wrestlers		rg
Earth Servant		r
Earth Surge		g
Earth Tremor		r
Earth Village Ruffians		bg
Earth's Mightiest Heroes		g
Earth-Cult Elemental		r
Earth-Origin Yak		w
Earthbender Ascension		g
Earthbending Lesson		g
Earthbending Student		g
Earthbind		r
Earthblighter		b
Earthbrawn		g
Earthcraft		g
Earthen Ally		wubrg
Earthen Arms		g
Earthen Goo		rg
Earthlink		brg
Earthlore		g
Earthquake		r
Earthquake Dragon		g
Earthrumbler		g
Earthshaker		r
Earthshaker Dreadmaw		g
Earthshaker Giant		g
Earthshaker Khenra		r
Earthshaking Si		g
Earthshape		w
Earwig Squad		b
East Wind Avatar		w
East-Mark Cavalier		w
Easterling Vanguard		b
Eastern Paladin		b
Eastfarthing Farmer		w
Easy Prey		b
Eat to Extinction		b
Eaten Alive		b
Eaten by Piranhas		u
Eaten by Spiders		g
Eater of Days		
Eater of Hope		b
Eater of Virtue		
Eater of the Dead		b
Ebon Dragon		b
Ebon Drake		b
Ebon Praetor		b
Ebon Stronghold	b	
Ebonblade Reaper		b
Ebondeath, Dracolich		b
Ebony Charm		b
Ebony Fly	c	
Ebony Horse		
Ebony Owl Netsuke		
Ebony Rhino		
Ebony Treefolk		bg
Eccentric Apprentice		u
Eccentric Farmer		g
Eccentric Pestfinder		bg
Eccentric Pestfinder // Turn Stones		bg
Echo Chamber		
Echo Circlet		
Echo Inspector		u
Echo Mage		u
Echo Storm		u
Echo Tracer		u
Echo of Death's Wail		b
Echo of Death's Wail // Tribute to Horobi		b
Echo of Dusk		b
Echo of Eons		u
Echo, Perceptive Prodigy		u
Echocasting Symposium		u
Echoes of Eternity		c
Echoes of the Kin Tree		w
Echoing Assault		r
Echoing Boon		
Echoing Calm		w
Echoing Cavern	wubrgc	
Echoing Courage		g
Echoing Decay		b
Echoing Deeps	c	
Echoing Echo		w
Echoing Equation		ug
Echoing Equation // Augmenter Pugilist		ug
Echoing Return		b
Echoing Ruin		r
Echoing Truth		u
Eclipsed Boggart		br
Eclipsed Elf		bg
Eclipsed Flamekin		ur
Eclipsed Kithkin		wg
Eclipsed Merrow		wu
Eclipsed Realms	wubrgc	
Eclipsed Steppe	wb	
Ecological Appreciation		g
Ecologist's Terrarium		
Ecstatic Awakener		b
Ecstatic Awakener // Awoken Demon		b
Ecstatic Beauty		r
Ecstatic Electromancer		ur
Eddie Brock		brg
Eddie Brock // Venom, Lethal Protector		brg
Eddymurk Crab		u
Eddytrail Hawk		w
Edea, Possessed Sorceress		ubr
Eden, Seat of the Sanctum	c	
Edgar Markov		wbr
Edgar Markov's Coffin		wb
Edgar Markov's Coffin // Edgar, Charmed Groom		wb
Edgar's Awakening		b
Edgar, Charmed Groom		wb
Edgar, Charmed Groom // Edgar Markov's Coffin		wb
Edgar, King of Figaro		u
Edgar, Master Machinist		wr
Edge Rover		g
Edge of Autumn		g
Edge of Malacol		
Edge of the Divinity		wb
Edgewalker		wb
Edgewall Inn		
Edgewall Innkeeper		g
Edgewall Pack		r
Edifice of Authority		
Edric, Spymaster of Trest		ug
Educated Detective		u
Edward Kenway		ubr
Eel Umbra		u
Eel-Hounds		g
Eelectrocute		r
Eerie Gravestone		b
Eerie Interference		w
Eerie Interlude		w
Eerie Procession		u
Eerie Soultender		b
Eerie Ultimatum		wbg
Efficient Construction		u
Effie, Fast Learner		wg
Efflorescence		g
Effluence Devourer		brg
Effortless Master		ur
Efreet Flamepainter		r
Efreet Weaponmaster		wur
Efteekay, Flame of the Kav		rg
Eggnogger's 'Stache		g
Ego Drain		b
Ego Erasure		u
Egon, God of Death		b
Egon, God of Death // Throne of Death		b
Eidolon of Astral Winds		w
Eidolon of Blossoms		g
Eidolon of Countless Battles		w
Eidolon of Inspiration		w
Eidolon of Obstruction		w
Eidolon of Philosophy		u
Eidolon of Rhetoric		w
Eidolon of the Great Revel		r
Eiganjo Castle	w	w
Eiganjo Dynastorian		w
Eiganjo Dynastorian // Replenish		w
Eiganjo Exemplar		w
Eiganjo Free-Riders		w
Eiganjo Uprising		wr
Eiganjo, Seat of the Empire	w	w
Eight-and-a-Half-Tails		w
Eight-and-a-Half-Tails Avatar		
Eightfold Maze		w
Eirdu, Carrier of Dawn		wb
Eirdu, Carrier of Dawn // Isilu, Carrier of Twilight		wb
Eivor, Battle-Ready		wr
Eivor, Wolf-Kissed		wrg
Eject		u
Ekundu Cyclops		r
Ekundu Griffin		w
El-Hajjâj		b
Elaborate Firecannon		
Eladamri		
Eladamri's Call		wg
Eladamri's Vineyard	g	g
Eladamri, Korvecdal		g
Eladamri, Lord of Leaves		g
Eladamri, Lord of Leaves Avatar	g	
Eland Umbra		w
Elanor Gardner		g
Elas il-Kor, Sadistic Pilgrim		wb
Elbrus, the Binding Blade		
Elbrus, the Binding Blade // Withengar Unbound		
Elder Arthur Maxson		wb
Elder Auntie		r
Elder Brain		b
Elder Cathar		w
Elder Deep-Fiend		u
Elder Druid		g
Elder Gargaroth		g
Elder Land Wurm		w
Elder Mastery		ubr
Elder Owyn Lyons		wu
Elder Pine of Jukai		g
Elder Spawn		u
Elder of Laurels		g
Elderfang Disciple		b
Elderfang Ritualist		b
Elderfang Venom		bg
Elderleaf Mentor		g
Elderscale Wurm		g
Elderwood Scion		wg
Eldest Dragon Highlander		wubrg
Eldrazi Aggressor		r
Eldrazi Confluence	c	c
Eldrazi Conscription		
Eldrazi Devastator		
Eldrazi Displacer		wc
Eldrazi Guacamole Tightrope		
Eldrazi Linebreaker		rc
Eldrazi Mimic		
Eldrazi Monument		
Eldrazi Obligator		rc
Eldrazi Ravager		c
Eldrazi Repurposer	c	g
Eldrazi Skyspawner	c	u
Eldrazi Temple	c	
Eldritch Evolution		g
Eldritch Immunity		c
Eldritch Pact		b
Electric Eel		ur
Electric Revelation		r
Electric Seaweed		r
Electrickery		r
Electrify		r
Electro's Bolt		r
Electro, Assaulting Battery	r	r
Electrodominance		r
Electroduplicate		r
Electrolyze		ur
Electropotence		r
Electrosiphon		ur
Electrostatic Blast		r
Electrostatic Bolt		r
Electrostatic Field		r
Electrostatic Infantry		r
Electrostatic Pummeler		
Electrozoa		u
Electryte		r
Elegant Edgecrafters		g
Elegant Entourage		g
Elegant Parlor	wr	
Elegant Rotunda		w
Elegant Rotunda // Grand Entryway		w
Elegy Acolyte		b
Elektra, Daughter of the Hand		b
Elektra, Femme Fatale		r
Elemental Appeal		r
Elemental Augury		ubr
Elemental Bond		g
Elemental Eruption		r
Elemental Expressionist		ur
Elemental Mascot		ur
Elemental Masterpiece		ur
Elemental Mastery		r
Elemental Resonance		g
Elemental Spectacle		g
Elemental Summoning		ur
Elemental Teachings		g
Elemental Time Flamingo		
Elemental Uprising		g
Elemental, My Dear		u
Elementalist Adept		u
Elementalist's Palette	wubrgc	
Elena, Turk Recruit		w
Elenda and Azor		wub
Elenda's Hierophant		w
Elenda, Saint of Dusk		wb
Elenda, the Dusk Rose		wb
Elephant Ambush		g
Elephant Grass		g
Elephant Graveyard	c	
Elephant Guide		g
Elephant Resurgence		g
Elephant-Mandrill		g
Elephant-Rat		b
Elesh Norn		w
Elesh Norn // The Argent Etchings		w
Elesh Norn, Grand Cenobite		w
Elesh Norn, Mother of Machines		w
Elf Replica		g
Elfhame Druid	g	g
Elfhame Palace	wg	
Elfhame Sanctuary		g
Elfhame Wurm		g
Elfsworn Giant		g
Elgaud Inquisitor		w
Elgaud Shieldmate		u
Eligeth, Crossroads Augur		u
Eliminate		b
Eliminate the Competition		b
Eliminate the Impossible		u
Elite Arcanist		u
Elite Archers		w
Elite Arrester		wu
Elite Cat Warrior		g
Elite Guardmage		wu
Elite Headhunter		br
Elite Inquisitor		w
Elite Instructor		u
Elite Interceptor		w
Elite Interceptor // Rejoinder		w
Elite Javelineer		w
Elite Scaleguard		w
Elite Skirmisher		w
Elite Spellbinder		w
Elite Vanguard		w
Elixir		
Elixir of Immortality		
Elixir of Vitality		
Elkin Bottle		
Elkin Lair		r
Ellie and Alan, Paleontologists		wug
Ellie, Brick Master		r
Ellie, Vengeful Hunter		br
Ellivere of the Wild Court		wg
Ellyn Harbreeze, Busybody		w
Ellywick Tumblestrum		g
Elmar, Ulvenwald Informant		rg
Elminster		wu
Elminster's Simulacrum		u
Eloise, Nephalia Sleuth		ub
Eloren Wilds	wubrg	
Elrond of the White Council		ug
Elrond, Lord of Rivendell		u
Elrond, Master of Healing		ug
Elrond, Moon-Reader		u
Elsewhere Flask		
Elsha of the Infinite		wur
Elsha, Threefold Master		wur
Elspeth Conquers Death		w
Elspeth Resplendent		w
Elspeth Tirel		w
Elspeth's Devotee		w
Elspeth's Nightmare		b
Elspeth's Smite		w
Elspeth's Talent		w
Elspeth, Knight-Errant		w
Elspeth, Storm Slayer		w
Elspeth, Sun's Champion		w
Elspeth, Sun's Nemesis		w
Elspeth, Undaunted Hero		w
Elturel Survivors		r
Elturgard Ranger		g
Eluge, the Shoreless Sea		u
Elusen, the Giving		wurg
Elusive Krasis		ug
Elusive Otter		ug
Elusive Otter // Grove's Bounty		ug
Elusive Spellfist		u
Elusive Tormentor		b
Elusive Tormentor // Insidious Mist		b
Elven Ambush		g
Elven Bow		g
Elven Cache		g
Elven Chorus	wubrg	g
Elven Farsight		g
Elven Fortress		g
Elven Lyre		
Elven Palisade		g
Elven Riders		g
Elven Rite		g
Elven Warhounds		g
Elves of Deep Shadow	b	g
Elvish Aberration	g	g
Elvish Archdruid	g	g
Elvish Archers		g
Elvish Archivist		g
Elvish Bard		g
Elvish Berserker		g
Elvish Branchbender		g
Elvish Champion		g
Elvish Champion Avatar	g	
Elvish Clancaller		g
Elvish Doomsayer		b
Elvish Dreadlord		b
Elvish Elegy		bg
Elvish Eulogist		g
Elvish Farmer		g
Elvish Fury		g
Elvish Guidance	g	g
Elvish Handservant		g
Elvish Harbinger	wubrg	g
Elvish Healer		w
Elvish Herder		g
Elvish Hexhunter		wg
Elvish House Party		g
Elvish Hunter		g
Elvish Hydromancer		ug
Elvish Impersonation Contest		
Elvish Impersonators		g
Elvish Lookout		g
Elvish Lyrist		g
Elvish Mariner		u
Elvish Mystic	g	g
Elvish Pathcutter		g
Elvish Pioneer		g
Elvish Piper		g
Elvish Promenade		g
Elvish Ranger		g
Elvish Reclaimer		g
Elvish Refueler		g
Elvish Regrower		g
Elvish Rejuvenator		g
Elvish Scout		g
Elvish Scrapper		g
Elvish Skysweeper		g
Elvish Soultiller		g
Elvish Spirit Guide	g	g
Elvish Vanguard		g
Elvish Vatkeeper		bg
Elvish Visionary		g
Elvish Warmaster		g
Elvish Warrior		g
Emancipation Angel		w
Embalmed Ascendant		wb
Embalmed Brawler		b
Embalmer's Tools		
Embargo		u
Ember Beast		r
Ember Gale		r
Ember Hauler		r
Ember Island Production		u
Ember Shot		r
Ember Swallower		r
Ember Weaver		g
Ember-Eye Wolf		r
Ember-Fist Zubera		r
Embercleave		r
Embereth Blaze		r
Embereth Blaze // Virtue of Courage		r
Embereth Paladin		r
Embereth Shieldbreaker		r
Embereth Shieldbreaker // Battle Display		r
Embereth Skyblazer		r
Embereth Veteran		r
Emberheart Challenger		r
Emberhorn Minotaur		r
Embermage Goblin		r
Embermaw Hellion		r
Embermouth Sentinel		
Embersmith		r
Emberstrike Duo		br
Emberwilde Augur		r
Emberwilde Caliph		ur
Emberwilde Captain		r
Emberwilde Djinn		r
Embiggen		g
Emblazoned Golem		
Emblem of the Warmind		r
Embodiment of Agonies		b
Embodiment of Flame		r
Embodiment of Flame // Flame Channeler		r
Embodiment of Fury		r
Embodiment of Insight		g
Embodiment of Spring		ug
Embolden		w
Embraal Bruiser		b
Embraal Gear-Smasher		r
Embrace My Diabolical Vision		
Embrace Oblivion		b
Embrace the Paradox		ug
Embrace the Unknown		r
Embrose, Dean of Shadow		wb
Embrose, Dean of Shadow // Shaile, Dean of Radiance		wb
Emcee		w
Emerald Charm		g
Emerald Collector		ug
Emerald Dragon		g
Emerald Dragon // Dissonant Wave		g
Emerald Dragonfly		g
Emerald Medallion		
Emerald Oryx		g
Emerge Unscathed		w
Emerge from the Cocoon		w
Emergence Zone	c	
Emergency Eject		w
Emergency Powers		wu
Emergency Weld		b
Emergent Growth		g
Emergent Haunting		u
Emergent Sequence		g
Emergent Ultimatum		ubg
Emergent Woodwurm		g
Emeria Angel		w
Emeria Captain		w
Emeria Shepherd		w
Emeria's Call	w	w
Emeria's Call // Emeria, Shattered Skyclave	w	w
Emeria, Shattered Skyclave	w	w
Emeria, Shattered Skyclave // Emeria's Call	w	w
Emeria, the Sky Ruin	w	
Emeritus of Abundance		g
Emeritus of Abundance // Regrowth		g
Emeritus of Conflict		r
Emeritus of Conflict // Lightning Bolt		r
Emeritus of Ideation		u
Emeritus of Ideation // Ancestral Recall		u
Emeritus of Truce		w
Emeritus of Truce // Swords to Plowshares		w
Emeritus of Woe		b
Emeritus of Woe // Demonic Tutor		b
Emet-Selch of the Third Seat		ub
Emet-Selch, Unsundered		ub
Emet-Selch, Unsundered // Hades, Sorcerer of Eld		ub
Emiel the Blessed		wg
Emil, Vastlands Roamer		g
Emissary Escort		u
Emissary Green		g
Emissary of Despair		b
Emissary of Grudges		r
Emissary of Hope		w
Emissary of Soulfire		wu
Emissary of Sunrise		w
Emissary of the Sleepless		w
Emissary's Ploy		
Emmara Tandris		wg
Emmara, Soul of the Accord		wg
Emmara, Voice of the Conclave		wg
Emmessi Tome		
Emperor Apatzec Intli IV		wrg
Emperor Crocodile		g
Emperor Mihail II		u
Emperor of Bones		b
Emperor's Vanguard		g
Emporium Thopterist		u
Empowered Autogenerator	wubrg	
Empress Galina		u
Emptiness		wb
Empty City Ruse		w
Empty the Catacombs		b
Empty the Laboratory		u
Empty the Pits		b
Empty the Warrens		r
Empty-Shrine Kannushi		w
Empyreal Voyager		ug
Empyrean Eagle		wu
Empyrial Archangel		wug
Empyrial Armor		w
Empyrial Plate		
Empyrial Storm		w
Emrakul and Chatterfang	bg	g
Emrakul's Evangel		g
Emrakul's Hatcher	c	r
Emrakul's Influence		g
Emrakul's Messenger	c	u
Emrakul, the Aeons Torn		
Emrakul, the Promised End		
Emrakul, the World Anew		c
Emry, Lurker of the Loch		u
Enatu Golem		
Encampment Keeper		w
Encase in Ice		u
Enchanted Being		w
Enchanted Carriage		
Enchanted Evening		wu
Enchanted Prairie	wu	
Enchanter's Bane		r
Enchantment Alteration		u
Enchantmentize		u
Enchantress's Presence		g
Encircling Fissure		w
Enclave Cryptologist		u
Enclave Elite		u
Encouraging Aviator		u
Encouraging Aviator // Jump		u
Encroach		b
Encroaching Dragonstorm		g
Encroaching Mycosynth		u
Encroaching Wastes	c	
Encrust		u
Encumbered Reejerey		w
End Hostilities		w
End of the Hunt		b
End the Festivities		r
End-Blaze Epiphany		r
End-Raze Forerunners		g
Endangered Armodon		g
Endbringer		c
Endbringer's Revel		b
Endemic Plague		b
Endless Atlas		
Endless Cockroaches		b
Endless Corridor		w
Endless Corridor // Solitary Study		w
Endless Detour		wug
Endless Evil		u
Endless Foot Assault		w
Endless Horizons		w
Endless Obedience		b
Endless One		
Endless Ranks of HYDRA		b
Endless Ranks of the Dead		b
Endless Sands	c	
Endless Scream		b
Endless Swarm		g
Endless Whispers		b
Endless Wurm		g
Endling		b
Endoskeleton		
Endrek Sahr, Master Breeder		b
Endrider Catalyzer	r	r
Endrider Spikespitter		r
Ends		wur
Ends // Odds		wur
Endurance		g
Endurance Bobblehead	wubrg	
Endure		w
Enduring Angel		w
Enduring Angel // Angelic Enforcer		w
Enduring Bondwarden		w
Enduring Courage		r
Enduring Curiosity		u
Enduring Friendship		ur
Enduring Ideal		w
Enduring Innocence		w
Enduring Renewal		w
Enduring Scalelord		wg
Enduring Sliver		w
Enduring Tenacity		b
Enduring Victory		w
Enduring Vitality	wubrg	g
Enemy of Enlightenment		b
Enemy of the Guildpact		b
Energizer		
Energy Arc		wu
Energy Bolt		wr
Energy Chamber		
Energy Field		u
Energy Flux		u
Energy Refractor	wubrg	
Energy Storm		w
Energy Tap	c	u
Energy Vortex		u
Energybending		
Enervate		u
Enfeeblement		b
Enforcer Griffin		w
Engine Rat		b
Engineered Explosives		
Engineered Might		wg
Engineered Plague		b
Engulf the Shore		u
Engulfing Eruption		r
Engulfing Flames		r
Engulfing Slagwurm		g
Enhanced Awareness		u
Enhanced Surveillance		u
Enigma Drake		ur
Enigma Eidolon		u
Enigma Ridges		
Enigma Sphinx		wub
Enigma Sphinx Avatar		
Enigma Thief		u
Enigmatic Incarnation		ug
Enkira, Hostile Scavenger		bg
Enlarge		g
Enlightened Ascetic		w
Enlightened Confidant		w
Enlightened Maniac		u
Enlightened Tutor		w
Enlisted Wurm		wg
Enlistment Officer		w
Ennis, Debate Moderator		w
Enolc, Perfect Clone		
Enormous Baloth		g
Enormous Energy Blade		b
Enrage		r
Enraged Ceratok		g
Enraged Flamecaster		r
Enraged Giant		r
Enraged Huorn		g
Enraged Killbot		
Enraged Revolutionary		r
Enraging Licid		r
Enroll in the Coalition		w
Enshrined Memories		g
Enshrouding Mist		w
Enslave		b
Enslaved Dwarf		r
Enslaved Horror		b
Enslaved Scout		r
Ensnare		u
Ensnared by the Mara		r
Ensnaring Bridge		
Ensoul Artifact		u
Ensoul Ring		u
Ensouled Scimitar		
Ent's Fury		g
Ent-Draught Basin		
Entangler		w
Entangling Trap		w
Entangling Vines		g
Enter the Avatar State		w
Enter the Dungeon		b
Enter the Enigma		u
Enter the God-Eternals		ub
Enter the Infinite		u
Enter the Unknown		g
Entering		ubr
Entering // Breaking		ubr
Enterprising Scallywag		r
Enthralling Hold		u
Enthralling Victor		r
Enthusiastic Mechanaut		ur
Enthusiastic Study		r
Entirely Normal Armchair		
Entish Restoration		g
Entity Tracker		u
Entomb		b
Entomber Exarch		b
Entourage of Trest		g
Entrails Feaster		b
Entrancing Lyre		
Entrancing Melody		u
Entrapment Maneuver		w
Entreat the Angels		w
Entreat the Dead		b
Entropic Battlecruiser		b
Entropic Cloud		b
Entropic Cloud // Topaz Dragon		b
Entropic Decay		b
Entropic Decay // Gray Slaad		b
Entropic Eidolon		b
Entropic Specter		b
Entry Denied		u
Entry Denied // Beluna's Gatekeeper		u
Envelop		u
Environmental Sciences		
Environmental Scientist		g
Envoy of Okinec Ahau		w
Envoy of the Ancestors		w
Eon Frolicker		u
Eon Hub		
Ephara's Dispersal		u
Ephara's Enlightenment		wu
Ephara's Radiance		w
Ephara's Warden		w
Ephara, Ever-Sheltering		w
Ephara, Ever-Sheltering // Invasion of Theros		w
Ephara, God of the Polis		wu
Ephemeral Shields		w
Ephemerate		w
Ephemeron		u
Epic Confrontation		g
Epic Downfall		b
Epic Experiment		ur
Epic Fight		g
Epic Proportions		g
Epic Struggle		g
Epicenter		r
Epicure of Blood		b
Epiphany Storm		r
Epiphany at the Drownyard		u
Epistolary Librarian		wu
Epitaph Golem		
Epochrasite		
Equal Treatment		w
Equestrian Skill		g
Equilibrium		u
Equilibrium Adept		r
Equinox		w
Equipoise		w
Era of Enlightenment		w
Era of Enlightenment // Hand of Enlightenment		w
Era of Innovation		u
Eradicate		b
Eradicator Valkyrie		b
Erase		w
Erase (Not the Urza's Legacy One)		w
Erayo's Essence		u
Erayo's Essence // Erayo, Soratami Ascendant		u
Erayo, Soratami Ascendant		u
Erayo, Soratami Ascendant // Erayo's Essence		u
Erdwal Illuminator		u
Erdwal Ripper		r
Erebor Flamesmith		r
Erebos's Emissary		b
Erebos's Intervention		b
Erebos's Titan		b
Erebos, Bleak-Hearted		b
Erebos, God of the Dead		b
Erestor of the Council		ug
Erg Raiders		b
Erhnam Djinn		g
Erhnam Djinn Avatar		
Eriette of the Charmed Apple		wb
Eriette's Lullaby		w
Eriette's Tempting Apple		
Eriette's Whisper		b
Eriette, the Beguiler		wub
Erinis, Gloom Stalker		g
Eris, Roar of the Storm		ur
Erithizon		g
Erkenbrand, Lord of Westfold		r
Erode		w
Eroded Canyon	ur	
Eron the Relentless		r
Erosion		u
Errand of Duty		w
Errand-Rider of Gondor		w
Errant Doomsayers		w
Errant Ephemeron		u
Errant Minion		u
Errant and Giada		wu
Errant, Street Artist		u
Errantry		r
Erratic Apparition		u
Erratic Cyclops		r
Erratic Explosion		r
Erratic Mutation		u
Erratic Portal		
Erratic Visionary		u
Error		wub
Error // Trial		wub
Ersatz Gnomes		
Ersta, Friend to All		wubrg
Erstwhile Trooper		bg
Ertai		
Ertai Resurrected		ub
Ertai's Familiar		u
Ertai's Meddling		u
Ertai's Scorn		u
Ertai's Trickery		u
Ertai, Wizard Adept		u
Ertai, the Corrupted		wub
Ertha Jo, Frontier Mentor		wr
Erudite Wizard		u
Erupting Dreadwolf		r
Erupting Dreadwolf // Smoldering Werewolf		r
Eruth, Tormented Prophet		ur
Escape Artist		u
Escape Detection		u
Escape Protocol		u
Escape Routes		u
Escape Tunnel		
Escape Velocity		r
Escape from Orthanc		w
Escape to the Wilds		rg
Escaped Experiment		u
Escaped Null		b
Escaped Shapeshifter		u
Escarpment Fortress		w
Eshki Dragonclaw		urg
Eshki, Temur's Roar		urg
Esika's Chariot		g
Esika, God of the Tree	wubrg	wubrg
Esika, God of the Tree // The Prismatic Bridge	wubrg	wubrg
Esior, Wardwing Familiar		u
Esix, Fractal Bloom		ug
Esoteric Duplicator		u
Esper		
Esper Battlemage		wub
Esper Charm		wub
Esper Cormorants		wu
Esper Origins	g	g
Esper Origins // Summon: Esper Maduin	g	g
Esper Panorama	c	
Esper Sentinel		w
Esper Sojourners		wub
Esper Stormblade		wub
Esper Terra	wubrg	rg
Esper Terra // Terra, Magical Adept	wubrg	rg
Espers to Magicite		b
Esperzoa		u
Esquire of the King		w
Essence Anchor		u
Essence Backlash		ur
Essence Bottle		
Essence Capture		u
Essence Channeler		w
Essence Depleter		bc
Essence Drain		b
Essence Extraction		b
Essence Feed	c	b
Essence Filter		g
Essence Flare		u
Essence Flux		u
Essence Fracture		u
Essence Harvest		b
Essence Infusion		b
Essence Leak		u
Essence Pulse		b
Essence Reliquary		w
Essence Scatter		u
Essence Sliver		w
Essence Symbiote		g
Essence Vortex		ub
Essence Warden		g
Essence of Antiquity		w
Essence of Orthodoxy		w
Essence of the Wild		g
Essenceknit Scholar		bg
Establishing Shot		r
Estinien Varlineau		wb
Estrid's Invocation		u
Estrid, the Masked		wug
Estwald Shieldbasher		w
Etali's Favor		r
Etali, Primal Conqueror		rg
Etali, Primal Conqueror // Etali, Primal Sickness		rg
Etali, Primal Sickness		rg
Etali, Primal Sickness // Etali, Primal Conqueror		rg
Etali, Primal Storm		r
Etched Champion		
Etched Cornfield	wg	
Etched Familiar		b
Etched Host Doombringer		b
Etched Monstrosity		wubrg
Etched Oracle		
Etched Oracle Avatar		wubrg
Etched Slith		b
Etching of Kumano		r
Etching of Kumano // Kumano Faces Kakkazan		r
Etchings of the Chosen		wb
Eternal Acrobat Toast		
Eternal Dominion		u
Eternal Dragon		w
Eternal Flame		r
Eternal Isolation		w
Eternal Scourge		
Eternal Skylord		u
Eternal Student		b
Eternal Taskmaster		b
Eternal Thirst		b
Eternal Warrior		r
Eternal Witness		g
Eternal of Harsh Truths		u
Eternity Snare		u
Eternity Vessel		
Ether	u	u
Ether Well		u
Ethercaste Knight		wu
Ethereal Absolution		wb
Ethereal Ambush		ug
Ethereal Armor		w
Ethereal Champion		w
Ethereal Elk		g
Ethereal Escort		w
Ethereal Forager		u
Ethereal Grasp		u
Ethereal Guidance		w
Ethereal Haze		w
Ethereal Investigator		u
Ethereal Usher		u
Ethereal Valkyrie		wu
Ethereal Whiskergill		u
Etherium Abomination		ub
Etherium Astrolabe		ub
Etherium Pteramander		b
Etherium Sculptor		u
Etherium Spinner		u
Etherium-Horn Sorcerer		ur
Ethersworn Adjudicator		wub
Ethersworn Canonist		w
Ethersworn Shieldmage		wu
Ethersworn Sphinx		wu
Etherwrought Page		wub
Ethrimik, Imagined Fiend		w
Etrata, Deadly Fugitive		ub
Etrata, the Silencer		ub
Ettercap		g
Ettercap // Web Shot		g
Eumidian Hatchery	b	
Eumidian Lifeseed	wubrg	g
Eumidian Terrabotanist		g
Eumidian Wastewaker		b
Eunuchs' Intrigues		r
Eureka		g
Eureka Moment		ug
Euroakus		ug
Euru, Acorn Scrounger		bg
Eusocial Engineering		g
Eutropia the Twice-Favored		ug
Evacuation		u
Evanescent Intellect		u
Evangel of Heliod		w
Evangel of Synthesis		ub
Evangelize		w
Evaporate		r
Evasive Action		u
Evelyn, the Covetous		ubr
Even the Odds		w
Even the Score		u
Evendo Brushrazer	r	r
Evendo, Waking Haven	g	g
Event Horizon	c	c
Eventide's Shadow		b
Ever After		b
Ever-Watching Threshold		u
Everbark Shaman		g
Evercoat Ursine		g
Everdawn Champion		w
Everdream		u
Evereth, Viceroy of Plunder		br
Everett K. Ross, Hapless Attaché		w
Everflame Eidolon		r
Everflowing Chalice	c	
Everglades	bc	
Everglove Courier		g
Everlasting Lich		b
Everlasting Torment		br
Evermind		u
Evernight Shade		b
Everquill Phoenix		r
Evershrike		wb
Evershrike's Gift		w
Every Dream a Nightmare		
Every Hope Shall Vanish		
Every Last Vestige Shall Rot		
Everybody Lives!		w
Everyone's an Imposter		
Everything Comes to Dust		w
Everything Pizza		wubrg
Everythingamajig		
Evidence Examiner		ug
Evie Frye		u
Evil Boros Charm		wbr
Evil Comes to Fruition		
Evil Eye of Orms-by-Gore		b
Evil Eye of Urborg		b
Evil Presence		b
Evil Presents		b
Evil Reawakened		b
Evil Twin		ub
Evil's Thrall		r
Evin, Waterdeep Opportunist		b
Evincar's Justice		b
Eviscerate		b
Eviscerator		b
Eviscerator's Insight		b
Evolution Charm		g
Evolution Sage		g
Evolution Vat		ug
Evolution Witness		g
Evolutionary Escalation		g
Evolutionary Leap		g
Evolved Sleeper		b
Evolved Spinoderm		g
Evolving Adaptive		g
Evolving Door		g
Evolving Wilds		
Evra, Halcyon Witness		w
Evy, Fang Keeper		ubg
Exalted Angel		w
Exalted Dragon		w
Exalted Flamer of Tzeentch		ur
Exalted Sunborn		w
Exava, Rakdos Blood Witch		br
Excalibur II		
Excalibur, Sword of Eden		
Excava, the Risen Past		wr
Excavated Wall		
Excavating Anurid		g
Excavation		u
Excavation Elephant		w
Excavation Explosion		r
Excavation Mole		g
Excavation Technique		w
Excavator		
Excess		r
Excess // Indulge		r
Exchange of Words		u
Excise		w
Excise the Imperfect		w
Exclude		u
Exclusion Mage		u
Exclusion Ritual		w
Excogitator Sphinx		u
Excommunicate		w
Excoriate		w
Excruciator		r
Exdeath, Void Warlock		bg
Exdeath, Void Warlock // Neo Exdeath, Dimension's End		bg
Execute		b
Executioner's Capsule		b
Executioner's Hood		
Executioner's Swing		wb
Exemplar of Light		w
Exemplar of Strength		g
Exert Influence		u
Exhaustion		u
Exhibition Magician		r
Exhibition Tidecaller		u
Exhilarating Elocution		wb
Exhume		b
Exhumer Thrull		b
Exile		w
Exile into Darkness		b
Exiled Boggart		b
Exiled Doomsayer		w
Exit Specialist		u
Exit Through the Grift Shop		b
Exocrine		r
Exorcise		w
Exorcist		w
Exoskeletal Armor		g
Exosuit Savior		w
Exotic Curse		b
Exotic Disease		b
Exotic Orchard	wubrg	
Exotic Pets		wu
Expand the Sphere		g
Expanded Anatomy		
Expanding Ooze		bg
Expansion		ur
Expansion // Explosion		ur
Expansion Algorithm		u
Expansive Reapplication		ug
Expedite		r
Expedited Inheritance		r
Expedition Champion		r
Expedition Diviner		u
Expedition Envoy		w
Expedition Healer		w
Expedition Lookout		u
Expedition Map		
Expedition Raptor		w
Expedition Skulker		b
Expedition Supplier		w
Expel		w
Expel from Orazca		u
Expel the Interlopers		w
Expel the Unworthy		w
Expendable Lackey		u
Expendable Troops		w
Expensive Taste		br
Expensive Taste // Decadent Dragon		br
Experiment Five		g
Experiment Kraj		ug
Experiment One		g
Experiment Twelve		g
Experimental Armor		r
Experimental Augury		u
Experimental Aviator		u
Experimental Confectioner		b
Experimental Frenzy		r
Experimental Lab		g
Experimental Lab // Staff Room		g
Experimental Overload		ur
Experimental Pilot		u
Experimental Synthesizer		r
Expert-Level Safe		
Exploding Barrel	wubrg	
Exploding Borders		rg
Exploration		g
Exploration Broodship		g
Explore		g
Explore the Underdark		g
Explore the Vastlands		
Explore the Vastlands // Wandering Archaic		
Explorer's Cache		g
Explorer's Scope		
Explosion		ur
Explosion // Expansion		ur
Explosion of Riches		r
Explosive Apparatus		
Explosive Crystal		r
Explosive Crystal // Amethyst Dragon		r
Explosive Derailment		r
Explosive Entry		r
Explosive Getaway		wr
Explosive Growth		g
Explosive Impact		r
Explosive Prodigy		r
Explosive Revelation		r
Explosive Shot		r
Explosive Singularity		r
Explosive Vegetation		g
Explosive Welcome	r	r
Exponential Growth		g
Expose Evil		w
Expose the Culprit		r
Expose to Daylight		w
Expressive Firedancer		r
Expressive Iteration		ur
Expropriate		u
Expunge		b
Exquisite Archangel		w
Exquisite Blood		b
Exquisite Firecraft		r
Exquisite Huntmaster		b
Exsanguinate		b
Exsanguinate // Stensian Sanguinist		b
Exsanguinator Cavalry		b
Exterminate!		b
Exterminator Magmarch		br
Exterminatus		wb
Extinction		b
Extinction Event		b
Extinguish		u
Extinguish All Hope		b
Extinguish the Light		b
Extinguisher Battleship		
Extirpate		b
Extortion		b
Extra Arms		r
Extract		u
Extract Brain		ub
Extract Power		u
Extract a Confession		b
Extract from Darkness		ub
Extract the Truth		b
Extraction Specialist		w
Extractor Demon		b
Extraordinary Journey		u
Extraplanar Lens	wubrg	
Extravagant Replication		u
Extravagant Spirit		u
Extremely Slow Zombie		b
Extremis Elite		r
Extricator of Flesh		w
Extricator of Flesh // Extricator of Sin		w
Extricator of Sin		w
Extricator of Sin // Extricator of Flesh		w
Extruder		
Extus, Oriq Overlord		wbr
Extus, Oriq Overlord // Awaken the Blood Avatar		wbr
Exuberant Firestoker	c	r
Exuberant Fuseling		r
Exuberant Wolfbear		g
Exude Toxin		b
Exude Toxin // Scavenger Regent		b
Exultant Cultist		u
Exultant Skymarcher		w
Eye Collector		b
Eye Gouge		b
Eye Spy		u
Eye for an Eye		w
Eye of Doom		
Eye of Duskmantle		b
Eye of Malcator		u
Eye of Nidhogg		b
Eye of Nowhere		u
Eye of Ojer Taq	wubrg	
Eye of Ojer Taq // Apex Observatory	wubrg	
Eye of Ramos	u	
Eye of Singularity		w
Eye of Ugin		
Eye of Vecna		
Eye of Yawgmoth		
Eye of the Storm		u
Eye to Eye		b
Eyeblight Assassin		b
Eyeblight Cullers		b
Eyeblight Massacre		b
Eyeblight's Ending		b
Eyekite		u
Eyeless Watcher	c	g
Eyes Everywhere		u
Eyes in the Skies		w
Eyes of Gitaxias		u
Eyes of the Beholder		b
Eyes of the Watcher		u
Eyes of the Wisent		g
Eyetwitch		b
Ezekiel Sims, Spider-Totem		g
Ezio Auditore da Firenze		wubrg
Ezio, Blade of Vengeance		ub
Ezio, Brash Novice		wr
Ezrim, Agency Chief		wu
Ezuri's Archers		g
Ezuri's Brigade		g
Ezuri's Predation		g
Ezuri, Claw of Progress		ug
Ezuri, Renegade Leader		g
Ezuri, Stalker of Spheres		ug
Ezzaroot Channeler		g
Fa'adiyah Seer		g
Fable of Wolf and Owl		ug
Fable of the Mirror-Breaker		r
Fable of the Mirror-Breaker // Reflection of Kiki-Jiki		r
Fabled Hero		w
Fabled Passage		
Fabled Path of Searo Point	r	wubrg
Fabricate		u
Fabrication Foundry	w	w
Fabrication Module		
Face of Divinity		w
Face of Fear		b
Face to Face		r
Faceless Agent		
Faceless Butcher		b
Faceless Devourer		b
Faceless Haven	c	
Faceless One		
Faces of the Past		u
Facet Reader		u
Facevaulter		b
Fact or Fiction		u
Fade Away		u
Fade from History		g
Fade from Memory		b
Fade into Antiquity		g
Fading Hope		u
Fae Flight		u
Fae Offering		g
Fae of Wishes		u
Fae of Wishes // Granted		u
Faebloom Trick		u
Faeburrow Elder		wg
Faerie Aerie		
Faerie Artisans		u
Faerie Bladecrafter		b
Faerie Conclave	u	u
Faerie Dragon		g
Faerie Dreamthief		b
Faerie Duelist		u
Faerie Fencing		b
Faerie Formation		u
Faerie Guidemother		w
Faerie Guidemother // Gift of the Fae		w
Faerie Harbinger		u
Faerie Impostor		u
Faerie Invaders		u
Faerie Macabre		b
Faerie Mastermind		u
Faerie Mechanist		u
Faerie Miscreant		u
Faerie Noble		g
Faerie Seer		u
Faerie Slumber Party		u
Faerie Snoop		ub
Faerie Squadron		u
Faerie Swarm		u
Faerie Tauntings		b
Faerie Trickery		u
Faerie Vandal		u
Failed Conversion		b
Failed Fording		u
Failed Inspection		u
Failure		wu
Failure // Comply		wu
Fain, the Broker		b
Fairgrounds Patrol		w
Fairgrounds Trumpeter		g
Fairgrounds Warden		w
Faith // Grief	w	w
Faith // Grief // Ishgard, the Holy See	w	w
Faith Healer		w
Faith Unbroken		w
Faith of the Devoted		b
Faith's Fetters		w
Faith's Reward		w
Faith's Shield		w
Faithbearer Paladin		w
Faithbound Judge		w
Faithbound Judge // Sinner's Judgment		w
Faithful Disciple		w
Faithful Mending		wu
Faithful Pikemaster		w
Faithful Squire		w
Faithful Squire // Kaiso, Memory of Loyalty		w
Faithful Watchdog		wg
Faithless Looting		r
Faithless Salvaging		r
Fake Your Own Death		b
Falco Spara, Pactweaver		wug
Falcon Abomination		u
Falcon and Redwing		w
Falcon's Wing Harness		u
Falcon, Joaquin Torres		w
Falcon, Winged Wonder		u
Falconer Adept		w
Faldorn, Dread Wolf Herald		rg
Falkenrath Aristocrat		br
Falkenrath Celebrants		r
Falkenrath Exterminator		r
Falkenrath Forebear		b
Falkenrath Gorger		r
Falkenrath Marauders		r
Falkenrath Noble		b
Falkenrath Perforator		r
Falkenrath Pit Fighter		r
Falkenrath Reaver		r
Falkenrath Torturer		b
Falko, Showoff Pilot		wur
Fall		ubr
Fall // Rise		ubr
Fall from Favor		u
Fall of Cair Andros		r
Fall of Gil-galad		g
Fall of the First Civilization		w
Fall of the Gavel		wu
Fall of the Hammer		r
Fall of the Impostor		wg
Fall of the Thran		w
Fall of the Titans		r
Fall to Earth		w
Fallaji Antiquarian		r
Fallaji Archaeologist		u
Fallaji Chaindancer		r
Fallaji Dragon Engine		r
Fallaji Excavation		g
Fallaji Vanguard		wr
Fallaji Wayfarer		g
Fallen Angel		b
Fallen Angel Avatar		
Fallen Askari		b
Fallen Cleric		b
Fallen Ferromancer		r
Fallen Ideal		b
Fallen Shinobi		ub
Faller's Faithful		b
Falling Star		r
Falling Timber		g
Fallow Earth		g
Fallow Wurm		g
Fallowsage		u
False Cure		b
False Dawn		w
False Defeat		w
False Demise		u
False Floor		
False Memories		u
False Mourning		g
False Orders		r
False Peace		w
False Prophet		w
False Summoning		u
Falter		r
Falthis, Shadowcat Familiar		b
Fame		br
Fame // Claim		br
Familiar Beeble Mascot		
Familiar Ground		g
Familiar's Ruse		u
Family Reunion		w
Family's Favor		g
Famine		b
Famished Foragers	r	r
Famished Ghoul		b
Famished Paladin		w
Famished Worldsire		g
Famous Museum	c	
Fan Bearer		w
Fan Favorite		b
Fanatic of Mogis		r
Fanatic of Rhonas	g	g
Fanatic of Xenagos		rg
Fanatic of the Harrowing		b
Fanatical Devotion		w
Fanatical Fever		g
Fanatical Firebrand		r
Fanatical Offering		b
Fanatical Strength		g
Fancy Footwork		w
Fandaniel, Telophoroi Ascian		b
Fang Dragon		r
Fang Dragon // Forktail Sweep		r
Fang Guardian		g
Fang Skulkin		
Fang of Shigeki		g
Fang of the Pack		g
Fang, Fearless l'Cie		b
Fang, Fearless l'Cie // Ragnarok, Divine Deliverance		b
Fang, Roku's Companion		r
Fang-Druid Summoner		g
Fangblade Brigand		r
Fangblade Brigand // Fangblade Eviscerator		r
Fangblade Eviscerator		r
Fangblade Eviscerator // Fangblade Brigand		r
Fanged Flames		r
Fangkeeper's Familiar		ubg
Fangorn, Tree Shepherd	g	g
Fangren Firstborn		g
Fangren Hunter		g
Fangren Marauder		g
Fangren Pathcutter		g
Fangs of Kalonia		g
Fanning the Flames		r
Fantastic Bounce		u
Fantastic Elasticity		u
Far		ub
Far // Away		ub
Far Fortune, End Boss		br
Far Out		w
Far Traveler		w
Far Wanderings		g
Faramir, Field Commander		w
Faramir, Prince of Ithilien		wu
Faramir, Steward of Gondor		wu
Farbog Boneflinger		b
Farbog Explorer		w
Farbog Revenant		b
Farewell		w
Farewell to Arms		b
Farfinder		
Farhaven Elf		g
Farid, Enterprising Salvager		r
Farideh's Fireball		r
Farideh, Devil's Chosen		ur
Farm		wu
Farm // Market		wu
Farmer Cotton		wg
Farmstead		w
Farmstead Gleaner		
Farrel's Mantle		w
Farrel's Zealot		w
Farrelite Priest	w	w
Farseeing Flockmate		u
Farseek		g
Farsight Adept		w
Farsight Mask		
Farsight Ritual		u
Fascination		u
Fascist Art Director		w
Fast		r
Fast // Furious		r
Fast Forward		r
Fastbond		g
Fasting		w
Fat Ass		g
Fatal Attraction		r
Fatal Blow		b
Fatal Fissure		b
Fatal Frenzy		r
Fatal Fumes		b
Fatal Grudge		br
Fatal Lore		b
Fatal Mutation		b
Fatal Push		b
Fate Foretold		u
Fate Forgotten		w
Fate Reforged		
Fate Reforged // The Battle of Dragon Brothers		
Fate Transfer		ub
Fate Unraveler		b
Fate of the Sun-Cryst		w
Fated Clash		w
Fated Conflagration		r
Fated Firepower		r
Fated Infatuation		u
Fated Intervention		g
Fated Retribution		w
Fated Return		b
Fateful Absence		w
Fateful End		r
Fateful Handoff		b
Fateful Showdown		r
Fateful Tempest		r
Fates' Reversal		b
Fatespinner		u
Fatestitcher		u
Fathom Feeder		ub
Fathom Fleet Boarder		b
Fathom Fleet Captain		b
Fathom Fleet Cutthroat		b
Fathom Fleet Firebrand		r
Fathom Fleet Swordjack		r
Fathom Mage		ug
Fathom Seer		u
Fathom Trawl		u
Fatigue		u
Fault Line		r
Fault Riders		r
Faultgrinder		r
Fauna Shaman		g
Faunsbane Troll		bg
Favor of Jukai		g
Favor of the Mighty		w
Favor of the Overbeing		ug
Favor of the Woods		g
Favorable Destiny		w
Favorable Winds		u
Favored Enemy		g
Favored Hoplite		w
Favored of Iroas		w
Fblthp, Lost on the Range		u
Fblthp, the Lost		u
Fblthp: Completely, Utterly, Totally Lost		
Fealty to the Realm		u
Fear		b
Fear (split card)		b
Fear (split card) // Loathing		b
Fear My Authority		
Fear of Abduction		w
Fear of Being Hunted		r
Fear of Burning Alive		r
Fear of Change		ug
Fear of Death		u
Fear of Exposure		g
Fear of Failed Tests		u
Fear of Falling		u
Fear of Fear Itself		b
Fear of Forgetting Names		u
Fear of Going 0-2 Drop		r
Fear of Immobility		w
Fear of Impostors		u
Fear of Infinity		ub
Fear of Isolation		u
Fear of Lost Teeth		b
Fear of Missing Out		r
Fear of Ridicule		b
Fear of Sleep Paralysis		u
Fear of Surveillance		w
Fear of Unsleeved Decks		g
Fear of the Dark		b
Fear of the Unknown		
Fear, Fire, Foes!		r
Fearful Villager		r
Fearful Villager // Fearsome Werewolf		r
Fearless Fledgling		w
Fearless Halberdier		r
Fearless Liberator		r
Fearless Pup		r
Fearless Skald		r
Fearless Swashbuckler		ur
Fearsome Awakening		b
Fearsome Temper		r
Fearsome Werewolf		r
Fearsome Werewolf // Fearful Villager		r
Fearsome Whelp		r
Feast of Blood		b
Feast of Dreams		b
Feast of Flesh		b
Feast of Sanity		b
Feast of Succession		b
Feast of Worms		g
Feast of the Unicorn		b
Feast of the Victorious Dead		wb
Feast on the Fallen		b
Feast or Famine		b
Feaster of Fools		b
Feasting Hobbit		g
Feasting Troll King		g
Feat of Resistance		w
Feather of Flight		w
Feather, Radiant Arbiter		wr
Feather, the Redeemed		wr
Featherbrained Filcher		w
Fecund Greenshell		g
Fecundity		g
Feebleness		b
Feed		g
Feed // Mouth		g
Feed the Bog		b
Feed the Cauldron		b
Feed the Clan		g
Feed the Cycle		b
Feed the Flames		r
Feed the Infection		b
Feed the Machine		
Feed the Pack		g
Feed the Serpent		b
Feed the Swarm		b
Feedback		u
Feedback Bolt		r
Feeding Frenzy		b
Feeding Grounds		
Feeling of Dread		wu
Feign Death		b
Feint		r
Feisty Spikeling		wr
Feisty Stegosaurus		r
Feiyi Snake		g
Feldon of the Third Path		r
Feldon's Cane		
Feldon, Ronom Excavator		r
Felhide Brawler		b
Felhide Minotaur		b
Felhide Petrifier		b
Felhide Spiritbinder		r
Felidar Cub		w
Felidar Guardian		w
Felidar Retreat		w
Felidar Savior		w
Felidar Sovereign		w
Felidar Umbra		w
Feline Sovereign		g
Felisa, Fang of Silverquill		wb
Felix Five-Boots		ubg
Fell		b
Fell Beast of Mordor		b
Fell Beast's Shriek		ur
Fell Flagship		
Fell Gravship		b
Fell Horseman		b
Fell Horseman // Deathly Ride		b
Fell Mire	b	b
Fell Mire // Fell the Profane	b	b
Fell Shepherd		b
Fell Specter		b
Fell Stinger		b
Fell the Mighty		w
Fell the Pheasant		g
Fell the Profane	b	b
Fell the Profane // Fell Mire	b	b
Felling Blow		g
Fellwar Stone	wubrg	
Felonious Rage		r
Felothar the Steadfast		wbg
Felothar, Dawn of the Abzan		wbg
Femeref Archers		g
Femeref Enchantress		wg
Femeref Healer		w
Femeref Knight		w
Femeref Scouts		w
Fen Hauler		b
Fen Stalker		b
Fencer Clique		u
Fencer's Magemark		r
Fencing Ace		w
Fend Off		w
Fendeep Summoner		b
Feral Abomination		b
Feral Animist		rg
Feral Appetite		g
Feral Contest		g
Feral Deathgorger		b
Feral Deathgorger // Dusk Sight		b
Feral Deceiver		g
Feral Encounter		g
Feral Ferocity		g
Feral Ghoul		b
Feral Hydra		g
Feral Incarnation		g
Feral Instinct		g
Feral Invocation		g
Feral Krushok		g
Feral Lightning		r
Feral Maaka		r
Feral Prowler		g
Feral Ridgewolf		r
Feral Roar		g
Feral Shadow		b
Feral Thallid		g
Feral Throwback		g
Ferocification		r
Ferocious Charge		g
Ferocious Pup		g
Ferocious Tigorilla		r
Ferocious Werefox		g
Ferocious Werefox // Guard Change		g
Ferocious Zheng		g
Ferocity		g
Ferocity of the Wilds		r
Feroz's Ban		
Ferrafor, Young Yew		g
Ferris Wheel		
Ferropede		
Ferrous Lake	ur	
Ferrovore		r
Fertile Footsteps		g
Fertile Footsteps // Beanstalk Giant		g
Fertile Ground	wubrg	g
Fertile Imagination		g
Fertile Thicket	g	
Fertilid		g
Fertilid's Favor		g
Fervent Cathar		r
Fervent Champion		r
Fervent Charge		wbr
Fervent Denial		u
Fervent Mastery		r
Fervent Paincaster		r
Fervent Strike		r
Fervor		r
Festercreep		b
Festergloom		b
Festerhide Boar		g
Festering Evil		b
Festering Goblin		b
Festering Gulch	bg	
Festering March		b
Festering Mummy		b
Festering Newt		b
Festering Thicket	bg	
Festering Wound		b
Festerleech		b
Festival		w
Festival Crasher		r
Festival of Embers		r
Festival of Trokin		w
Festival of the Guildpact		w
Festive Funeral		b
Fetch Quest	g	g
Fetch Quest // Bramble Familiar	g	g
Fetching Garden	wg	
Fetid Gargantua		b
Fetid Heath	wbc	wb
Fetid Horror		b
Fetid Imp		b
Fetid Pools	ub	
Fettergeist		u
Feudkiller's Verdict		w
Fever Charm		r
Fevered Convulsions		b
Fevered Strength		b
Fevered Suspicion		br
Fevered Visions		ur
Fey Steed		w
Feywild Caretaker		u
Feywild Trickster		u
Feywild Visitor		u
Fibrous Entangler		g
Fibrous Entangler // Tangleclaw Werewolf		g
Fickle Efreet		r
Fiddlehead Kami		g
Field Creeper		
Field Marshal		w
Field Research		u
Field Surgeon		w
Field Trip		g
Field of Dreams		u
Field of Reality		u
Field of Ruin	c	
Field of Souls		w
Field of the Dead	c	
Field-Tested Frying Pan		w
Fieldmist Borderpost	wu	wu
Fields of Strife	wr	wr
Fields of Summer		
Fiend Artisan		bg
Fiend Binder		w
Fiend Hunter		w
Fiend of the Shadows		b
Fiendish Duo		r
Fiendish Panda		wb
Fiendlash		r
Fiendslayer Paladin		w
Fierce Empath		g
Fierce Guardianship		u
Fierce Invocation		r
Fierce Retribution		w
Fierce Witchstalker		g
Fiery Annihilation		r
Fiery Bombardment		r
Fiery Cannonade		r
Fiery Conclusion		r
Fiery Confluence		r
Fiery Emancipation		r
Fiery Encore		r
Fiery Fall		r
Fiery Finish		r
Fiery Gambit		r
Fiery Hellhound		r
Fiery Impulse		r
Fiery Inscription		r
Fiery Intervention		r
Fiery Islet	ur	
Fiery Justice		wrg
Fiery Mantle		r
Fiery Temper		r
Fifth Stage of Magic Design		rg
Fifty Feet of Rope		
Fight		wg
Fight // Prepare		wg
Fight On!		b
Fight Rigging		g
Fight as One		w
Fight for the Throne		g
Fight or Flight		w
Fight the _____ Fight		g
Fight to the Death		wr
Fight with Fire		r
Fighter Class		wr
Fighting Chance		r
Fighting Drake		u
Figure of Destiny		wr
Figure of Destiny Avatar		
Figure of Fable		wg
Filigree Angel		wu
Filigree Attendant		u
Filigree Crawler		
Filigree Familiar		
Filigree Fracture		g
Filigree Racer		r
Filigree Sages		u
Filigree Vector		w
Fill with Fright		b
Filter Out		u
Filth		b
Filthy Cur		b
Fin Fang Foom		r
Fin-Clade Fugitives		g
Final Act		b
Final Death		b
Final Flare		r
Final Flourish		b
Final Fortune		r
Final Iteration		u
Final Iteration // Docent of Perfection		u
Final Judgment		w
Final Parting		b
Final Payment		wb
Final Punishment		b
Final Revels		b
Final Reward		b
Final Showdown		w
Final Strike		b
Final Vengeance		b
Final-Sting Faerie		b
Final-Word Phantom		u
Finale of Devastation		g
Finale of Eternity		b
Finale of Glory		w
Finale of Promise		r
Finale of Revelation		u
Finality		bg
Finality // Find		bg
Finally! Left-Handed Magic Cards		
Finch Formation		u
Find		bg
Find // Finality		bg
Find the Path	g	g
Finders, Keepers		b
Finest Hour		wug
Finish		wb
Finish // Start		wb
Finishing Blow		b
Finishing Move		g
Finneas, Ace Archer		wg
Fioran Reformist		w
Firbolg Flutist		r
Firdoch Core	wubrg	
Fire		wur
Fire // Ice		ur
Fire // Start		wr
Fire Ambush		r
Fire Ants		r
Fire Bowman		r
Fire Covenant		br
Fire Diamond	r	
Fire Dragon		r
Fire Drake		r
Fire Elemental		r
Fire Giant's Fury		r
Fire Imp		r
Fire Juggler		r
Fire Lord Azula		ubr
Fire Lord Ozai	r	b
Fire Lord Sozin		b
Fire Lord Sozin // The Rise of Sozin		b
Fire Lord Zuko		wbr
Fire Magic		r
Fire Nation Ambushers		b
Fire Nation Archers		r
Fire Nation Attacks		r
Fire Nation Cadets		r
Fire Nation Engineer		b
Fire Nation Occupation		b
Fire Nation Palace	r	r
Fire Nation Raider		r
Fire Nation Salvagers		b
Fire Nation Sentinels		b
Fire Nation Soldier		r
Fire Nation Turret		r
Fire Nation Warship		
Fire Nation's Conquest		r
Fire Navy Trebuchet		b
Fire Prophecy		r
Fire Sages		r
Fire Servant		r
Fire Shrine Keeper		r
Fire Snake		r
Fire Sprites	r	g
Fire Tempest		r
Fire Urchin		r
Fire Whip		r
Fire and Brimstone		w
Fire at Will		wr
Fire of Orthanc		r
Fire-Belly Changeling		r
Fire-Field Ogre		ubr
Fire-Lit Thicket	rgc	rg
Fire-Omen Crane		r
Fire-Rim Form		r
Fireball		r
Firebender Ascension		r
Firebending Lesson		r
Firebending Student		r
Firebird, Blazing Ranger		r
Fireblade Artist		br
Fireblade Charger		r
Fireblast		r
Firebolt		r
Fireborn Knight		wr
Firebrand Archer		r
Firebrand Ranger		rg
Firebreathing		r
Firecannon Blast		r
Firecat Blitz		r
Firedrinker Satyr		r
Firefiend Elemental		r
Firefist Adept		r
Firefist Striker		r
Fireflux Squad		r
Firefly		r
Fireforger's Puzzleknot		r
Firefright Mage		r
Fireglass Mentor		br
Firehoof Cavalry		wr
Firemane Angel		wr
Firemane Avenger		wr
Firemane Commando		w
Firemantle Mage		r
Firemaw Kavu		r
Firemind Vessel		
Firemind's Foresight		ur
Firemind's Research		ur
Fires of Invention		r
Fires of Mount Doom		r
Fires of Undeath		br
Fires of Victory		ur
Fires of Yavimaya		rg
Firescreamer		br
Fireshrieker		
Fireslinger		r
Firesong and Sunspeaker		wr
Firespitter Whelp		r
Firespout		rg
Firestorm		r
Firestorm Hellkite		ur
Firestorm Phoenix		r
Firewake Sliver		rg
Firewild Borderpost	rg	rg
Firewing Phoenix		r
Firion, Wild Rose Warrior		r
Firja's Retribution		wb
Firja, Judge of Valor		wb
Firkraag, Cunning Instigator		ur
Firmament Sage		u
First Come, First Served		w
First Day of Class		r
First Family		ug
First Little Pig		wg
First Pick		g
First Responder		g
First Response		w
First Sliver's Chosen		w
First Stage of Magic Design	b	wubrg
First Volley		r
First-Sphere Gargantua		b
First-Time Flyer		u
Fisher's Talent		ug
Fishing Gear		
Fishing Pole		
Fishliver Oil		u
Fisk Tower	wb	
Fissure		r
Fissure Vent		r
Fissure Wizard		r
Fist of Suns		wubrg
Fistful of Force		g
Fists of Flame		r
Fists of Ironwood		g
Fists of the Anvil		r
Fists of the Demigod		br
Fit of Rage		r
Five Hundred Year Diary	u	u
Five Kids in a Trenchcoat		w
Five-Alarm Fire		r
Five-Finger Discount		u
Fix What's Broken		wb
Fixed Point in Time		
Fixer, Techno Terror		b
Flaccify		u
Flagstones of Trokair	w	
Flailing Drake		g
Flailing Manticore		r
Flailing Ogre		r
Flailing Soldier		r
Flame Blitz		r
Flame Burst		r
Flame Channeler		r
Flame Channeler // Embodiment of Flame		r
Flame Discharge		r
Flame Elemental		r
Flame Fusillade		r
Flame Jab		r
Flame Javelin		r
Flame Jet		r
Flame Lash		r
Flame On!		r
Flame Rift		r
Flame Slash		r
Flame Spill		r
Flame Spirit		r
Flame Sweep		r
Flame Wave		r
Flame of Anor		ur
Flame-Blessed Bolt		r
Flame-Chain Mauler		r
Flame-Kin War Scout		r
Flame-Kin Zealot		wr
Flame-Wreathed Phoenix		r
Flameblade Adept		r
Flameblade Angel		r
Flameblast Dragon		r
Flameborn Hellion		r
Flameborn Viron		r
Flamebraider	wubrg	r
Flamebreak		r
Flamecache Gecko	br	r
Flamecast Wheel		
Flamecore Elemental		r
Flameheart Werewolf		r
Flameheart Werewolf // Kessig Forgemaster		r
Flamehold Grappler		wur
Flamekin Bladewhirl		r
Flamekin Brawler		r
Flamekin Gildweaver		r
Flamekin Harbinger		r
Flamekin Herald		r
Flamekin Spitfire		r
Flamekin Village	r	r
Flamerush Rider		r
Flames of Moradin		r
Flames of the Blood Hand		r
Flames of the Firebrand		r
Flames of the Raze-Boar		r
Flamescroll Celebrant		wr
Flamescroll Celebrant // Revel in Silence		wr
Flameshadow Conjuring		r
Flameshape		r
Flameshape // Gandalf, Goblins' Bane		r
Flameshot		r
Flameskull		r
Flamespeaker Adept		r
Flamespeaker's Will		r
Flamestick Courier		r
Flamethrower Sonata		ur
Flamethrower Sonata // Torrent Sculptor		ur
Flametongue Kavu		r
Flametongue Kavu Avatar		
Flametongue Yearling		r
Flamewake Phoenix		r
Flamewar, Brash Veteran		br
Flamewar, Brash Veteran // Flamewar, Streetwise Operative		br
Flamewar, Streetwise Operative		br
Flamewar, Streetwise Operative // Flamewar, Brash Veteran		br
Flamewave Invoker		r
Flamewright		wr
Flaming Fist		w
Flaming Fist Duskguard		w
Flaming Fist Officer		w
Flaming Gambit		r
Flaming Sword		r
Flaming Tyrannosaurus		r
Flanking Licid		r
Flanking Troops		w
Flare		r
Flare of Cultivation		g
Flare of Denial		u
Flare of Duplication		r
Flare of Faith		w
Flare of Fortitude		w
Flare of Malice		b
Flaring Cinder		ur
Flaring Flame-Kin		r
Flaring Pain		r
Flash		u
Flash Conscription		wr
Flash Counter		u
Flash Flood		u
Flash Foliage		g
Flash Photography		u
Flash Thompson, Spider-Fan		w
Flash of Defiance		r
Flash of Insight		u
Flashback		r
Flashfires		r
Flashfreeze		u
Flatline		u
Flatman		g
Flatten		b
Flavor Disaster		g
Flavor Judge		w
Flawless Forgery		u
Flawless Maneuver		w
Flaxen Intruder		g
Flaxen Intruder // Welcome Home		g
Flay		b
Flay Essence		b
Flayed Nim		b
Flayed One		b
Flayer Drone		br
Flayer Husk		
Flayer of Loyalties		c
Flayer of the Hatebound		r
Flaying Tendrils		b
Fledgling Djinn		b
Fledgling Dragon		r
Fledgling Griffin		w
Fledgling Imp		b
Fledgling Mawcor		u
Fledgling Osprey		u
Fleecemane Lion		wg
Fleet Swallower		u
Fleet-Footed Monk		w
Fleetfeather Cockatrice		ug
Fleetfeather Sandals		
Fleetfoot Dancer		wrg
Fleetfoot Panther		wg
Fleeting Aven		u
Fleeting Distraction		u
Fleeting Effigy		r
Fleeting Flight		w
Fleeting Image		u
Fleeting Memories		u
Fleeting Reflection		u
Fleeting Spirit		w
Fleetwheel Cruiser		
Flensermite		b
Flensing Raptor		w
Flesh		brg
Flesh // Blood		brg
Flesh Allergy		b
Flesh Burrower		g
Flesh Carver		b
Flesh Duplicate		u
Flesh Reaver		b
Flesh to Dust		b
Flesh-Eater Imp		b
Fleshbag Marauder		b
Fleshformer		wubrg
Fleshgrafter		b
Fleshless Gladiator		b
Fleshmad Steed		b
Fleshpulper Giant		r
Fleshtaker		wb
Fleshwrither		b
Flexible Waterbender		u
Flick a Coin		r
Flicker		w
Flicker of Fate		w
Flickerform		w
Flickering Spirit		w
Flickering Ward		w
Flickerwisp		w
Flight		u
Flight Spellbomb		u
Flight of Equenauts		w
Flight of Fancy		u
Flight-Deck Coordinator		w
Fling		r
Flint Golem		
Flinthoof Boar		rg
Flip the Switch		u
Flitterstep Eidolon		u
Flitterwing Nuisance		u
Flitting Guerrilla		b
Floating Shield		w
Floating-Dream Zubera		u
Flock Impostor		w
Flock of Rabid Sheep		g
Flockchaser Phantom		wu
Flood		u
Flood Plain		
Flood of Recollection		u
Flood of Tears		u
Flood the Engine		u
Floodbringer		u
Floodchaser		u
Flooded Grove	ugc	ug
Flooded Shoreline		u
Flooded Strand		
Flooded Woodlands		ub
Floodfarm Verge	wu	
Floodgate		u
Floodhound		u
Floodpits Drowner		u
Floodtide Serpent		u
Floodwater Dam		
Floodwaters		u
Flopsie, Bumi's Buddy		g
Flora Colossus		g
Floral Evoker		g
Floral Spuzzem		g
Florian, Voldaren Scion		br
Floriferous Vinewall		g
Flotsam		ubg
Flotsam // Jetsam		ubg
Flourish		wg
Flourish // Flower		wg
Flourishing Bloom-Kin		g
Flourishing Defenses		g
Flourishing Fox		w
Flourishing Hunter		g
Flourishing Strike		g
Flow State		u
Flow of Ideas		u
Flow of Knowledge		u
Flow of Maggots		b
Flower		wg
Flower // Flourish		wg
Flowerfoot Swordmaster		w
Flowering Field		w
Flowering Lumberknot		g
Flowering of the White Tree		w
Flowstone Armor		
Flowstone Blade		r
Flowstone Channeler		r
Flowstone Charger		wr
Flowstone Crusher		r
Flowstone Embrace		r
Flowstone Flood		r
Flowstone Giant		r
Flowstone Hellion		r
Flowstone Infusion		r
Flowstone Kavu		r
Flowstone Mauler		r
Flowstone Overseer		r
Flowstone Salamander		r
Flowstone Sculpture		
Flowstone Shambler		r
Flowstone Slide		r
Flowstone Strike		r
Flowstone Surge		r
Flowstone Thopter		
Flowstone Wall		r
Flowstone Wyvern		r
Flubs, the Fool		urg
Fluctuator		
Fludge, Gunk Guardian		bg
Flummoxed Cyclops		r
Flumph		w
Flunk		b
Fluros of Myra's Marvels		u
Flurry of Horns		r
Flurry of Wings		wug
Flush Out		r
Flush Out // Stormshriek Feral		r
Flusterstorm		u
Flutterfox		w
Fluttershy		wg
Flux		u
Flux Channeler		u
Fluxcharger		ur
Fly		u
Flycatcher Giraffid		g
Flying Carpet		
Flying Crane Technique		wur
Flying Dolphin-Fish		u
Flying Drone		u
Flying Kick		ur
Flying Kick // Double Jump		ur
Flying Men		u
Flying Octobot		u
Flywheel Racer	wubrg	
Foam Weapons Kiosk		
Focus Fire		w
Focus the Mind		u
Focused Funambulist		u
Fodder Cannon		
Fodder Launch		b
Fodder Tosser		
Foe-Razer Regent		g
Foe-liage		g
Fog		g
Fog Bank		u
Fog Elemental		u
Fog Patch		g
Fog of Gnats		b
Fog of War		g
Fog on the Barrow-Downs		w
Foggy Bottom Swamp	bg	
Foggy Nelson, On Retainer		w
Foggy Swamp Hunters		b
Foggy Swamp Spirit Keeper		ub
Foggy Swamp Vinebender		g
Foggy Swamp Visions		b
Fogwalker		u
Fogwell's Gym	r	r
Foil		u
Fold into Aether		u
Folio of Fancies		u
Folk Hero		w
Folk Medicine		wg
Folk of An-Havva		g
Folk of the Pines		g
Follow Him	c	u
Follow Him // James, Wandering Dad	c	u
Follow the Bodies		u
Follow the Lumarets		g
Follow the Tracks		g
Followed Footsteps		u
Fomori Nomad		r
Fomori Vault	c	
Font of Agonies		b
Font of Fertility		g
Font of Fortunes		u
Font of Ire		r
Font of Magic		u
Font of Mythos		
Font of Progress		u
Font of Return		b
Font of Vigor		w
Food Chain	wubrg	g
Food Coma		w
Food Fight		r
Fool's Demise		u
Fool's Tome		
Foolish Fate		b
Foot Chopper		b
Foot Elite		wb
Foot Headquarters	wb	
Foot Mystic		b
Foot Ninjas		wb
Foot Soldiers		w
Footbottom Feast		b
Footfall Crater		r
Foothill Guide		w
Footlight Fiend		br
Footsteps of the Goryo		b
For Each of You, a Gift		
For the Ancestors		g
For the Common Good		g
For the Emperor!		w
For the Family		g
Foraging Wickermaw	wubrg	
Foratog		g
Foray of Orcs		r
Forbid		u
Forbidden Alchemy		ub
Forbidden Crypt		b
Forbidden Friendship		r
Forbidden Lore		g
Forbidden Orchard	wubrg	
Forbidden Ritual		b
Forbidding Spirit		w
Forbidding Watchtower	w	w
Force Away		u
Force Bubble		w
Force Spike		u
Force Void		u
Force of Despair		b
Force of Nature		g
Force of Negation		u
Force of Rage		r
Force of Rowan		r
Force of Savagery		g
Force of Vigor		g
Force of Virtue		w
Force of Will		u
Forced Adaptation		g
Forced Fruition		u
Forced Landing		g
Forced March		b
Forced Retreat		u
Forced Worship		w
Forcefield		
Forceful Cultivator		g
Forceful Denial		u
Forcemage Advocate		g
Forebear's Blade		
Foreboding Fruit		b
Foreboding Landscape	c	ubg
Foreboding Ruins	br	
Foreboding Statue	wubrg	
Foreboding Statue // Forsaken Thresher	wubrg	
Foreboding Steamboat		b
Forecasting Fortune Teller		u
Forensic Gadgeteer		u
Forensic Researcher		u
Forerunner of Slaughter		br
Forerunner of the Coalition		b
Forerunner of the Empire		r
Forerunner of the Heralds		g
Forerunner of the Legion		w
Foresee		u
Foreshadow		u
Foresight		u
Forest	g	
Forest Bear		g
Forestfolk		ug
Forethought Amulet		
Forever Young		b
Forfend		w
Forge Anew		w
Forge Armor		r
Forge Boss		br
Forge Devil		r
Forge of Heroes	c	
Forgeborn Oreads		r
Forgeborn Phoenix		r
Forgefire Automaton		b
Forgehammer Centurion		r
Forger's Foundry	u	u
Forgestoker Dragon		r
Forget		u
Forging the Anchor		u
Forging the Tyrite Sword		wr
Forgotten Ancient		g
Forgotten Cave	r	r
Forgotten Cellar		g
Forgotten Cellar // Walk-In Closet		g
Forgotten Creation		u
Forgotten Harvest		g
Forgotten Lore		g
Forgotten Monument	wubrgc	
Forgotten Sentinel		
Foriysian Brigade		w
Foriysian Interceptor		w
Foriysian Totem	r	r
Fork		r
Fork in the Road		g
Forked Bolt		r
Forked Lightning		r
Forked-Branch Garami		g
Forktail Sweep		r
Forktail Sweep // Fang Dragon		r
Forlorn Flats	wb	
Forlorn Pseudamma		b
Form a Posse		wr
Form of the Approach of the Second Sun		w
Form of the Dinosaur		r
Form of the Dragon		r
Form of the Mulldrifter		u
Form of the Squirrel		g
Form of the Stax Player		w
Formation		w
Formation Breaker		g
Formidable Speaker		g
Formless Genesis		g
Formless Nurturing		g
Forsake the Worldly		w
Forsaken City	wubrg	
Forsaken Crossroads		
Forsaken Drifters		b
Forsaken Miner		b
Forsaken Monument	c	c
Forsaken Sanctuary	wb	
Forsaken Thresher	wubrg	
Forsaken Thresher // Foreboding Statue	wubrg	
Forsaken Wastes		b
Forsworn Paladin		b
Forth Eorlingas!		wr
Fortified Area		w
Fortified Beachhead	wu	
Fortified Rampart		w
Fortified Village	wg	
Fortify		w
Fortifying Draught		g
Fortifying Provisions		w
Fortitude		g
Fortress Crab		u
Fortress Cyclops		wr
Fortress Kin-Guard		w
Fortuitous Find		b
Fortunate Few		w
Fortune Teller		
Fortune Teller's Talent		u
Fortune Thief		r
Fortune's Favor		u
Fortune, Loyal Steed		w
Forum Familiar		w
Forum Filibuster		w
Forum Necroscribe		b
Forum of Amity	wb	wb
Forum's Favor		w
Forum's Favor // Honorbound Page		w
Fossil Find		rg
Foster		g
Foul Emissary		g
Foul Familiar		b
Foul Imp		b
Foul Orchard	bg	
Foul Play		b
Foul Presence		b
Foul Rebirth		b
Foul Rebirth // Promise of Aclazotz		b
Foul Renewal		b
Foul Roads	b	b
Foul Spirit		b
Foul Watcher		u
Foul-Tongue Invocation		b
Foul-Tongue Shriek		b
Foulmire Knight		b
Foulmire Knight // Profane Insight		b
Found Footage		
Foundation Breaker		g
Founding of Omashu		r
Founding the Third Path		u
Foundry Assembler		
Foundry Beetle		r
Foundry Champion		wr
Foundry Groundbreaker		g
Foundry Helix		wr
Foundry Hornet		b
Foundry Inspector		
Foundry Screecher		b
Foundry Street Denizen		r
Foundry of the Consuls	c	
Fountain Watch		w
Fountain of Cho	w	
Fountain of Ichor	wubrg	
Fountain of Renewal		
Fountain of Youth		
Fountainport	c	
Fountainport Bell		
Fountainport Charmer		g
Four Knocks		w
Fourth Bridge Prowler		b
Fourth Stage of Magic Design		u
Fowl Play		u
Fowl Strike		g
Foxfire		g
Foxfire Oak		rg
Fractal Anomaly		u
Fractal Harness		g
Fractal Mascot		ug
Fractal Summoning		ug
Fractal Tender		ug
Fractalize		u
Fraction Jackson		g
Fracture		wb
Fractured Identity		wu
Fractured Loyalty		r
Fractured Powerstone	c	
Fractured Realm		u
Fractured Realm // Mirror Room		u
Fractured Sanity		u
Fracturing Gust		wg
Fragment Reality		w
Fragment of Konda		w
Fragment of Konda // The Fall of Lord Konda		w
Fragmentize		w
Framed!		u
Francisco, Fowl Marauder		b
Frankenstein's Monster		b
Frankie Peanuts		w
Franklin Richards, Ascendant		r
Frantic Confrontation		r
Frantic Firebolt		r
Frantic Inventory		u
Frantic Purification		w
Frantic Salvage		w
Frantic Scapegoat		r
Frantic Search		u
Frantic Strength		g
Fraternal Exaltation		u
Fraying Line		
Fraying Omnipotence		b
Fraying Sanity		u
Frazzle		u
Frazzled Editor		r
Free from Flesh		r
Free the Fae		u
Free the Fae // Picklock Prankster		u
Free-Range Chicken		g
Free-for-All		u
Freed from the Real		u
Freedom Fighter Recruit		r
Freejam Regent		r
Freelance Muscle		g
Freestrider Commando		g
Freestrider Lookout		g
Freewind Equenaut		w
Freewind Falcon		w
Freeze in Place		u
Frenemy of the Guildpact		g
Frenetic Efreet		ur
Frenetic Efreet Avatar		
Frenetic Ogre		r
Frenetic Raptor		r
Frenetic Sliver		ur
Frenzied Arynx		rg
Frenzied Baloth		g
Frenzied Devils		r
Frenzied Fugue		r
Frenzied Geistblaster		r
Frenzied Goblin		r
Frenzied Gorespawn		br
Frenzied Rage		r
Frenzied Raider		r
Frenzied Raptor		r
Frenzied Saddlebrute		r
Frenzied Tilling		rg
Frenzied Trapbreaker		g
Frenzied Trapbreaker // Outland Liberator		g
Frenzy Sliver		b
Fresh Meat		g
Fresh Start		u
Fresh Volunteers		w
Fresh-Faced Recruit		wr
Fretwork Colony		b
Freya Crescent	r	r
Freyalise Supplicant		g
Freyalise's Charm		g
Freyalise's Radiance		g
Freyalise's Winds		g
Freyalise, Llanowar's Fury	g	g
Freyalise, Skyshroud Partisan		g
Friarball		w
Frie, Displaced in Time		ubr
Friendly Fire		r
Friendly Ghost		w
Friendly Neighborhood		w
Friendly Rivalry		rg
Friendly Teddy		
Frightcrawler		b
Frightful Delusion		u
Frightshroud Courier		b
Frilled Cave-Wurm		u
Frilled Deathspitter		r
Frilled Mystic		ug
Frilled Oculus		ug
Frilled Sandwalla		g
Frilled Sea Serpent		u
Frilled Sparkshooter		r
Frillscare Mentor		r
Frodo Baggins		wg
Frodo, Adventurous Hobbit		wb
Frodo, Determined Hero		w
Frodo, Sauron's Bane		wb
Frog Butler	wubrg	g
Frog Tongue		g
Frog-Squirrels		g
Froghemoth		g
Frogify		u
Frogkin Kidnapper		b
Frogmite		
Frogmyr Enforcer		r
Frogtosser Banneret		b
Frolicking Familiar		ur
Frolicking Familiar // Blow Off Steam		ur
From Beyond	c	g
From Father to Son		w
From Under the Floorboards		b
From the Ashes		r
From the Catacombs		b
From the Rubble		w
Frondland Felidar		wg
Frontier Bivouac	urg	
Frontier Explorer		w
Frontier Guide		g
Frontier Mastodon		g
Frontier Seeker		w
Frontier Siege	g	g
Frontier Warmonger		r
Frontline Devastator		r
Frontline Heroism		r
Frontline Medic		w
Frontline Rebel		r
Frontline Rush		wr
Frontline Sage		u
Frontline Strategist		w
Frontline War-Rager		r
Frost Augur		u
Frost Bite		r
Frost Breath		u
Frost Fair Lure Fish		ur
Frost Giant		r
Frost Lynx		u
Frost Marsh	ub	
Frost Ogre		r
Frost Raptor		u
Frost Titan		u
Frost Trickster		u
Frost Walker		u
Frostboil Snarl	ur	
Frostbridge Guard		w
Frostburn Weird		ur
Frostcliff Siege		ur
Frostfist Strider		u
Frostling		r
Frostpeak Yeti		u
Frostpyre Arcanist		u
Frostveil Ambush		u
Frostwalk Bastion	c	
Frostwalla		g
Frostweb Spider		g
Frostwielder		r
Frostwind Invoker		u
Frozen Aether		u
Frozen Shade		b
Frozen Solid		u
Frozen in Ice		u
Fruit of Tizerus		b
Fruit of the First Tree		g
Fruitcake Elemental		g
Fruition		g
Fry		r
Fuel Tank Feaster	wubrg	g
Fuel for the Cause		u
Fuel the Flames		r
Fugitive Codebreaker		r
Fugitive Droid		u
Fugitive Druid		g
Fugitive Wizard		u
Fugitive of the Judoon		g
Fugue		b
Fulgent Distraction		w
Full Bore		r
Full Flowering		g
Full Moon's Rise		g
Full Steam Ahead		g
Full Throttle		r
Fully Grown		g
Fully-Grown Treefolk		g
Fully-Grown Treefolk // Plant a Sapling		g
Fulminator Mage		br
Fumarole		br
Fumble		u
Fume Spitter		b
Fumigate		w
Fumiko the Lowblood		r
Fuming Effigy		r
Fumulus, the Infestation		b
Funeral Charm		b
Funeral Longboat		
Funeral March		b
Funeral Pyre		w
Funeral Rites		b
Funeral Room		b
Funeral Room // Awakening Hall		b
Fungal Behemoth		g
Fungal Bloom		g
Fungal Colossus		g
Fungal Fortitude		b
Fungal Infection		b
Fungal Plots		g
Fungal Reaches	rgc	
Fungal Rebirth		g
Fungal Shambler		ubg
Fungal Sprouting		g
Fungus Elemental		g
Fungus Frolic	g	g
Fungus Frolic // Brightcap Badger	g	g
Fungus Sliver		g
Fungusaur		g
Funnel-Web Recluse		g
Furgul, Quag Nurturer	g	bg
Furious		r
Furious // Fast		r
Furious Assault		r
Furious Bellow		r
Furious Forebear		w
Furious Reprisal		r
Furious Resistance		r
Furious Rise		r
Furious Spinesplitter		rg
Furious Strength		r
Furnace Brood		r
Furnace Celebration		r
Furnace Dragon		r
Furnace Gremlin		r
Furnace Hellkite		r
Furnace Host Charger		r
Furnace Layer		
Furnace Oriflamme		r
Furnace Punisher		r
Furnace Reins		r
Furnace Scamp		r
Furnace Skullbomb		r
Furnace Spirit		r
Furnace Strider		r
Furnace Whelp		r
Furnace of Rath		r
Furnace-Blessed Conqueror		wr
Furnace-Blessed Conqueror // Sun-Blessed Guardian		wr
Furor of the Bitten		r
Furtive Analyst		u
Furtive Courier		u
Furtive Homunculus		u
Fury		r
Fury Charm		r
Fury Sliver		r
Fury Storm		r
Fury of the Horde		r
Furyblade Vampire		r
Furyborn Hellkite		r
Furycalm Snarl	wr	
Furygale Flocking		r
Furystoke Giant		r
Fusion Elemental		wubrg
Fuss		wur
Fuss // Bother		wur
Future Flight		u
Future Sight		u
Futurist Forge		u
Futurist Operative		u
Futurist Sentinel		u
Futurist Spellthief		u
Fylamarid		u
Fylgja		w
Fyndhorn Bow		
Fyndhorn Brownie		g
Fyndhorn Druid		g
Fyndhorn Elder	g	g
Fyndhorn Elves	g	g
Fyndhorn Pollen		g
Fynn, the Fangbearer		g
Fíli and Kíli, Joyous	r	r
G'raha Tia		w
G'raha Tia, Scion Reborn		wub
GO TO JAIL		w
Gabriel Angelfire		wg
Gaddock Teeg		wg
Gadget Technician		ur
Gadrak, the Crown-Scourge		r
Gadwick's First Duel		u
Gadwick, the Wizened		u
Gaea's Anthem		g
Gaea's Avenger		g
Gaea's Balance		g
Gaea's Blessing		g
Gaea's Bounty		g
Gaea's Courser		g
Gaea's Cradle	g	
Gaea's Embrace		g
Gaea's Gift		g
Gaea's Herald		g
Gaea's Liege		g
Gaea's Might		g
Gaea's Protector		g
Gaea's Revenge		g
Gaea's Skyfolk		ug
Gaea's Touch	g	g
Gaea's Will		g
Gaelicat		w
Gahiji, Honored One		wrg
Gainsay		u
Gaius van Baelsar		b
Gala Greeters		g
Galactic Wayfarer		g
Galactus, Devourer of Worlds		
Galadhrim Ambush		g
Galadhrim Bow		g
Galadhrim Brigade		g
Galadhrim Guide		g
Galadriel of Lothlórien		ug
Galadriel's Dismissal		w
Galadriel, Elven-Queen		ug
Galadriel, Gift-Giver		g
Galadriel, Light of Valinor	g	wug
Galathul Galecaller		u
Galathul Galecaller // Corvid Squall		u
Galazeth Prismari	wubrg	ur
Gale Force		g
Gale Swooper		w
Gale's Redirection		u
Gale, Abyssal Conduit		ub
Gale, Conduit of the Arcane		u
Gale, Holy Conduit		wu
Gale, Primeval Conduit		ug
Gale, Storm Conduit		ur
Gale, Temporal Conduit		u
Gale, Waterdeep Prodigy		u
Galea, Kindler of Hope		wug
Galecaster Colossus		u
Galedrifter		u
Galedrifter // Waildrifter		u
Galepowder Mage		w
Galerider Sliver		u
Galestrike		u
Galewind Moose		g
Galian Beast		b
Galian Beast // Vincent Valentine		b
Galina's Knight		wu
Gallant Cavalry		w
Gallant Citizen		wg
Gallant Fowlknight		w
Gallant Pie-Wielder		w
Gallant Strike		w
Gallantry		w
Gallery of Legends		
Gallia of the Endless Dance		rg
Gallifrey Council Chamber	wubrgc	
Gallifrey Falls		wr
Gallifrey Falls // No More		wr
Gallifrey Stands		wu
Galloping Lizrog		ug
Gallowbraid		b
Gallows Warden		w
Gallows at Willow Hill		
Galuf's Final Act		g
Galvanic Alchemist		u
Galvanic Arc		r
Galvanic Blast		r
Galvanic Bombardment		r
Galvanic Discharge		r
Galvanic Giant		u
Galvanic Giant // Storm Reading		u
Galvanic Iteration		ur
Galvanic Juggernaut		
Galvanic Key		
Galvanic Relay		r
Galvanize		r
Galvanizing Sawship		r
Galvanoth		r
Gamble		r
Game Knights Live		
Game Over		b
Game Plan		u
Game Preserve		g
Game Trail	rg	
Game of Chaos		r
Game-Trail Changeling		g
Gamekeeper		g
Gamma Grotesque		g
Ganax, Astral Hunter		r
Gandalf of the Secret Fire		wur
Gandalf the Grey		ur
Gandalf the White		w
Gandalf's Sanction		ur
Gandalf, Friend of the Shire		u
Gandalf, Goblins' Bane		r
Gandalf, Goblins' Bane // Flameshape		r
Gandalf, Party Guest		wur
Gandalf, Westward Voyager		ug
Gandalf, White Rider		w
Gang Up		b
Gang of Devils		r
Gang of Elk		g
Gangly Stompling		rg
Gangrenous Goliath		b
Gangrenous Zombies		b
Garbage Elemental		r
Garbage Fire		r
Garden of Freyalise	g	g
Garden of Freyalise // Disciple of Freyalise	g	g
Gardens of Tranquil Repose		
Garenbrig Carver		g
Garenbrig Carver // Shield's Might		g
Garenbrig Growth		g
Garenbrig Growth // Virtue of Strength		g
Garenbrig Paladin		g
Garenbrig Squire		g
Gargadon		r
Gargantuan Gorilla		g
Gargantuan Leech		b
Gargantuan Slabhorn		ug
Gargantuan Slabhorn // Invasion of Pyrulea		ug
Gargos, Vicious Watcher		g
Gargoyle Castle	c	
Gargoyle Flock		ug
Gargoyle Sentinel		
Garland, Knight of Cornelia		br
Garland, Knight of Cornelia // Chaos, the Endless		br
Garland, Royal Kidnapper		ub
Garna, Bloodfist of Keld		br
Garna, the Bloodflame		br
Garnet, Princess of Alexandria		wg
Garrison Cat		w
Garrison Excavator		r
Garrison Griffin		w
Garrison Sergeant		wr
Garruk Relentless		g
Garruk Relentless // Garruk, the Veil-Cursed		g
Garruk Wildspeaker		g
Garruk the Slayer		
Garruk's Companion		g
Garruk's Gorehorn		g
Garruk's Harbinger		g
Garruk's Horde		g
Garruk's Lost Wolf		g
Garruk's Lost Wolf // Hey, Has Anyone Seen Garruk?		g
Garruk's Packleader		g
Garruk's Uprising		g
Garruk's Warsteed		g
Garruk, Apex Predator		bg
Garruk, Caller of Beasts		g
Garruk, Curse Breaker		g
Garruk, Cursed Huntsman		bg
Garruk, Primal Hunter		g
Garruk, Savage Herald		g
Garruk, Unleashed		g
Garruk, Veiled Butcher		b
Garruk, Wrath of the Wilds		g
Garruk, the Veil-Cursed		g
Garruk, the Veil-Cursed // Garruk Relentless		g
Garrulous Sycophant		b
Garth One-Eye		wubrg
Gary Clone		w
Garza Zol, Plague Queen		ubr
Garza's Assassin		b
Gas Guzzler		b
Gaseous Form		u
Gastal Blockbuster		r
Gastal Raider		b
Gastal Thrillroller		r
Gastal Thrillseeker		br
Gate Colossus		
Gate Hound		w
Gate Smasher		
Gate of the Black Dragon	b	b
Gate to Manorborn	g	g
Gate to Phyrexia		b
Gate to Seatower	u	u
Gate to Tumbledown	r	r
Gate to the Aether		
Gate to the Afterlife		
Gate to the Citadel	w	w
Gatebreaker Ram		g
Gatecreeper Vine		g
Gatekeeper Gargoyle		
Gatekeeper of Malakir		b
Gates Ablaze		r
Gates of Istfell	w	wu
Gatewatch Beacon	w	w
Gateway Plaza	wubrg	
Gateway Shade		b
Gateway Sneak		u
Gathan Raiders		r
Gather Courage		g
Gather Specimens		u
Gather the Pack		g
Gather the Townsfolk		w
Gather the White Lotus		w
Gather, the Townsfolk		w
Gatherer of Graces		g
Gathering Place	wgc	
Gathering Stone		
Gathering Throng		w
Gatstaf Arsonists		r
Gatstaf Arsonists // Gatstaf Ravagers		r
Gatstaf Howler		g
Gatstaf Howler // Gatstaf Shepherd		g
Gatstaf Ravagers		r
Gatstaf Ravagers // Gatstaf Arsonists		r
Gatstaf Shepherd		g
Gatstaf Shepherd // Gatstaf Howler		g
Gatta and Luzzu		w
Gau, Feral Youth		r
Gauntlet of Might	r	
Gauntlet of Power		
Gauntlets of Chaos		
Gauntlets of Light		w
Gavel of the Righteous		
Gavi, Nest Warden		wur
Gavony		
Gavony Dawnguard		w
Gavony Ironwright		w
Gavony Silversmith		w
Gavony Township	c	wg
Gavony Trapper		w
Gavony Unhallowed		b
Gaze of Adamaro		r
Gaze of Granite		bg
Gaze of Justice		w
Gaze of Pain		b
Gaze of the Gorgon		bg
Gearbane Orangutan		r
Gearseeker Serpent		u
Gearshift Ace		w
Gearsmith Guardian		
Gearsmith Prodigy		u
Geek Lotus Warrior		
Geier Reach Bandit		r
Geier Reach Bandit // Vildin-Pack Alpha		r
Geier Reach Sanitarium	c	
Geist Snatch		u
Geist Trappers		g
Geist of Regret		u
Geist of Saint Traft		wu
Geist of the Archives		u
Geist of the Lonely Vigil		w
Geist of the Moors		w
Geist-Fueled Scarecrow		
Geist-Honored Monk		w
Geistblast		ur
Geistcatcher's Rig		
Geistchanneler		u
Geistflame		r
Geistflame Reservoir		r
Geistlight Snare		u
Geistpack Alpha		g
Geistwave		u
Gelatinous Cube		b
Gelatinous Genesis		g
Gelectrode		ur
Gelid Shackles		w
Gem Bazaar		
Gem of Becoming		
Gemcutter Buccaneer		r
Gemhide Sliver	wubrg	g
Gemini Engine		
Gempalm Avenger		w
Gempalm Incinerator		r
Gempalm Polluter		b
Gempalm Sorcerer		u
Gempalm Strider		g
Gemrazer		g
Gemstone Array	wubrg	
Gemstone Caverns	wubrgc	
Gemstone Mine	wubrg	
Gen, Confider of Ages		wubrg
Genasi Enforcers		r
Genasi Rabble-Rouser		r
Gene Pollinator	wubrg	g
Genemorph Imago		ug
General Ferrous Rokiric		wr
General Jarkeld		w
General Kreat, the Boltbringer		r
General Kudro of Drannith		wb
General Leo Cristophe		w
General Marhault Elsdragon		rg
General Tazri		wubrg
General Thunderbolt Ross		w
General Traag, Heart of Stone		r
General's Enforcer		wb
General's Kabuto		
General's Regalia		
Generated Horizons		g
Generator Servant	c	r
Generous Ent		g
Generous Gift		w
Generous Patron		g
Generous Plunderer		r
Generous Pup		w
Generous Soul		w
Generous Soul // Beloved Beggar		w
Generous Stray		g
Generous Visitor		g
Genesis		g
Genesis Chamber		
Genesis Hydra		g
Genesis Storm		g
Genesis Ultimatum		urg
Genesis Wave		g
Genesis of the Daleks		b
Genestealer Locus		u
Genestealer Patriarch		u
Genetic Recombinator		
Genevieve, Conniving Dragon		wubrg
Genghis Frog		ug
Genji Glove		
Genju of the Cedars		g
Genju of the Falls		u
Genju of the Fens		b
Genju of the Fields		w
Genju of the Realm		wubrg
Genju of the Spires		r
Genku, Future Shaper		wu
Gentleman's Rise		wb
Gentleman's Rise // Hildibrand Manderville		wb
Geode Golem		
Geode Grotto	r	r
Geode Grotto // Dowsing Device	r	r
Geode Rager		r
Geological Appraiser		r
Geology Enthusiast		u
Geomancer's Gambit		r
Geometer's Arthropod		ug
Geometric Nexus		
Geometric Weird		r
Geosurge	r	r
Geothermal Bog	br	
Geothermal Crevice	brg	
Geothermal Kami		g
Geralf's Masterpiece		u
Geralf's Messenger		b
Geralf's Mindcrusher		u
Geralf, Visionary Stitcher		u
Geralf, the Fleshwright		u
Germinating Wurm		g
Germination Practicum		g
Gerrard		
Gerrard Capashen		w
Gerrard and Hanna		w
Gerrard's Battle Cry		w
Gerrard's Command		wg
Gerrard's Hourglass Pendant		
Gerrard's Irregulars		r
Gerrard's Verdict		wb
Gerrard's Wisdom		w
Gerrard, Weatherlight Hero		wr
Gerrymandering		g
Gert and Old Lace, Runaways		rg
Get Lost		w
Get Out		u
Get Your Head in the Game		w
Get a Leg Up		g
Get a Life		w
Get the Point		br
Getaway Car		
Getaway Glamer		w
Geth's Grimoire		
Geth's Summons		b
Geth's Verdict		b
Geth, Lord of the Vault		b
Geth, Thane of Contracts		b
Gev, Scaled Scorch		br
Geyadrone Dihada		ubr
Geyser Drake		u
Geyser Glider		r
Geyser Leaper		u
Geyserfield Stalker		b
Ghalma the Shaper		w
Ghalma's Warden		w
Ghalta and Mavren		wg
Ghalta, Primal Hunger		g
Ghalta, Stampede Tyrant		g
Ghastbark Twins		g
Ghastlord of Fugue		ub
Ghastly Conscription		b
Ghastly Death Tyrant		b
Ghastly Demise		b
Ghastly Discovery		u
Ghastly Gloomhunter		b
Ghastly Haunting		u
Ghastly Haunting // Soul Seizer		u
Ghastly Mimicry		u
Ghastly Mimicry // Mirrorhall Mimic		u
Ghastly Remains		b
Ghave, Guru of Spores		wbg
Ghazbán Ogre		g
Ghazbán Ogress		g
Ghen, Arcanum Weaver		wbr
Ghirapur		
Ghirapur Aether Grid		r
Ghirapur Gearcrafter		r
Ghirapur Grand Prix		
Ghirapur Guide		g
Ghirapur Orrery		
Ghirapur Osprey		w
Ghired's Belligerence		r
Ghired, Conclave Exile		wrg
Ghired, Mirror of the Wilds		wrg
Ghitu Amplifier		ur
Ghitu Chronicler		r
Ghitu Embercoiler		r
Ghitu Encampment	r	r
Ghitu Fire		r
Ghitu Fire-Eater		r
Ghitu Firebreathing		r
Ghitu Journeymage		r
Ghitu Lavarunner		r
Ghitu Slinger		r
Ghitu War Cry		r
Ghor-Clan Bloodscale		rg
Ghor-Clan Rampager		rg
Ghor-Clan Savage		g
Ghor-Clan Wrecker		r
Ghost Ark		
Ghost Council of Orzhova		wb
Ghost Hounds		b
Ghost Lantern		b
Ghost Lantern // Bind Spirit		b
Ghost Quarter	c	
Ghost Ship		u
Ghost Tactician		w
Ghost Town	c	
Ghost Vacuum		
Ghost Warden		w
Ghost of Ramirez DePietro		u
Ghost, Spectral Saboteur		ub
Ghost-Lit Drifter		u
Ghost-Lit Nourisher		g
Ghost-Lit Raider		r
Ghost-Lit Redeemer		w
Ghost-Lit Stalker		b
Ghost-Lit Warder		u
Ghost-Spider		wur
Ghost-Spider // Gwen Stacy		wur
Ghost-Spider, Gwen Stacy		r
Ghostblade Eidolon		w
Ghostfire		r
Ghostfire Blade		
Ghostfire Slice		r
Ghostflame Sliver		br
Ghostform		u
Ghosthelm Courier		u
Ghostly Castigator		u
Ghostly Castigator // Covetous Castaway		u
Ghostly Changeling		b
Ghostly Dancers		w
Ghostly Flame		br
Ghostly Flicker		u
Ghostly Keybearer		u
Ghostly Pilferer		u
Ghostly Possession		w
Ghostly Prison		w
Ghostly Sentinel		w
Ghostly Touch		u
Ghostly Visit		b
Ghostly Wings		u
Ghosts of the Damned		b
Ghosts of the Innocent		w
Ghostway		w
Ghoul's Feast		b
Ghoulcaller Gisa		b
Ghoulcaller's Accomplice		b
Ghoulcaller's Bell		
Ghoulcaller's Chant		b
Ghoulcaller's Harvest		bg
Ghoulflesh		b
Ghoulish Impetus		b
Ghoulish Procession		b
Ghoulraiser		b
Ghouls' Night Out		b
Ghoulsteed		b
Ghoultree		g
Ghyrson Starn, Kelermorph		ur
Giada, Font of Hope	w	w
Giant Adephage		g
Giant Albatross		u
Giant Ambush Beetle		brg
Giant Ankheg		g
Giant Badger		g
Giant Beaver		g
Giant Caterpillar		g
Giant Cindermaw		r
Giant Cockroach		b
Giant Crab		u
Giant Dustwasp		g
Giant Fan		
Giant Fire Beetles		r
Giant Fly		b
Giant Growth		g
Giant Harbinger		r
Giant Inheritance		g
Giant Killer		w
Giant Killer // Chop Down		w
Giant Koi		u
Giant Ladybug		g
Giant Mana Cake		
Giant Mantis		g
Giant Octopus		u
Giant Opportunity		g
Giant Ox		w
Giant Oyster		u
Giant Regrowth		g
Giant Scorpion		b
Giant Secrets		wu
Giant Secrets // Stormkeld Curator		wu
Giant Shark		u
Giant Slug		b
Giant Solifuge		rg
Giant Spectacle		r
Giant Spider		g
Giant Strength		r
Giant Tortoise		u
Giant Trap Door Spider		rg
Giant Turtle		g
Giant Warthog		g
Giant's Amulet		u
Giant's Grasp		u
Giant's Ire		r
Giant's Skewer		b
Giant-Man, Gargantuan Genius	g	g
Giant-Sized Flying Ant		u
Giantbaiting		rg
Giantfall		r
Gibbering Barricade		b
Gibbering Descent		b
Gibbering Fiend		r
Gibbering Hyenas		g
Gibbering Kami		b
Gideon Blackblade		w
Gideon Jura		w
Gideon of the Trials		w
Gideon's Avenger		w
Gideon's Battle Cry		w
Gideon's Company		w
Gideon's Defeat		w
Gideon's Intervention		w
Gideon's Lawkeeper		w
Gideon's Phalanx		w
Gideon's Reproach		w
Gideon's Resolve		w
Gideon's Sacrifice		w
Gideon's Triumph		w
Gideon, Ally of Zendikar		w
Gideon, Battle-Forged		w
Gideon, Battle-Forged // Kytheon, Hero of Akros		w
Gideon, Champion of Justice		w
Gideon, Martial Paragon		w
Gideon, the Oathsworn		w
Gift Horse		
Gift Shop		
Gift of Compleation		b
Gift of Doom		b
Gift of Estates		w
Gift of Fangs		b
Gift of Granite		w
Gift of Growth		g
Gift of Immortality		w
Gift of Orzhova		wb
Gift of Paradise	wubrg	g
Gift of Strands		g
Gift of Strength		g
Gift of Tusks		u
Gift of Wrath		r
Gift of the Deity		bg
Gift of the Fae		w
Gift of the Fae // Faerie Guidemother		w
Gift of the Gargantuan		g
Gift of the Viper		g
Gift of the Woods		g
Gifted Aetherborn		b
Gifts Given		u
Gifts Ungiven		u
Gigadrowse		u
Gigantiform		g
Gigantoad		g
Gigantomancer		g
Gigantoplasm		u
Gigantosaurus		g
Gigapede		g
Gigastorm Titan		u
Giggling Skitterspike		
Gila Courser		r
Gilacorn		b
Gilanra, Caller of Wirewood	g	g
Gild		b
Gilded Ambusher		br
Gilded Assault Cart		r
Gilded Cerodon		r
Gilded Drake		u
Gilded Ghoda		r
Gilded Goose	wubrg	g
Gilded Light		w
Gilded Lotus	wubrg	
Gilded Pinions		
Gilded Scuttler		u
Gilded Sentinel		
Gilder Bairn		ug
Gilgamesh, Master-at-Arms		r
Gilraen, Dúnedain Protector		w
Gilt-Blade Prowler		b
Gilt-Leaf Alchemist		g
Gilt-Leaf Ambush		g
Gilt-Leaf Archdruid		g
Gilt-Leaf Palace	bg	
Gilt-Leaf Seer		g
Gilt-Leaf Winnower		b
Gilt-Leaf's Embrace		g
Giltgrove Stalker		g
Giltspire Avenger		wug
Gimbal, Gremlin Prodigy		urg
Gimli of the Glittering Caves		r
Gimli's Axe		r
Gimli's Fury		r
Gimli's Reckless Might		r
Gimli, Counter of Kills		r
Gimli, Mournful Avenger		rg
Gimme Five		w
Gingerbehemoth		
Gingerbread Cabin	g	
Gingerbread Hunter		bg
Gingerbread Hunter // Puny Snack		bg
Gingerbrute		
Giott, King of the Dwarves		wr
Gird for Battle		w
Girder Goons		b
Gisa and Geralf		ub
Gisa's Bidding		b
Gisa's Favorite Shovel		b
Gisa, Glorious Resurrector		b
Gisa, the Hellraiser		b
Gisela, Blade of Goldnight		wr
Gisela, the Broken Blade		w
Gisela, the Broken Blade // Brisela, Voice of Nightmares		w
Gishath, Sun's Avatar		wrg
Gitaxian Anatomist		u
Gitaxian Mindstinger		ub
Gitaxian Mindstinger // Aetherblade Agent		ub
Gitaxian Probe		u
Gitaxian Raptor		u
Gitaxian Spellstalker		ur
Gitaxian Spellstalker // Khenra Spellspear		ur
Githzerai Monk		w
Gitrog, Horror of Zhava		bg
Give		ug
Give // Take		ug
Give In to Violence		b
Give No Ground		w
Giver of Runes		w
Gix		
Gix's Caress		b
Gix's Command		b
Gix, Yawgmoth Praetor		b
Gixian Infiltrator		b
Gixian Puppeteer		b
Gixian Recycler		b
Gixian Skullflayer		b
Glacial Chasm		
Glacial Crasher		u
Glacial Crevasses		r
Glacial Dragonhunt		ur
Glacial Floodplain	wu	
Glacial Fortress	wu	
Glacial Grasp		u
Glacial Plating		w
Glacial Ray		r
Glacial Revelation		g
Glacial Stalker		u
Glacial Wall		u
Glacian, Powerstone Engineer		u
Glacier Godmaw		g
Glaciers		wu
Glacierwood Siege		ug
Glade Gnarr		g
Glade Watcher		g
Glade of the Pump Spells	g	g
Gladecover Scout		g
Gladehart Cavalry		g
Glademuse		g
Gladewalker Ritualist		g
Gladiolus Amicitia		rg
Glaive of the Guildpact		
Glamdring		
Glamer Gifter		u
Glamer Spinners		wu
Glamerdye		u
Glamermite		u
Glamorous Grapplers		b
Glamorous Outlaw	ubr	ubr
Glarb, Calamity's Augur		ubg
Glare of Heresy		w
Glare of Subdual		wg
Glarecaster		w
Glarewielder		r
Glaring Aegis		w
Glaring Fleshraker	c	c
Glaring Spotlight		
Glass Asp		g
Glass Casket		w
Glass Golem		
Glass of the Guildpact		
Glass-Cast Heart		b
Glassblower's Puzzleknot		u
Glassdust Hulk		wu
Glasses of Urza		
Glasspool Mimic	u	u
Glasspool Mimic // Glasspool Shore	u	u
Glasspool Shore	u	u
Glasspool Shore // Glasspool Mimic	u	u
Glasswing Grace	wb	wb
Glasswing Grace // Age-Graced Chapel	wb	wb
Glassworks		r
Glassworks // Shattered Yard		r
Glaze Fiend		b
Gleam of Authority		w
Gleam of Battle		wr
Gleam of Resistance		w
Gleaming Barrier		
Gleaming Bastion	wuc	
Gleaming Geardrake		ur
Gleaming Overseer		ub
Gleancrawler		bg
Gleeful Arsonist		r
Gleeful Demolition		r
Gleeful Sabotage		g
Gleemax		
Gleemox	wubrg	
Glen Elendra		
Glen Elendra Archmage		u
Glen Elendra Guardian		u
Glen Elendra Liege		ub
Glen Elendra Pranksters		u
Glen Elendra's Answer		u
Glidedive Duo		b
Glider Kids		w
Glider Staff		w
Gliding Licid		u
Glimmer Bairn		g
Glimmer Hoarder		b
Glimmer Lens		w
Glimmer Seeker		w
Glimmer of Genius		u
Glimmerbell		u
Glimmerburst		u
Glimmerdust Nap		u
Glimmering Angel		wu
Glimmerlight		
Glimmerpoint Stag		w
Glimmerpost	c	
Glimmervoid	wubrg	
Glimmervoid Basin		
Glimpse of Freedom		u
Glimpse of Nature		g
Glimpse of Tomorrow		r
Glimpse the Core		g
Glimpse the Cosmos		u
Glimpse the Future		u
Glimpse the Impossible	c	r
Glimpse the Sun God		w
Glimpse the Unthinkable		ub
Glimpse, the Unthinkable		ub
Glint		u
Glint Hawk		w
Glint Hawk Idol		w
Glint Raker		u
Glint Weaver		g
Glint-Eye Nephilim		ubrg
Glint-Horn Buccaneer		r
Glint-Nest Crane		u
Glint-Sleeve Artisan		w
Glint-Sleeve Siphoner		b
Glinting Creeper		g
Glintwing Invoker		u
Glissa Sunseeker		g
Glissa Sunslayer		bg
Glissa's Courier		g
Glissa's Retriever		g
Glissa's Scorn		g
Glissa, Herald of Predation		bg
Glissa, the Traitor		bg
Glistener Elf		g
Glistener Seer		u
Glistening Dawn		g
Glistening Deluge		b
Glistening Extractor		ub
Glistening Goremonger		br
Glistening Goremonger // Pyretic Prankster		br
Glistening Oil		b
Glistening Sphere	wubrg	
Glister Bairn		ug
Glitch Ghost Surveyor		u
Glitch Interpreter		u
Glitterfang		r
Glitterflitter		u
Glittering Frost	wubrg	g
Glittering Lion		w
Glittering Lynx		w
Glittering Massif	wr	
Glittering Stockpile	wubrg	r
Glittering Wish		wg
Glittermonger		g
Global Ruin		w
Gloom		b
Gloom Pangolin		b
Gloom Ripper		b
Gloom Sower		b
Gloom Stalker		w
Gloom Surgeon		b
Gloomdrifter		b
Gloomfang Mauler		b
Gloomhunter		b
Gloomlake Verge	ub	
Gloomlance		b
Gloomshrieker		bg
Gloomwidow		g
Gloomwidow's Feast		g
Glorfindel, Dauntless Rescuer		g
Glorifier of Dusk		w
Glorifier of Suffering		w
Glorifying Verse		wb
Glorious Anthem		w
Glorious Charge		w
Glorious Decay		g
Glorious Dragon-Kin		
Glorious End		r
Glorious Enforcer		w
Glorious Gale		u
Glorious Protector		w
Glorious Purpose		u
Glorious Sunrise	g	g
Glory		w
Glory Bearers		w
Glory Seeker		w
Glory of Warfare		wr
Glory-Bound Initiate		w
Glorybringer		r
Gloryheath Lynx		w
Gloryscale Viashino		wrg
Glowcap Lantern		g
Glowering Rogon		g
Glowing Anemone		u
Glowing One		g
Glowrider		w
Glowspore Shaman		bg
Glowstone Recluse		g
Gluetius Maximus		g
Gluntch, the Bestower		wg
Gluttonous Cyclops		r
Gluttonous Guest		b
Gluttonous Hellkite		brg
Gluttonous Slime		g
Gluttonous Slug		b
Gluttonous Troll		bg
Gluttonous Zombie		b
Glyph Elemental		w
Glyph Keeper		u
Glyph of Delusion		u
Glyph of Destruction		r
Glyph of Doom		b
Glyph of Life		w
Glyph of Reincarnation		g
Glóin, Dwarf Emissary		r
Gnarlback Rhino		g
Gnarlbark Elm		b
Gnarled Effigy		
Gnarled Grovestrider		g
Gnarled Grovestrider // Dormant Grove		g
Gnarled Mass		g
Gnarled Professor		g
Gnarled Sage		g
Gnarled Scarhide		b
Gnarlid Colony		g
Gnarlid Pack		g
Gnarlroot Pallbearer		g
Gnarlroot Trapper	g	b
Gnarlwood Dryad		g
Gnat Alley Creeper		r
Gnat Miser		b
Gnathosaur		r
Gnaw to the Bone		g
Gnawing Crescendo		r
Gnawing Vermin		b
Gnawing Zombie		b
Gnoll Hunter		g
Gnoll Hunting Party		r
Gnoll War Band		r
Gnome-Made Engine		
Gnomeball Machine		
Gnostro, Voice of the Crags		wur
Gnottvold Hermit		ug
Gnottvold Hermit // Chrome Host Hulk		ug
Gnottvold Recluse		g
Gnottvold Slumbermound	r	rg
Go Blank		b
Go Forth		g
Go Hog Wild		g
Go Hog Wild // Intrepid Trufflesnout		g
Go Ninja Go		wr
Go Nuts!		g
Go for Blood		r
Go for the Throat		b
Go-Shintai of Ancient Wars		r
Go-Shintai of Boundless Vigor		g
Go-Shintai of Hidden Cruelty		b
Go-Shintai of Life's Origin		wubrg
Go-Shintai of Lost Wisdom		u
Go-Shintai of Shared Purpose		w
Goatnap		r
Goatnapper		r
Gobbling Ooze		g
Gobhobbler Rats		br
Gobland	r	
Goblin Airbrusher		r
Goblin Anarchomancer		rg
Goblin Archaeologist		r
Goblin Arsonist		r
Goblin Artillery		r
Goblin Artisans		r
Goblin Assailant		r
Goblin Assassin		r
Goblin Assault		r
Goblin Assault Team		r
Goblin Balloon Brigade		r
Goblin Bangchuckers		r
Goblin Banneret		r
Goblin Barrage		r
Goblin Battle Jester		r
Goblin Berserker		r
Goblin Bird-Grabber		r
Goblin Blast-Runner		r
Goblin Blastronauts		r
Goblin Boarders		r
Goblin Bomb		r
Goblin Bombardment		r
Goblin Bookie		r
Goblin Boom Keg		
Goblin Bowling Team		r
Goblin Brawler		r
Goblin Brigand		r
Goblin Bully		r
Goblin Burrows	c	r
Goblin Bushwhacker		r
Goblin Cadets		r
Goblin Cannon		
Goblin Cavaliers		r
Goblin Caves		r
Goblin Chainwhirler		r
Goblin Champion		r
Goblin Charbelcher		
Goblin Chariot		r
Goblin Chieftain		r
Goblin Chirurgeon		r
Goblin Clearcutter	rg	r
Goblin Cohort		r
Goblin Commando		r
Goblin Coward Parade		
Goblin Crash Pilot		r
Goblin Cratermaker		r
Goblin Cruciverbalist		r
Goblin Dark-Dwellers		r
Goblin Deathraiders		br
Goblin Digging Team		r
Goblin Diplomats		r
Goblin Dirigible		
Goblin Dynamo		r
Goblin Electromancer		ur
Goblin Elite Infantry		r
Goblin Engineer		r
Goblin Festival		r
Goblin Fire Fiend		r
Goblin Firebomb		
Goblin Firebug		r
Goblin Fireleaper		r
Goblin Fireslinger		r
Goblin Firestarter		r
Goblin Flectomancer		ur
Goblin Flotilla		r
Goblin Freerunner		r
Goblin Furrier		r
Goblin Game		r
Goblin Gang Leader		r
Goblin Gardener		r
Goblin Gathering		r
Goblin Gaveleer		r
Goblin General		r
Goblin Girder Gang		r
Goblin Glasswright		r
Goblin Glasswright // Craft with Pride		r
Goblin Glider		r
Goblin Glory Chaser		r
Goblin Goliath		r
Goblin Goon		r
Goblin Grappler		r
Goblin Grenade		r
Goblin Grenadiers		r
Goblin Guide		r
Goblin Haberdasher		r
Goblin Heelcutter		r
Goblin Hero		r
Goblin Influx Array		r
Goblin Instigator		r
Goblin Javelineer		r
Goblin Kaboomist		r
Goblin King		r
Goblin Kites		r
Goblin Lackey		r
Goblin Legionnaire		wr
Goblin Locksmith		r
Goblin Lookout		r
Goblin Lore		r
Goblin Lyre		
Goblin Machinist		r
Goblin Marshal		r
Goblin Maskmaker		r
Goblin Masons		r
Goblin Matron		r
Goblin Medics		r
Goblin Mime		r
Goblin Morale Sergeant		r
Goblin Morningstar		r
Goblin Motivator		r
Goblin Mountaineer		r
Goblin Mutant		r
Goblin Negotiation		r
Goblin Offensive		r
Goblin Oriflamme		r
Goblin Outlander		br
Goblin Patrol		r
Goblin Picker		r
Goblin Piker		r
Goblin Piledriver		r
Goblin Polka Band		r
Goblin Psychopath		r
Goblin Pyromancer		r
Goblin Rabblemaster		r
Goblin Racketeer		r
Goblin Raider		r
Goblin Rally		r
Goblin Razerunners		r
Goblin Recruiter		r
Goblin Replica		r
Goblin Researcher		r
Goblin Rimerunner		r
Goblin Ringleader		r
Goblin Rock Sled		r
Goblin Roughrider		r
Goblin Ruinblaster		r
Goblin S.W.A.T. Team		r
Goblin Sappers		r
Goblin Savant		
Goblin Scouts		r
Goblin Secret Agent		r
Goblin Settler		r
Goblin Sharpshooter		r
Goblin Shortcutter		r
Goblin Shrine		r
Goblin Ski Patrol		r
Goblin Sky Raider		r
Goblin Skycutter		r
Goblin Sledder		r
Goblin Sleigh Ride		r
Goblin Slingshot		
Goblin Smuggler		r
Goblin Snowman		r
Goblin Soothsayer		r
Goblin Spelunkers		r
Goblin Spy		r
Goblin Spymaster		r
Goblin Striker		r
Goblin Surprise		r
Goblin Surveyor		r
Goblin Swine-Rider		r
Goblin Taskmaster		r
Goblin Test Pilot		ur
Goblin Tinkerer		r
Goblin Tomb Raider		r
Goblin Trailblazer		r
Goblin Trapfinder		r
Goblin Traprunner		r
Goblin Trashmaster		r
Goblin Trenches		wr
Goblin Tunneler		r
Goblin Turncoat		b
Goblin Tutor		r
Goblin Vandal		r
Goblin War Buggy		r
Goblin War Cry		r
Goblin War Drums		r
Goblin War Paint		r
Goblin War Party		r
Goblin War Strike		r
Goblin War Wagon		
Goblin Warchief		r
Goblin Warchief Avatar		
Goblin Wardriver		r
Goblin Warrens		r
Goblin Welder		r
Goblin Wizard		r
Goblin Wizardry		r
Goblins of the Flarg		r
Goblinslide		r
Gobsmacked		w
God-Eternal Bontu		b
God-Eternal Kefnet		u
God-Eternal Oketra		w
God-Eternal Rhonas		g
God-Favored General		w
God-Pharaoh's Faithful		w
God-Pharaoh's Gift		
God-Pharaoh's Statue		
Goddric, Cloaked Reveler		r
Godhead of Awe		wu
Godhunter Octopus		u
Godless Shrine	wb	
Godo's Irregulars		r
Godo, Bandit Warlord		r
Gods Willing		w
Gods' Eye, Gate to the Reikai	c	
Gods' Hall Guardian		w
Godsend		w
Godsire		wrg
Godtoucher		wg
Godtracker of Jund		rg
Goggles of Night		u
Gogo, Master of Mimicry		u
Gogo, Mysterious Mime		r
Goham Djinn		b
Gohn, Town of Ruin	bg	
Goka the Unjust		r
Goka the Unjust // Initiate of Blood		r
Golbez, Crystal Collector		ub
Gold Mine	wubrgc	
Gold Myr	w	
Gold Pan		
Gold Rush		g
Gold-Forge Garrison	wubrg	
Gold-Forge Garrison // Golden Guardian	wubrg	
Gold-Forged Sentinel		
Gold-Forged Thopteryx		wu
Goldberry, River-Daughter		u
Goldbug, Humanity's Ally		wu
Goldbug, Humanity's Ally // Goldbug, Scrappy Scout		wu
Goldbug, Scrappy Scout		wu
Goldbug, Scrappy Scout // Goldbug, Humanity's Ally		wu
Golden Argosy		
Golden Bear		g
Golden Demise		b
Golden Egg	wubrg	
Golden Guardian	wubrg	
Golden Guardian // Gold-Forge Garrison	wubrg	
Golden Hind	g	g
Golden Ratio		ug
Golden Sidekick		wb
Golden Urn		
Golden Wish		w
Golden-Scale Aeronaut		w
Golden-Tail Disciple		w
Golden-Tail Trainer		wg
Goldenglow Moth		w
Goldenhide Ox		g
Goldfury Strider		r
Goldhound	wubrg	r
Goldlust Triad		r
Goldmane Griffin		w
Goldmaw Champion		w
Goldmeadow		
Goldmeadow Dodger		w
Goldmeadow Harrier		w
Goldmeadow Lookout		w
Goldmeadow Nomad		w
Goldmeadow Stalwart		w
Goldmire Bridge	wb	
Goldnight Castigator		r
Goldnight Commander		w
Goldnight Redeemer		w
Goldspan Dragon	wubrg	r
Goldvein Hydra		g
Goldvein Pick		
Goldwarden's Helm		w
Goldwardens' Gambit		r
Golem Artisan		
Golem Foundry		
Golem's Heart		
Golem-Skin Gauntlets		
Golgari Brownscale		g
Golgari Charm		bg
Golgari Cluestone	bg	bg
Golgari Death Swarm		bg
Golgari Decoy		g
Golgari Findbroker		bg
Golgari Germination		bg
Golgari Grave-Troll		g
Golgari Guildgate	bg	
Golgari Guildmage		bg
Golgari Keyrune	bg	bg
Golgari Locket	bg	bg
Golgari Longlegs		bg
Golgari Raiders		g
Golgari Rot Farm	bg	
Golgari Rotwurm		bg
Golgari Signet	bg	
Golgari Thug		b
Golgothian Sylex		
Goliath Beetle		g
Goliath Daydreamer		r
Goliath Hatchery		g
Goliath Paladin		w
Goliath Sphinx		u
Goliath Spider		g
Goliath Truck		
Goliath, Mass Manipulator		g
Gollum's Bite		b
Gollum, Obsessed Stalker		b
Gollum, Patient Plotter		b
Gollum, Riddle Master		b
Gollum, Scheming Guide		b
Golos, Tireless Pilgrim		wubrg
Goma Fada Vanguard		r
Gomazoa		u
Gomif, Fast Racer		ur
Gond Gate	wubrgc	
Gone		r
Gone // Dead		r
Gone Missing		u
Gongaga, Reactor Town	rg	
Gonti's Aether Heart		
Gonti's Machinations		b
Gonti, Canny Acquisitor		ubg
Gonti, Lord of Luxury		b
Gonti, Night Minister		b
Goobbue Gardener	g	g
Good Knight		w
Good-Fortune Unicorn		wg
Gor Muldrak, Amphinologist		ug
Gorbag of Minas Morgul		b
Gore Swine		r
Gore Vassal		w
Gore-House Chainwalker		r
Goreclaw, Terror of Qal Sisma		g
Gorehorn Minotaurs		r
Gorehorn Raider		r
Goremand		b
Goretusk Firebeast		r
Gorex, the Tombshell		b
Gorger Wurm		rg
Gorging Vulture		b
Gorgon Flail		
Gorgon Recluse		b
Gorgon's Head		
Gorilla Berserkers		g
Gorilla Chieftain		g
Gorilla Pack		g
Gorilla Shaman		r
Gorilla Tactics		g
Gorilla Titan		g
Gorilla War Cry		r
Gorilla Warrior		g
Goring Ceratops		w
Goring Warplow		b
Gorion, Wise Mentor		wug
Gorm the Great		g
Gorma, the Gullet		bg
Gornog, the Red Reaper		r
Goro-Goro and Satoru		ubr
Goro-Goro, Disciple of Ryusei		r
Goryo's Vengeance		b
Gossamer Chains		w
Gossamer Phantasm		u
Gossip's Talent		u
Gosta Dirk		wu
Gothmog, Morgul Lieutenant		b
Gouged Zealot		r
Gourmand's Talent		g
Govern the Guildless		u
Graaz, Unstoppable Juggernaut		
Grab the Prize		r
Grab the Reins		r
Grabby Giant		r
Grabby Giant // That's Mine		r
Grabby Tabby		g
Graceblade Artisan		w
Graceful Adept		u
Graceful Antelope		w
Graceful Cat		w
Graceful Reprieve		w
Graceful Restoration		wb
Graceful Takedown		g
Graduation Day		w
Graf Harvest		b
Graf Mole		g
Graf Rats		b
Graf Rats // Chittering Host		b
Graf Reaver		b
Grafdigger's Cage		
Grafted Butcher		b
Grafted Exoskeleton		
Grafted Growth	wubrg	g
Grafted Identity		u
Grafted Skullcap		
Grafted Wargear		
Graham O'Brien		g
Grakmaw, Skyclave Ravager		bg
Gran Pulse Ochu		g
Gran-Gran		u
Grand Abolisher		w
Grand Arbiter Augustin IV		wu
Grand Architect	c	u
Grand Ball Guest		r
Grand Coliseum	wubrgc	
Grand Crescendo		w
Grand Entryway		w
Grand Entryway // Elegant Rotunda		w
Grand Marshal Macie		wb
Grand Master of Flowers		w
Grand Melee		r
Grand Ossuary		
Grand Warlord Radha	rg	rg
Grandmother Ravi Sengir		b
Grandmother Ravi Sengir // Invasion of Ulgrotha		b
Grandmother Sengir		b
Granger Guildmage		wrg
Granite Gargoyle		r
Granite Grip		r
Granite Shard		r
Granite Witness		wu
Granitic Titan		r
Granny's Payback		g
Granted		u
Granted // Fae of Wishes		u
Granulate		r
Grapeshot		r
Grapeshot Catapult		
Graphic Violence		g
Grapple with Death		bg
Grapple with the Past		g
Grappler Spider		g
Grappling Hook		
Grappling Kraken		u
Grappling Sundew		g
Grasp of Darkness		b
Grasp of Fate		w
Grasp of Phantoms		u
Grasp of the Hieromancer		w
Grasping Current		u
Grasping Dunes	c	
Grasping Giant		w
Grasping Longneck		g
Grasping Scoundrel		b
Grasping Shadows	b	b
Grasping Shadows // Shadows' Lair	b	b
Grasping Tentacles		ub
Grasping Thrull		wb
Grassland Crusader		w
Grasslands		
Grateful Apparition		w
Gratuitous Violence		r
Gravblade Heavy		b
Grave Betrayal		b
Grave Birthing	c	b
Grave Bramble		g
Grave Choice		b
Grave Consequences		b
Grave Defiler		b
Grave Endeavor		b
Grave Exchange		b
Grave Expectations		b
Grave Pact		b
Grave Peril		b
Grave Researcher		b
Grave Researcher // Reanimate		b
Grave Robbers		b
Grave Scrabbler		b
Grave Servitude		b
Grave Sifter		g
Grave Strength		b
Grave Studies		bg
Grave Titan		b
Grave Upheaval		br
Grave Venerations		b
Grave-Shell Scarab		bg
Gravebane Zombie		b
Gravebind		b
Graveblade Marauder		b
Graveborn Muse		b
Gravebreaker Lamia		b
Gravecrawler		b
Gravedig		b
Gravedigger		b
Gravegouger		b
Gravel Slinger		w
Gravel-Hide Goblin		rg
Gravelgill Axeshark		ub
Gravelgill Duo		ub
Gravelgill Scoundrel		u
Gravelighter		b
Graven Abomination		
Graven Archfiend		b
Graven Cairns	brc	br
Graven Dominator		w
Graven Lore		u
Gravepurge		b
Graverobber Spider		bg
Graveshifter		b
Gravespawn Sovereign		b
Gravestone Strider	wubrg	
Gravestorm		b
Gravetiller Wurm		g
Gravewaker		b
Graveyard Busybody		u
Graveyard Dig		bg
Graveyard Glutton		b
Graveyard Glutton // Graveyard Trespasser		b
Graveyard Marshal		b
Graveyard Shift		b
Graveyard Shovel		
Graveyard Trespasser		b
Graveyard Trespasser // Graveyard Glutton		b
Gravitational Shift		u
Gravitic Herald		b
Gravitic Punch		r
Graviton, Fundamental Force		u
Gravity Negator		uc
Gravity Sphere		r
Gravity Well		g
Gravkill		b
Gravpack Monoist		b
Graxiplon		u
Gray Harbor Merfolk		u
Gray Merchant of Alphabet		b
Gray Merchant of Asphodel		b
Gray Ogre		r
Gray Slaad		b
Gray Slaad // Entropic Decay		b
Graypelt Hunter		g
Graypelt Refuge	wg	
Grayscaled Gharial		u
Graywater's Fixer		br
Grazilaxx, Illithid Scholar		u
Grazing Gladehart		g
Grazing Kelpie		ug
Grazing Whiptail		g
Greasefang, Okiba Boss		wb
Greasewrench Goblin		r
Great Arashin City	b	b
Great Defender		w
Great Desert Hellion		br
Great Desert Prospector		w
Great Divide Guide	wubrg	g
Great Fang Chroniclers		g
Great Forest Druid	wubrg	g
Great Furnace	r	
Great Hall of Starnheim	b	wb
Great Hall of the Biblioplex	wubrgc	
Great Hall of the Citadel	wubrgc	
Great Hart		w
Great Intelligence's Plan		ub
Great Oak Guardian		g
Great Sable Stag		g
Great Teacher's Decree		w
Great Train Heist		r
Great Unclean One		b
Great Wall		w
Great Whale		u
Great-Horn Krushok		w
Greataxe		
Greatbow Doyen		g
Greater Auramancy		w
Greater Basilisk		g
Greater Forgeling		r
Greater Gargadon		r
Greater Good		g
Greater Harvester		b
Greater Morphling		u
Greater Mossdog		g
Greater Realm of Preservation		w
Greater Sandwurm		g
Greater Stone Spirit		r
Greater Tanuki		g
Greater Werewolf		b
Greatest Show in the Multiverse		
Greatsword		
Greatsword of Tyr		w
Greed		b
Greed's Gambit		b
Greedy Freebooter		b
Greel's Caress		b
Greel, Mind Raker		b
Green Dragon		g
Green Goblin		ubr
Green Goblin // Norman Osborn		ubr
Green Goblin, Back for More		b
Green Goblin, Nemesis		br
Green Goblin, Revenant		br
Green Mana Battery	g	
Green Scarab		w
Green Slime		g
Green Sun's Twilight		g
Green Sun's Zenith		g
Green Ward		w
Greenbelt Guardian		g
Greenbelt Radical		g
Greenbelt Rampager		g
Greener Pastures		g
Greenhilt Trainee		g
Greenhouse	wubrg	g
Greenhouse // Rickety Gazebo	wubrg	g
Greenseeker		g
Greenside Watcher		g
Greensleeves, Maro-Sorcerer		g
Greenwarden of Murasa		g
Greenweaver Druid	g	g
Greenwheel Liberator		g
Greenwood Sentinel		g
Gregor, Shrewd Magistrate		wu
Grek the Ogre		g
Grell Philosopher		u
Gremlin Infestation		r
Gremlin Mine		
Gremlin Tamer		wu
Grendel, Spawn of Knull		b
Grenzo's Cutthroat		r
Grenzo's Rebuttal		r
Grenzo's Ruffians		r
Grenzo, Crooked Jailer		br
Grenzo, Dungeon Warden		br
Grenzo, Havoc Raiser		r
Greta, Sweettooth Scourge		bg
Gretchen Titchwillow		ug
Greven il-Vec		
Greven, Predator Captain		br
Grey Havens Navigator		u
Grey Host Reinforcements		w
Grey Knight Paragon		w
Greymond, Avacyn's Stalwart		w
Grid Monitor		
Gridlock		u
Grief		b
Grief Tyrant		br
Grievous Wound		b
Griffin Aerie		w
Griffin Canyon	c	
Griffin Dreamfinder		w
Griffin Guide		w
Griffin Protector		w
Griffin Rider		w
Griffin Sentinel		w
Griffnaut Tracker		w
Grifter's Blade		
Grim Affliction		b
Grim Backwoods	c	bg
Grim Bauble		b
Grim Bounty		b
Grim Captain's Call		b
Grim Contest		bg
Grim Discovery		b
Grim Draugr		b
Grim Feast		bg
Grim Flayer		bg
Grim Flowering		g
Grim Giganotosaurus		bg
Grim Guardian		b
Grim Haruspex		b
Grim Harvest		b
Grim Hireling		b
Grim Initiate		r
Grim Javelineer		b
Grim Lavamancer		r
Grim Monolith	c	
Grim Physician		b
Grim Poppet		
Grim Reaper's Scythe		b
Grim Reaper's Sprint		r
Grim Reaper, Lethal Legionnaire		b
Grim Reminder		b
Grim Return		b
Grim Roustabout		b
Grim Servant		b
Grim Strider		b
Grim Tutor		b
Grim Wanderer		b
Grimclaw Bats		b
Grimclimb Pathway	wb	
Grimclimb Pathway // Brightclimb Pathway	wb	
Grimdancer		b
Grime Gorger		bg
Grimgrin, Corpse-Born		ub
Grimlock, Dinobot Leader		wrg
Grimlock, Dinobot Leader // Grimlock, Ferocious King		wrg
Grimlock, Ferocious King		wrg
Grimlock, Ferocious King // Grimlock, Dinobot Leader		wrg
Grimoire Thief		u
Grimoire of the Dead		
Grind		wb
Grind // Dust		wb
Grindclock		
Grinding Station		
Grindstone		
Grinning Demon		b
Grinning Demon Avatar		
Grinning Ignus	rc	r
Grinning Totem		
Grip of Amnesia		u
Grip of Chaos		r
Grip of Desolation		b
Grip of Phyresis		u
Grip of the Roil		u
Griptide		u
Griselbrand		b
Grishnákh, Brash Instigator		r
Grisly Anglerfish		u
Grisly Anglerfish // Grizzled Angler		u
Grisly Ritual		b
Grisly Salvage		bg
Grisly Sigil		b
Grisly Spectacle		b
Grisly Survivor		b
Grisly Transformation		b
Grismold, the Dreadsower		bg
Grist, Voracious Larva		g
Grist, Voracious Larva // Grist, the Plague Swarm		g
Grist, the Hunger Tide		bg
Grist, the Plague Swarm		g
Grist, the Plague Swarm // Grist, Voracious Larva		g
Gristle Glutton		r
Gristle Grinner		b
Gristleback		g
Grixis		
Grixis Battlemage		ubr
Grixis Charm		ubr
Grixis Grimblade		ubr
Grixis Illusionist		u
Grixis Panorama	c	
Grixis Slavedriver		b
Grixis Sojourners		ubr
Grizzled Angler		u
Grizzled Angler // Grisly Anglerfish		u
Grizzled Huntmaster		g
Grizzled Leotau		wg
Grizzled Outcasts		g
Grizzled Outcasts // Krallenhorde Wantons		g
Grizzled Outrider		g
Grizzled Wolverine		r
Grizzly Bears		g
Grizzly Fate		g
Grizzly Ghoul		bg
Groaaaaag, Hungry Monster		bg
Groffskithur		g
Grollub		b
Grolnok, the Omnivore		ug
Grond, the Gatebreaker		b
Groom's Finery		b
Grotag Bug-Catcher		r
Grotag Night-Runner		r
Grotag Siege-Runner		r
Grotag Thrasher		r
Grotesque Demise		b
Grotesque Hybrid		b
Grotesque Mutation		b
Grothama, All-Devouring		g
Ground Assault		rg
Ground Pounder		g
Ground Rift		r
Ground Seal		g
Groundbreaker		g
Groundchuck // Dirtbag	g	g
Grounded		g
Grounded for Life		w
Groundling Pouncer		ug
Groundshaker Sliver		g
Groundskeeper		g
Groundswell		g
Group Project		w
Grove Rumbler		rg
Grove of the Burnwillows	rgc	
Grove of the Dreampods		
Grove of the Guardian	c	wg
Grove's Bounty		ug
Grove's Bounty // Elusive Otter		ug
Grovetender Druids		wg
Grow Extra Arms		g
Grow Old Together		ug
Grow from the Ashes		g
Growing Detective		g
Growing Dread		ug
Growing Ranks		wg
Growing Rites of Itlimoc	g	g
Growing Rites of Itlimoc // Itlimoc, Cradle of the Sun	g	g
Grown from the Stump		
Growth Charm		g
Growth Curve		ug
Growth Cycle		g
Growth Spasm	c	g
Growth Spiral		ug
Growth Spurt		g
Growth-Chamber Guardian		g
Grozoth		u
Grub's Command		br
Grub, Notorious Auntie		br
Grub, Notorious Auntie // Grub, Storied Matriarch		br
Grub, Storied Matriarch		br
Grub, Storied Matriarch // Grub, Notorious Auntie		br
Grudge Keeper		b
Gruesome Deformity		b
Gruesome Discovery		b
Gruesome Encore		b
Gruesome Fate		b
Gruesome Menagerie		b
Gruesome Realization		b
Gruesome Scourger		b
Gruesome Slaughter		
Gruff Triplets		g
Grumgully, the Generous		rg
Grunn, the Lonely King		g
Grusilda, Monster Masher		br
Gruul Beastmaster		g
Gruul Charm		rg
Gruul Cluestone	rg	rg
Gruul Guildgate	rg	
Gruul Guildmage		rg
Gruul Keyrune	rg	rg
Gruul Locket	rg	rg
Gruul Nodorog		rg
Gruul Ragebeast		rg
Gruul Scrapper		rg
Gruul Signet	rg	
Gruul Spellbreaker		rg
Gruul Turf	rg	
Gruul War Chant		rg
Gruul War Plow		rg
Gryff Rider		w
Gryff Vanguard		u
Gryff's Boon		w
Gryffwing Cavalry		w
Gríma Wormtongue		b
Gríma, Saruman's Footman		ub
Guac // Marshmallow Pizza		g
Guadosalam, Farplane Gateway	ug	
Guan Yu's 1,000-Li March		w
Guan Yu, Sainted Warrior		w
Guard Change		g
Guard Change // Ferocious Werefox		g
Guard Dogs		w
Guard Duty		w
Guard Gomazoa		u
Guarded Heir		w
Guardian Angel		w
Guardian Archon		w
Guardian Augmenter		g
Guardian Automaton		
Guardian Beast		b
Guardian Gladewalker		g
Guardian Idol	c	
Guardian Kirin		w
Guardian Lions		w
Guardian Naga		w
Guardian Naga // Banishing Coils		w
Guardian Project		g
Guardian Scalelord		w
Guardian Seraph		w
Guardian Shield-Bearer		g
Guardian Sunmare		w
Guardian Zendikon		w
Guardian of Cloverdell		g
Guardian of Faith		w
Guardian of Ghirapur		w
Guardian of New Benalia		w
Guardian of Pilgrims		w
Guardian of Solitude		u
Guardian of Tazeem		u
Guardian of Vitu-Ghazi		wg
Guardian of the Ages		
Guardian of the Forgotten		w
Guardian of the Gateless		w
Guardian of the Great Conduit		g
Guardian of the Great Door		w
Guardian of the Guildpact		w
Guardian's Magemark		w
Guardians of Akrasa		w
Guardians of Koilos		
Guardians of Meletis		
Guardians of Oboro		u
Guardians' Pledge		w
Gudul Lurker		u
Guerrilla Gorilla		g
Guerrilla Tactics		r
Guess Who it Is!		r
Guess Your Fate		
Guest List		
Guff Rewrites History		r
Guide of Souls		w
Guided Passage		urg
Guided Strike		w
Guidelight Matrix		
Guidelight Optimizer	u	u
Guidelight Pathmaker		wu
Guidelight Synergist		w
Guidestone Compass		u
Guidestone Compass // Lodestone Needle		u
Guiding Bolt		w
Guiding Spirit		wu
Guiding Voice		w
Guild Artisan		r
Guild Feud		r
Guild Globe		
Guild Pact		
Guild Summit		u
Guild Thief		u
Guilded Lotus	wubrg	
Guildless Commons	c	
Guildmages' Forum	wubrgc	
Guildmark		
Guildpact Greenwalker		g
Guildpact Informant		u
Guildpact Paragon		
Guildpact Paragon // Invasion of Ravnica		
Guildscorn Ward		w
Guildsworn Prowler		b
Guile		u
Guiltfeeder		b
Guilty Conscience		w
Guise of Fire		r
Gulf Squid		u
Gulping Scraptrap		b
Guma		r
Gumdrop Poisoner		b
Gumdrop Poisoner // Tempt with Treats		b
Gunk Slug		b
Gunner Conscript		g
Gurgling Anointer		b
Gurmag Angler		b
Gurmag Drowner		u
Gurmag Nightwatch		ubg
Gurmag Rakshasa		b
Gurmag Swiftwing		b
Guru Pathik		ug
Gurzigost		g
Gus		g
Gush		u
Gust Walker		w
Gust of Wind		u
Gust-Skimmer		u
Gustcloak Cavalier		w
Gustcloak Harrier		w
Gustcloak Runner		w
Gustcloak Savior		w
Gustcloak Sentinel		w
Gustcloak Skirmisher		w
Gustha's Scepter		
Gustrider Exuberant		w
Gut Shot		r
Gut, Bestial Fanatic		rg
Gut, Brutal Fanatic		br
Gut, Devious Fanatic		ur
Gut, Fanatical Priestess		r
Gut, Furious Fanatic		r
Gut, True Soul Zealot		r
Gut, Zealous Fanatic		wr
Gutless Ghoul		b
Gutless Plunderer		b
Gutmorn, Pactbound Servant		b
Gutsplitter Gang		b
Gutter Grime		g
Gutter Shortcut		u
Gutter Shortcut // Gutter Skulker		u
Gutter Skulk		b
Gutter Skulker		u
Gutter Skulker // Gutter Shortcut		u
Gutterbones		b
Guttersnipe		r
Guttural Response		rg
Gutwrencher Oni		b
Guul Draz Assassin		b
Guul Draz Mucklord		b
Guul Draz Overseer		b
Guul Draz Specter		b
Guul Draz Vampire		b
Guy in the Chair	wubrg	g
Gwafa Hazid, Profiteer		wu
Gwaihir the Windlord		wu
Gwaihir, Greatest of the Eagles		w
Gwen Stacy		wur
Gwen Stacy // Ghost-Spider		wur
Gwendlyn Di Corci		ubr
Gwenna, Eyes of Gaea	wubrg	g
Gwenom, Remorseless		b
Gwyllion Hedge-Mage		wb
Gylwain, Casting Director		wg
Gyome, Master Chef		bg
Gyox, Brutal Carnivora		bg
Gyre Engineer	ug	ug
Gyre Sage	g	g
Gyruda, Doom of Depths		ub
Gyrus, Waker of Corpses		brg
Gysahl Greens		g
H.E.R.B.I.E. Scout Unit		
H.E.R.B.I.E., Lovable Robot	wubrgc	
HELIOS One	c	
HONK!		g
HULK SMASH!		r
HYDRA Assault Robot		r
HYDRA Disintegrator		b
HYDRA Infiltration		b
HYDRA Troopers		b
Haakon, Stromgald Scourge		b
Haakon, Stromgald Scourge Avatar		
Haazda Exonerator		w
Haazda Marshal		w
Haazda Officer		w
Haazda Shield Mate		w
Haazda Snare Squad		w
Haazda Vigilante		w
Haberthrasher		b
Hackrobat		br
Hada Freeblade		w
Hada Spy Patrol		u
Hadana's Climb	wubrg	ug
Hadana's Climb // Winged Temple of Orazca	wubrg	ug
Hades, Sorcerer of Eld		ub
Hades, Sorcerer of Eld // Emet-Selch, Unsundered		ub
Hadran, Naya Sunseeder	wubrg	rg
Hag Hedge-Mage		bg
Hag of Ceaseless Torment		b
Hag of Dark Duress		b
Hag of Death's Legion		b
Hag of Inner Weakness		b
Hag of Mage's Doom		b
Hag of Noxious Nightmares		b
Hag of Scoured Thoughts		b
Hag of Syphoned Breath		b
Hag of Twisted Visions		b
Haggle		r
Haggle // Merchant of the Vale		r
Hagi Mob		r
Hagra Broodpit	b	b
Hagra Broodpit // Hagra Mauling	b	b
Hagra Constrictor		b
Hagra Crocodile		b
Hagra Diabolist		b
Hagra Mauling	b	b
Hagra Mauling // Hagra Broodpit	b	b
Hagra Sharpshooter		b
Hail Storm		g
Hail of Arrows		w
Hailstorm Valkyrie		b
Hair-Strung Koto		
Hajar, Loyal Bodyguard		rg
Hakbal of the Surging Soul		ug
Hakim, Loreweaver		u
Hakka, Whispering Raven		u
Hakka, Whispering Raven // Alrund, God of the Cosmos		u
Hakoda, Selfless Commander		w
Haktos the Unscarred		wr
Halam Djinn		r
Halana and Alena and Gisa and Geralf		ubrg
Halana and Alena, Partners		rg
Halana, Kessig Ranger		g
Halberdier		r
Halcyon Glaze		u
Haldan, Avid Arcanist		u
Haldir, Lórien Lieutenant		g
Half the Battle		ur
Half the Battle // Knowing		ur
Half-Elf Monk		w
Half-Kitten, Half-		w
Half-Orc, Half-		r
Half-Shark, Half-		u
Half-Squirrel, Half-		g
Halfdane		wub
Halimar Depths	u	
Halimar Excavator		u
Halimar Tidecaller		u
Halimar Wavewatch		u
Haliya, Ascendant Cadet		wg
Haliya, Guided by Light		w
Hall	wr	
Hall Monitor		r
Hall of Gemstone		g
Hall of Heliod's Generosity	c	w
Hall of Mirrors		
Hall of Oracles	wubrgc	
Hall of Storm Giants	u	u
Hall of Tagsin	wubrgc	
Hall of Triumph		
Hall of the Bandit Lord	c	
Hallar, the Firefletcher		rg
Hallow		w
Hallowed Burial		w
Hallowed Fountain	wu	
Hallowed Ground		w
Hallowed Haunting		w
Hallowed Healer		w
Hallowed Moonlight		w
Hallowed Priest		w
Hallowed Respite		wu
Hallowed Spiritkeeper		w
Halls of Mist		
Halo Forager		ub
Halo Fountain		w
Halo Hopper		
Halo Hunter		b
Halo Scarab		
Halo-Charged Skaab		u
Halsin, Emerald Archdruid		g
Halt Order		u
Halvar, God of Battle		w
Halvar, God of Battle // Sword of the Realms		w
Halving Season		b
Hama Pashar, Ruin Seeker		wu
Hama, the Bloodbender		ub
Hamato Guardian Stance		w
Hamato Ninpō		w
Hamlet Captain		g
Hamlet Glutton		g
Hamlet Vanguard		g
Hamletback Goliath		r
Hammer Dropper		wr
Hammer Helper		r
Hammer Jammer		r
Hammer Mage		r
Hammer of Bogardan		r
Hammer of Nazahn		
Hammer of Purphoros		r
Hammer of Ruin		
Hammerfest Boomtacular		r
Hammerfist Giant		r
Hammerhand		r
Hammerhead Shark		u
Hammerhead Tyrant		u
Hammerhead, Maggia Boss		b
Hammerheim	r	
Hammerheim Deadeye		r
Hammers of Moradin		w
Hampering Snare		u
Hamza, Guardian of Arashin		wg
Hamza, Might of the Yathan		wbg
Hana Kami		g
Hanabi Blast		r
Hancock, Ghoulish Mayor		b
Hand That Feeds		r
Hand of Cruelty		b
Hand of Death		b
Hand of Emrakul		
Hand of Enlightenment		w
Hand of Enlightenment // Era of Enlightenment		w
Hand of Honor		w
Hand of Justice		w
Hand of Silumgar		b
Hand of Vecna		
Hand of the Praetors		b
Hand to Hand		r
Handcuffs		b
Hands of Binding		u
Handy Dandy Clone Machine		
Hangar Scrounger		r
Hangarback Assembler		w
Hangarback Walker		
Hanged Executioner		w
Hangman		b
Hankyu		
Hanna		
Hanna's Custody		w
Hanna, Ship's Navigator		wu
Hans Eriksson		rg
Hansk, Slayer Zealot		rg
Hanweir Battlements	c	r
Hanweir Battlements // Hanweir, the Writhing Township	c	r
Hanweir Garrison		r
Hanweir Garrison // Hanweir, the Writhing Township		r
Hanweir Lancer		r
Hanweir Militia Captain		w
Hanweir Militia Captain // Westvale Cult Leader		w
Hanweir Watchkeep		r
Hanweir Watchkeep // Bane of Hanweir		r
Hanweir, the Writhing Township	c	r
Hanweir, the Writhing Township // Hanweir Battlements	c	r
Hanweir, the Writhing Township // Hanweir Garrison		r
Hapato's Might		b
Hapatra's Mark		g
Hapatra, Vizier of Poisons		bg
Haphazard Bombardment		r
Hapless Researcher		u
Happily Ever After		w
Happy Dead Squirrel	c	
Happy Hogan, Bodyguard		u
Happy Hogan, Dauntless Driver		r
Happy Yargle Day!		
Harabaz Druid	wubrg	g
Haradrim Spearmaster		r
Harald Unites the Elves		bg
Harald, King of Skemfar		bg
Harbin, Vanguard Aviator		wu
Harbinger of Night		b
Harbinger of Spring		g
Harbinger of the Hunt		rg
Harbinger of the Seas		u
Harbinger of the Tides		u
Harbor Bandit		ub
Harbor Guardian		wu
Harbor Serpent		u
Hard Cover		u
Hard Evidence		u
Hard Hat Area		
Hard-Hitting Question		g
Hard-Won Jitte		r
Hardbristle Bandit	wubrg	g
Hardened Academic		wr
Hardened Berserker		r
Hardened Bonds		g
Hardened Escort		w
Hardened Scales		g
Hardened Tactician		wb
Hardened-Scale Armor		g
Hardlight Containment		w
Hardy Outlander		g
Hardy Veteran		g
Hardy of Myra's Marvels		g
Hare Apparent		w
Hare Raising		wg
Hare Raising // Pollen-Shield Hare		wg
Hargilde, Kindly Runechanter	c	wu
Harm's Way		w
Harmattan Efreet		u
Harmless Assault		w
Harmless Offering		r
Harmonic Convergence		g
Harmonic Prodigy		r
Harmonic Sliver		wg
Harmonious Archon		w
Harmonious Emergence		g
Harmonious Grovestrider		g
Harmonize		g
Harmonized Crescendo		u
Harmonized Trio		u
Harmonized Trio // Brainstorm		u
Harmony of Nature		g
Harness Infinity		bg
Harness by Force		r
Harness the Storm		r
Harnessed Lightning		r
Harnessed Snubhorn		w
Harnesser of Storms		r
Harnfel, Horn of Bounty	r	r
Harnfel, Horn of Bounty // Birgi, God of Storytelling	r	r
Harold and Bob, First Numens	wubrg	g
Harper Recruiter		w
Harpoon Sniper		w
Harried Artisan		wr
Harried Artisan // Phyrexian Skyflayer		wr
Harried Dash		rg
Harried Dash // Steady Tortoise		rg
Harried Dronesmith		r
Harried Spearguard		r
Harrier Griffin		w
Harrier Naga		g
Harrier Strix		u
Harrow		g
Harrowing Journey		b
Harrowing Swarm		g
Harsh Annotation		w
Harsh Deceiver		w
Harsh Judgment		w
Harsh Justice		w
Harsh Mentor		r
Harsh Mercy		w
Harsh Scrutiny		b
Harsh Sustenance		wb
Haru, Hidden Talent		g
Haru-Onna		g
Haruspex	wubrg	g
Harvest Fear		b
Harvest Fear // Reaper of Night		b
Harvest Gwyllion		wb
Harvest Hand		
Harvest Hand // Scrounged Scythe		
Harvest Mage		g
Harvest Pyre		r
Harvest Season		g
Harvest Wurm		g
Harvester Druid	wubrg	g
Harvester Troll		g
Harvester of Misery		b
Harvester of Souls		b
Harvestguard Alseids		w
Harvestrite Host		w
Harvesttide Assailant		r
Harvesttide Assailant // Harvesttide Infiltrator		r
Harvesttide Infiltrator		r
Harvesttide Infiltrator // Harvesttide Assailant		r
Harvesttide Sentry		g
Hashaton, Scarab's Fist		wub
Hashep Oasis	gc	g
Hasran Ogress		b
Haste Magic		r
Hat Trick		w
Hatchery Sliver		g
Hatchery Spider		g
Hatchet Bully		r
Hatching Plans		u
Hate Mirage		r
Hate Weaver		b
Hateflayer		r
Hateful Eidolon		b
Hatred		b
Hatut Zeraze Strike Force		w
Haughty Djinn		u
Hauken's Insight		u
Hauken's Insight // Jacob Hauken, Inspector		u
Haunt of the Dead Marshes		b
Haunt the Network		ub
Haunted Angel		w
Haunted Cadaver		b
Haunted Cloak		
Haunted Crossroads		b
Haunted Dead		b
Haunted Fengraf	c	
Haunted Guardian		
Haunted Hellride		ub
Haunted House		
Haunted Library		w
Haunted Mire	bg	
Haunted One		b
Haunted Plate Mail		
Haunted Ridge	br	
Haunted Screen	wubrg	
Haunter of Nightveil		ub
Haunting Apparition		ub
Haunting Echoes		b
Haunting Figment		u
Haunting Hymn		b
Haunting Imitation		u
Haunting Misery		b
Haunting Voyage		b
Haunting Wind		b
Hauntwoods Shrieker		g
Have a Bite		b
Have a Bite // Adventurous Eater		b
Have for Dinner		wb
Have for Dinner // Devouring Sugarmaw		wb
Haven of the Harvest	wg	wg
Haven of the Harvest // Strength of the Harvest	wg	wg
Haven of the Spirit Dragon	wubrgc	
Havengul Laboratory	bc	
Havengul Laboratory // Havengul Mystery	bc	
Havengul Lich		ub
Havengul Mystery	bc	
Havengul Mystery // Havengul Laboratory	bc	
Havengul Runebinder		u
Havengul Skaab		u
Havengul Vampire		r
Havenwood Battleground	g	
Havenwood Wurm		g
Havi, the All-Father		wrg
Havoc		r
Havoc Demon		b
Havoc Devils		r
Havoc Eater		r
Havoc Festival		br
Havoc Jester		r
Havoc Sower		bc
Hawkeater Moth		g
Hawkeye's Bow		r
Hawkeye's Shot		w
Hawkeye, Avenging Archer		ur
Hawkeye, Bowslinger		w
Hawkeye, Clint Barton		w
Hawkeye, Master Marksman		r
Hawkeye, Trick Shot		r
Hawkeye, Young Avenger		r
Haystack		w
Haytham Kenway		wu
Haywire Mite		g
Hazard of the Dunes		g
Hazardous Blast		r
Hazardous Conditions		bg
Hazardroot Herbalist		g
Hazduhr the Abbot		w
Haze Frog		g
Haze of Pollen		g
Haze of Rage		r
Hazel of the Rootbloom	wubrg	bg
Hazel's Brewmaster		b
Hazel's Nocturne		b
Hazerider Drake		wu
Hazezon Tamar		wrg
Hazezon, Shaper of Sand		wrg
Hazmat Suit (Used)		b
Hazoret the Fervent		r
Hazoret's Favor		r
Hazoret's Monument		
Hazoret's Undying Fury		r
Hazoret, Godseeker		r
Hazy Homunculus		u
He Who Hungers		b
Head Banger		
Head Games		b
Head of the Class		wb
Head of the Homestead		wg
Head to Head		w
Headhunter		b
Headless Horseman		b
Headless Rider		b
Headless Skaab		u
Headless Specter		b
Headliner Scarlett		r
Headlong Rush		r
Headsplitter		r
Headstone		b
Headstrong Brute		r
Headwater Sentries		u
Heal		w
Heal the Scars		g
Healer of the Glade		g
Healer of the Pride		w
Healer's Flock		w
Healer's Hawk		w
Healer's Headdress		w
Healing Grace		w
Healing Hands		w
Healing Leaves		g
Healing Salve		w
Healing Technique		g
Heap Doll		
Heap Gate	wubrgc	
Heaped Harvest		g
Heart Sliver		r
Heart Warden	g	g
Heart Wolf		r
Heart of Bogardan		r
Heart of Kiran		
Heart of Light		w
Heart of Ramos	r	
Heart of Yavimaya	g	
Heart of a Duelist		u
Heart's Desire		g
Heart's Desire // Lovestruck Beast		g
Heart-Piercer Bow		
Heart-Piercer Manticore		r
Heart-Shaped Herb		
Heartbeat of Spring	wubrg	g
Heartfire		r
Heartfire Hero		r
Heartfire Immolator		r
Heartflame Duelist		wr
Heartflame Duelist // Heartflame Slash		wr
Heartflame Slash		wr
Heartflame Slash // Heartflame Duelist		wr
Hearth Charm		r
Hearth Elemental		r
Hearth Elemental // Stoke Genius		r
Hearth Kami		r
Hearthborn Battler		r
Hearthcage Giant		r
Hearthfire Hobgoblin		wr
Hearthhull, the Worldseed		brg
Heartlash Cinder		r
Heartless Act		b
Heartless Conscription		b
Heartless Hidetsugu		r
Heartless Pillage		b
Heartless Summoning		b
Heartmender		wg
Hearts on Fire		r
Heartseeker		
Heartstabber Mosquito		b
Heartstone		
Heartwarming Redemption		wr
Heartwood Dryad		g
Heartwood Giant		g
Heartwood Shard		g
Heartwood Storyteller		g
Heartwood Storyteller Avatar		
Heartwood Treefolk		g
Heat Ray		r
Heat Shimmer		r
Heat Stroke		r
Heat Wave		r
Heat of Battle		r
Heated Argument		r
Heated Debate		r
Heaven		rg
Heaven // Earth		rg
Heaven Sent		ur
Heaven's Gate		w
Heavenly Blademaster		w
Heavenly Qilin		w
Heavy Arbalest		
Heavy Ballista		w
Heavy Fog		g
Heavy Infantry		w
Heavy Mattock		
Heavyweight Demolisher		r
Hecatomb		b
Heckling Fiends		r
Hecteyes		b
Hedge Maze	ug	
Hedge Shredder		g
Hedge Troll		wg
Hedge Whisperer		g
Hedgewitch's Mask		w
Hedonist's Trove		b
Hedron Alignment		u
Hedron Archive	c	
Hedron Blade		
Hedron Crab		u
Hedron Crawler	c	
Hedron Detonator		r
Hedron Fields of Agadeem		
Hedron Matrix		
Hedron Rover		
Hedron Scrabbler		
Hedron-Field Purists		w
Heed the Mists		u
Heedless One		g
Hei Bai, Forest Guardian		wubrg
Hei Bai, Spirit of Balance		wb
Heidar, Rimewind Master		u
Heidegger, Shinra Executive		w
Heightened Awareness		u
Heightened Reflexes		r
Heiko Yamazaki, the General		r
Heir of Falkenrath		b
Heir of Falkenrath // Heir to the Night		b
Heir of the Ancient Fang		g
Heir of the Wilds		g
Heir to Dragonfire		r
Heir to the Night		b
Heir to the Night // Heir of Falkenrath		b
Heirloom Auntie		b
Heirloom Blade		
Heirloom Epic		
Heirloom Mirror		b
Heirloom Mirror // Inherited Fiend		b
Heirs of Stromkirk		r
Hekma Sentinels		u
Helbrute		br
Helga, Skittish Seer	wubrg	wug
Helica Glider		w
Helicarrier Strike		w
Heliod's Emissary		w
Heliod's Intervention		w
Heliod's Pilgrim		w
Heliod's Punishment		w
Heliod, God of the Sun		w
Heliod, Sun-Crowned		w
Heliod, the Radiant Dawn		wu
Heliod, the Radiant Dawn // Heliod, the Warped Eclipse		wu
Heliod, the Warped Eclipse		wu
Heliod, the Warped Eclipse // Heliod, the Radiant Dawn		wu
Helionaut	wubrg	w
Heliophial		
Helitrooper		w
Helium Squirter		u
Helix Pinnacle		g
Hell Mongrel		b
Hell Swarm		b
Hell to Pay		r
Hell's Caretaker		b
Hell's Caretaker Avatar		
Hell's Kitchen	br	
Hell's Thunder		r
Hell-Bent Raider		r
Hellcarver Demon		b
Hellcat, Undying Vigilante		g
Helldozer		b
Hellfire		b
Hellfire Mongrel		r
Hellhole Flailer		br
Hellhole Rats		br
Hellion Crucible	c	r
Hellion Eruption		r
Hellish Rebuke		b
Hellish Sideswipe		b
Hellkite Charger		r
Hellkite Courser		r
Hellkite Hatchling		rg
Hellkite Igniter		r
Hellkite Overlord		brg
Hellkite Punisher		r
Hellkite Tyrant		r
Hellkite Whelp		r
Hellraiser Goblin		r
Hellrider		r
Hellspark Elemental		r
Hellspur Brute		r
Hellspur Posse Boss		r
Helm of Awakening		
Helm of Chatzuk		
Helm of Kaldra		
Helm of Obedience		
Helm of Possession		
Helm of the Ghastlord		ub
Helm of the Gods		
Helm of the Host		
Helmut Zemo, Mastermind		u
Helpful Hunter		w
Helping Hand		w
Helvault		
Hematite Golem		r
Hematite Talisman		
Hemlock Vial		b
Hemosymbic Mite		g
Henchbots		
Henchfiend of Ukor		br
Henge Guardian		
Henge Walker		
Henge of Ramos	wubrgc	
Hengegate Pathway	wu	
Hengegate Pathway // Mistgate Pathway	wu	
Henrika Domnathi		b
Henrika Domnathi // Henrika, Infernal Seer		b
Henrika, Infernal Seer		b
Henrika, Infernal Seer // Henrika Domnathi		b
Henry Wu, InGen Geneticist		ubg
Henzie "Toolbox" Torre		brg
Herald of Amity		w
Herald of Anafenza		w
Herald of Anguish		b
Herald of Dromoka		w
Herald of Eternal Dawn		w
Herald of Faith		w
Herald of Hadar		b
Herald of Hoofbeats		u
Herald of Ilharg		rg
Herald of Kozilek		ur
Herald of Leshrac		b
Herald of Secret Streams		u
Herald of Serra		w
Herald of Slaanesh		r
Herald of Torment		b
Herald of Vengeance		w
Herald of War		w
Herald of the Dreadhorde		b
Herald of the Fair		w
Herald of the Forgotten		w
Herald of the Host		w
Herald of the Pantheon		g
Herald of the Sun		w
Herald's Horn		
Herald's Reveille		u
Heraldic Banner		
Heralds of Tzeentch		u
Herbal Poultice		
Herbology Instructor		bg
Herbology Instructor // Malady Invoker		bg
Hercules, Olympian Hero		w
Hercules, Prince of Power		g
Herd		rg
Herd Baloth		g
Herd Gnarr		g
Herd Heirloom	wubrg	g
Herd Migration		g
Herdchaser Dragon		g
Here Comes a New Hero!		u
Heretic's Punishment		r
Herigast, Erupting Nullkite		r
Heritage Druid	g	g
Heritage Reclamation		g
Hermes, Overseer of Elpis		u
Hermetic Study		u
Hermit Druid		g
Hermit Druid Avatar		
Hermit of the Natterknolls		g
Hermit of the Natterknolls // Lone Wolf of the Natterknolls		g
Hermitic Herbalist	wubrg	ug
Hermitic Nautilus		u
Hero in Training		w
Hero of Bladehold		w
Hero of Bretagard		w
Hero of Goma Fada		w
Hero of Iroas		w
Hero of Leina Tower		g
Hero of Oxid Ridge		r
Hero of Precinct One		w
Hero of the Dunes		wb
Hero of the Games		r
Hero of the Nyxborn		wr
Hero of the Pride		w
Hero of the Winds		w
Hero's Blade		
Hero's Demise		b
Hero's Downfall		b
Hero's Heirloom		
Hero's Resolve		w
Hero's Uncle		w
Heroes Remembered		w
Heroes for Hire		r
Heroes in a Half Shell		wubrg
Heroes of Kamigawa		wub
Heroes of the Revel		r
Heroes' Bane		g
Heroes' Hangout		r
Heroes' Podium		
Heroes' Reunion		wg
Heroic Charge		wr
Heroic Defiance		w
Heroic Feast		g
Heroic Intervention		g
Heroic Reinforcements		wr
Heroic Return		w
Heroic Sacrifice		w
Heroic Stanza		wb
Heroic Stanza // Abigale, Poet Laureate		wb
Heroic Teamwork		w
Heroism		wr
Heron of Hope		w
Heron's Grace Champion		wg
Heron-Blessed Geist		w
Heronblade Elite	wubrg	g
Hesitation		u
Hew the Entwood		r
Hewed Stone Retainers		
Hex		b
Hex Magic		r
Hex Parasite		b
Hex, Kellan's Companion		g
Hexavus		
Hexbane Tortoise		g
Hexdrinker		g
Hexgold Halberd		r
Hexgold Hoverwings		w
Hexgold Slash		r
Hexgold Sledge		r
Hexgold Slith		w
Hexing Squelcher		r
Hexmark Destroyer		b
Hexplate Golem		
Hexplate Wallbreaker		r
Hey, Has Anyone Seen Garruk?		g
Hey, Has Anyone Seen Garruk? // Garruk's Lost Wolf		g
Hezrou		b
Hezrou // Demonic Stench		b
Hibernation		u
Hibernation Sliver		ub
Hibernation's End		g
Hickory Woodlot	g	
Hidden Ancients		g
Hidden Blade		
Hidden Cataract	u	u
Hidden Courtyard	w	w
Hidden Dragonslayer		w
Hidden Footblade		r
Hidden Gibbons		g
Hidden Grotto	wubrgc	
Hidden Guerrillas		g
Hidden Herbalists	g	g
Hidden Herd		g
Hidden Hideout	wubrg	
Hidden Horror		b
Hidden Lair	ubc	
Hidden Necropolis	b	b
Hidden Nursery	g	g
Hidden Path		g
Hidden Predators		g
Hidden Retreat		w
Hidden Spider		g
Hidden Stag		g
Hidden Stockpile		wb
Hidden Strings		u
Hidden Volcano	r	r
Hide		wbr
Hide // Seek		wbr
Hide in Plain Sight		g
Hide on the Ceiling		u
Hideous End		b
Hideous Fleshwheeler		wb
Hideous Fleshwheeler // Nezumi Freewheeler		wb
Hideous Laughter		b
Hideous Taskmaster		r
Hideous Visage		b
Hidetsugu Consumes All		br
Hidetsugu Consumes All // Vessel of the All-Consuming		br
Hidetsugu and Kairi		ub
Hidetsugu's Poison Rite		b
Hidetsugu's Second Rite		r
Hidetsugu, Devouring Chaos		br
Hieroglyphic Illumination		u
Hieromancer's Cage		w
Hierophant Bio-Titan		g
Hierophant's Chalice	c	
High Alert		wu
High Fae Negotiator		b
High Fae Prankster		ub
High Fae Trickster		u
High Ground		w
High Market	c	
High Marshal Arguel		wb
High Noon		wr
High Noon At Thunder Junction		
High Perfect Morcant		bg
High Priest of Penance		wb
High Score		g
High Seas		u
High Sentinels of Arashin		w
High Stride		g
High Tide	u	u
High Troller		r
High and Dry Black Market		
High-Flying Ace		w
High-Rise Sawjack		g
High-Society Hunter		b
High-Speed Hoverbike		
Highborn Ghoul		b
Highborn Vampire		b
Highcliff Felidar		w
Higher Level Zone Monster		u
Highland Berserker		r
Highland Forest	rg	
Highland Game		g
Highland Giant		r
Highland Lake	ur	
Highland Weald	rg	
Highly Illogical		u
Highspire Artisan		g
Highspire Bell-Ringer		u
Highspire Infusion		g
Highspire Mantis		wr
Hightide Hermit		u
Highway Reaver		br
Highway Robber		b
Highway Robbery		r
Higure, the Still Wind		u
Higure, the Still Wind Avatar		
Hijack		r
Hikari, Twilight Guardian		w
Hildibrand Manderville		wb
Hildibrand Manderville // Gentleman's Rise		wb
Hill Giant		r
Hill Giant Herdgorger		g
Hill Gigas		r
Hillcomber Giant		w
Hinata, Dawn-Crowned		wur
Hinder		u
Hindering Light		wu
Hindering Touch		u
Hindervines		g
Hint of Insanity		b
Hinterland Chef		g
Hinterland Drake		u
Hinterland Harbor	ug	
Hinterland Hermit		r
Hinterland Hermit // Hinterland Scourge		r
Hinterland Logger		g
Hinterland Logger // Timber Shredder		g
Hinterland Sanctifier		w
Hinterland Scourge		r
Hinterland Scourge // Hinterland Hermit		r
Hipparion		w
Hippo-Cows		g
Hire a Crew		r
Hired Blade		b
Hired Claw		r
Hired Giant		r
Hired Heist		u
Hired Hexblade		b
Hired Muscle		b
Hired Muscle // Scarmaker		b
Hired Poisoner		b
Hired Torturer		b
Hish of the Snake Cult		ubg
Hisoka's Defiance		u
Hisoka's Guard		u
Hisoka, Minamo Sensei		u
Hissing Iguanar		r
Hissing Miasma		b
Hissing Quagmire	bg	bg
Historian of Zhalfir		u
Historian's Boon		w
Historian's Wisdom		g
History of Benalia		w
Hit		brg
Hit // Run		brg
Hit the Mother Lode		r
Hit-Monkey		g
Hitchclaw Recluse		g
Hithlain Knots		u
Hithlain Rope		
Hive Mind		u
Hive Stirrings		w
Hive of the Eye Tyrant	b	b
Hiveheart Shaman		g
Hivespine Wolverine		g
Hivestone		
Hivis of the Scale		r
Hixus, Prison Warden		w
Hoar Shade		b
Hoard Hauler		r
Hoard Robber		b
Hoard-Smelter Dragon		r
Hoarder's Greed		b
Hoarder's Overflow		r
Hoarding Broodlord		b
Hoarding Dragon		r
Hoarding Ogre		r
Hoarding Recluse		g
Hobbit's Sting		w
Hobble		w
Hobblefiend		r
Hobbling Zombie		b
Hobgoblin Bandit Lord		r
Hobgoblin Captain		r
Hobgoblin Dragoon		wr
Hobgoblin, Mantled Marauder		r
Hofri Ghostforge		wr
Hog-Monkey		b
Hog-Monkey Rampage		rg
Hogaak, Arisen Necropolis		bg
Hoisted Hireling		b
Hokori, Dust Drinker		w
Hold at Bay		w
Hold for Questioning		u
Hold for Ransom		w
Hold the Gates		w
Hold the Line		w
Hold the Perimeter		
Holdout Settlement	wubrgc	
Holistic Wisdom		g
Hollow Dogs		b
Hollow Marauder		b
Hollow One		
Hollow Scavenger		g
Hollow Scavenger // Bakery Raid		g
Hollow Specter		b
Hollow Trees	g	
Hollow Warrior		
Hollowborn Barghest		b
Hollowhead Sliver		r
Hollowhenge Beast		g
Hollowhenge Huntmaster		g
Hollowhenge Huntmaster // Avabruck Caretaker		g
Hollowhenge Overlord		g
Hollowhenge Scavenger		g
Hollowhenge Spirit		w
Hollowhenge Wrangler		g
Hollowmurk Siege		bg
Hollowsage		b
Holographic Double		u
Holy Armor		w
Holy Avenger		w
Holy Cow		w
Holy Day		w
Holy Frazzle-Cannon		wb
Holy Frazzle-Cannon // Invasion of New Capenna		wb
Holy Justiciar		w
Holy Light		w
Holy Mantle		w
Holy Strength		w
Homarid		u
Homarid Explorer		u
Homarid Shaman		u
Homarid Spawning Bed		u
Homarid Warrior		u
Homesickness		u
Homestead Courage		w
Homeward Path	c	
Homicidal Brute		u
Homicidal Brute // Civilized Scholar		u
Homicidal Seclusion		b
Homicide Investigator		b
Homing Lightning		r
Homing Sliver		r
Homunculus Horde		u
Homura's Essence		r
Homura's Essence // Homura, Human Ascendant		r
Homura, Human Ascendant		r
Homura, Human Ascendant // Homura's Essence		r
Honden of Cleansing Fire		w
Honden of Infinite Rage		r
Honden of Life's Web		g
Honden of Night's Reach		b
Honden of Seeing Winds		u
Honed Khopesh		
Honest Rutstein		bg
Honest Work	c	u
Honey Mammoth		g
Honeymoon Hearse		r
Honor		w
Honor Guard		w
Honor Troll		g
Honor of the Pure		w
Honor the Fallen		w
Honor the God-Pharaoh		r
Honor the Past		w
Honor's Reward		w
Honor-Worn Shaku	c	
Honorable Passage		w
Honorable Scout		w
Honorbound Page		w
Honorbound Page // Forum's Favor		w
Honored Crop-Captain		wr
Honored Dreyleader		g
Honored Heirloom	wubrg	
Honored Hierarch	wubrg	g
Honored Hydra		g
Honored Knight-Captain		w
Hooded Assassin		b
Hooded Blightfang		b
Hooded Brawler		g
Hooded Horror		b
Hooded Hydra		g
Hooded Kavu		br
Hoodwink		u
Hoof Skulkin		
Hoofprints of the Stag		w
Hook Horror		b
Hook Swords		wr
Hook-Haunt Drifter		u
Hook-Haunt Drifter // Baithook Angler		u
Hookblade		w
Hookblade Veteran		u
Hookhand Mariner		g
Hookhand Mariner // Riphook Raider		g
Hooting Mandrills		g
Hop to It		w
Hope Against Hope		w
Hope Charm		w
Hope Estheim		wu
Hope Tender		g
Hope and Glory		w
Hope of Ghirapur		
Hope-Ender Coatl		u
Hopeful Eidolon		w
Hopeful Initiate		w
Hopeful Vigil		w
Hopeless Nightmare		b
Hopping Automaton		
Horde Ambusher		r
Horde of Boggarts		r
Horde of Notions		wubrg
Hordeling Outburst		r
Hordewing Skaab		u
Horizon Boughs		
Horizon Canopy	wg	
Horizon Chimera		ug
Horizon Drake		u
Horizon Explorer		g
Horizon Scholar		u
Horizon Seed		w
Horizon Seeker		g
Horizon Spellbomb		g
Horizon Stone		
Horizon of Progress	wubrg	
Hormagaunt Horde		g
Horn of Deafening		
Horn of Gondor		
Horn of Greed		
Horn of Plenty		
Horn of Ramos	g	
Horn of Valhalla		w
Horn of Valhalla // Ysgard's Call		w
Horn of the Mark		
Hornbash Mentor		g
Horncaller's Chant		g
Horned Cheetah		wg
Horned Helm		g
Horned Kavu		rg
Horned Loch-Whale		u
Horned Loch-Whale // Lagoon Breach		u
Horned Sliver		g
Horned Stoneseeker		r
Horned Troll		g
Horned Turtle		u
Hornet Cannon		
Hornet Cobra		g
Hornet Harasser		b
Hornet Nest		g
Hornet Queen		g
Hornet Sting		g
Hornswoggle		u
Horobi's Whisper		b
Horobi, Death's Wail		b
Horrible Hordes		
Horribly Awry		u
Horrid Shadowspinner		ub
Horrid Vigor		g
Horrific Assault		g
Horrifying Revelation		b
Horror of Horrors		b
Horror of the Broken Lands		b
Horror of the Dim		ub
Horses of the Bruinen		u
Horseshoe Crab		u
Hoshi Sato, Exolinguist		u
Hospital Room		w
Hospital Room // Surgical Suite		w
Host of the Hereafter		bg
Hostage Taker		ub
Hostile Desert	c	
Hostile Hostel	c	
Hostile Hostel // Creeping Inn	c	
Hostile Investigator		b
Hostile Minotaur		r
Hostile Negotiations		b
Hostile Realm		r
Hostile Takeover		ubr
Hostility		r
Hosting Season		w
Hot Dog Cart	wubrg	
Hot Fix		wu
Hot Pursuit		r
Hot Soup		
Hot Springs		g
Hotel of Fears		
Hotfoot Gnome		r
Hotheaded Giant		r
Hotshot Investigators		u
Hotshot Mechanic		w
Hound Tamer		g
Hound Tamer // Untamed Pup		g
Hound of Griselbrand		r
Hound of Urabrask		r
Hound of the Farbogs		b
Hour of Defeat		b
Hour of Devastation		r
Hour of Eternity		u
Hour of Glory		b
Hour of Need		u
Hour of Promise		g
Hour of Reckoning		w
Hour of Revelation		w
Hour of Victory		b
Hourglass of the Lost	w	w
House Cartographer		g
House Guildmage		ub
Housemeld		u
Hovel Hurler		wr
Hover Barrier		u
Hoverguard Observer		u
Hoverguard Sweepers		u
Hovermyr		
Hoverstone Pilgrim		
How Is This a Par Three?!		u
How to Keep an Izzet Mage Busy		ur
How to Start a Riot		r
Howl from Beyond		b
Howl of the Horde		r
Howl of the Hunt		g
Howl of the Night Pack		g
Howler's Heavy		u
Howlgeist		g
Howling Banshee		b
Howling Chorus		g
Howling Chorus // Shrill Howler		g
Howling Fury		b
Howling Gale		g
Howling Galefang		g
Howling Giant		g
Howling Golem		
Howling Mine		
Howling Moon		g
Howling Wolf		g
Howlpack Alpha		g
Howlpack Alpha // Mayor of Avabruck		g
Howlpack Avenger		r
Howlpack Avenger // Ill-Tempered Loner		r
Howlpack Piper		g
Howlpack Piper // Wildsong Howler		g
Howlpack Resurgence		g
Howlpack Wolf		r
Howlpack of Estwald		g
Howlpack of Estwald // Villagers of Estwald		g
Howlsquad Heavy	r	r
Howltooth Hollow	b	b
Hraesvelgr of the First Brood		u
Htbr, Racetrack Referee		w
Hua Tuo, Honored Physician		g
Huang Zhong, Shu General		w
Huatli's Final Strike		g
Huatli's Raptor		wg
Huatli's Snubhorn		w
Huatli's Spurring		r
Huatli, Dinosaur Knight		wr
Huatli, Poet of Unity	wrg	wrg
Huatli, Poet of Unity // Roar of the Fifth People	wrg	wrg
Huatli, Radiant Champion		wg
Huatli, Warrior Poet		wr
Huatli, the Sun's Heart		wg
Hubris		u
Huddle Up		u
Huge Truck		
Hugs, Grisly Guardian		rg
Hulk's Thunderclap		g
Hulk, Always Angry		r
Hulk, Bruce Banner		r
Hulk, Brutal Brawler		g
Hulk, Gamma Goliath		rg
Hulk, Strongest There Is		g
Hulkbuster Armor		
Hulking Bugbear		r
Hulking Cyclops		r
Hulking Devil		r
Hulking Goblin		r
Hulking Metamorph		u
Hulking Ogre		r
Hulking Raptor	g	g
Hulkling, Burgeoning Bruiser		g
Hulkling, Young Avenger		r
Hull Breach		rg
Hullbreacher		u
Hullbreaker Horror		u
Hullcarver		b
Hulldrifter		u
Hum of the Radix		g
Human Frailty		b
Human Torch		wurg
Human Torch, Johnny Storm		r
Human—Time Lord Meta-Crisis		
Humble		w
Humble Budoka		g
Humble Defector		r
Humble Naturalist	wubrg	g
Humble the Brute		w
Humbler of Mortals		g
Humbling Elder		u
Humiliate		wb
Humility		w
Humming-		w
Humongulus		u
Hunding Gjornersen		wu
Hundred-Battle Veteran		b
Hundred-Handed One		w
Hundred-Talon Kami		w
Hundred-Talon Strike		w
Hundroog		g
Hunger of the Howlpack		g
Hunger of the Nim		b
Hungering Hydra		g
Hungering Yeti		r
Hungry Flames		r
Hungry Ghoul		b
Hungry Graffalon		g
Hungry Hungry Heifer		g
Hungry Lynx		g
Hungry Megasloth		g
Hungry Mist		g
Hungry Ridgewolf		r
Hungry Spriggan		g
Hungry for More		br
Hunt Down		g
Hunt for Specimens		b
Hunt the Hunter		g
Hunt the Weak		g
Hunted Bonebrute		b
Hunted Dragon		r
Hunted Ghoul		b
Hunted Horror		b
Hunted Lammasu		w
Hunted Nightmare		b
Hunted Phantasm		u
Hunted Troll		g
Hunted Witness		w
Hunted Wumpus		g
Hunted by The Family		u
Hunter Sliver		r
Hunter of Eyeblights		b
Hunter's Ambush		g
Hunter's Blowgun		
Hunter's Bow		g
Hunter's Edge		g
Hunter's Insight		g
Hunter's Mark		g
Hunter's Prowess		g
Hunter's Talent		g
Hunters' Feast		g
Hunting Cheetah		g
Hunting Drake		u
Hunting Grounds		wg
Hunting Kavu		rg
Hunting Moa		g
Hunting Pack		g
Hunting Triad		g
Hunting Velociraptor		r
Hunting Wilds		g
Huntmaster Liger		w
Huntmaster of the Fells		rg
Huntmaster of the Fells // Ravager of the Fells		rg
Hurkyl's Final Meditation		u
Hurkyl's Prodigy		u
Hurkyl's Recall		u
Hurkyl, Master Wizard		u
Hurl Through Hell		br
Hurl into History		u
Hurler Cyclops		r
Hurloon Battle Hymn		wr
Hurloon Minotaur		r
Hurloon Shaman		r
Hurloon Wrangler		r
Hurly-Burly		r
Hurr Jackal		r
Hurricane		g
Hurska Sweet-Tooth		wg
Hush		g
Hushbringer		w
Hushwing Gryff		w
Hushwood Verge	wg	
Huskburster Swarm		b
Hussar Patrol		wu
Hustle		urg
Hustle // Bustle		urg
Hyalopterous Lemure		b
Hydaelyn, the Mothercrystal		w
Hydaelyn, the Mothercrystal // Venat, Heart of Hydaelyn		w
Hydra Broodmaster		g
Hydra Omnivore		g
Hydra Trainer		g
Hydra's Growth		g
Hydra's Impenetrable Hide		
Hydradoodle		g
Hydraulic Helper	u	u
Hydro-Channeler	wubrg	u
Hydro-Man, Fluid Felon	u	u
Hydroblast		u
Hydroelectric Laboratory	u	u
Hydroelectric Laboratory // Hydroelectric Specimen	u	u
Hydroelectric Specimen	u	u
Hydroelectric Specimen // Hydroelectric Laboratory	u	u
Hydroform		ug
Hydroid Krasis		ug
Hydrolash		u
Hydromorph Guardian		u
Hydromorph Gull		u
Hydroponics Architect		u
Hydrosurge		u
Hyena Pack		r
Hyena Umbra		w
Hylda of the Icy Crown		wu
Hylda's Crown of Winter		
Hylderblade		b
Hymn of Rebirth		wg
Hymn of the Faller		b
Hymn of the Wilds		
Hymn to Tourach		b
Hymn to the Ages		u
Hypergenesis		g
Hyperion Blacksmith		r
Hyperion's Atomic Vision		w
Hyperion, Supreme Hero		w
Hypersonic Dragon		ur
Hypervolt Grasp		ur
Hypnotic Cloud		b
Hypnotic Grifter		u
Hypnotic Pattern		u
Hypnotic Siren		u
Hypnotic Specter		b
Hypnotic Sprite		u
Hypnotic Sprite // Mesmeric Glare		u
Hypnotic Swirly Disc		
Hypnox		b
Hypochondria		w
Hypothesizzle		ur
Hyrax Tower Scout		g
Hysterical Blindness		u
Hystrodon		g
Hythonia the Cruel		b
I Am Duskmourn		
I Am Iron Man		u
I Am Never Alone		
I Am Untouchable		
I Bask in Your Silent Awe		
I Call for Slaughter		
I Call on the Ancient Magics		
I Delight in Your Convulsions		
I Know All, I See All		
I Will Savor Your Agony		
I'm Rubber, You're Glue		w
Ian Chesterton		w
Ian Malcolm, Chaotician		ur
Ian the Reckless		r
Ib Halfheart, Goblin Tactician		r
Icatian Crier		w
Icatian Infantry		w
Icatian Javelineers		w
Icatian Lieutenant		w
Icatian Moneychanger		w
Icatian Phalanx		w
Icatian Priest		w
Icatian Scout		w
Icatian Skirmishers		w
Icatian Store	w	
Icatian Town		w
Ice		ur
Ice // Fire		ur
Ice Cage		u
Ice Cauldron		
Ice Cave		u
Ice Cream Kitty		bg
Ice Flan		u
Ice Floe		
Ice Magic		u
Ice Out		u
Ice Over		u
Ice Storm		g
Ice Tunnel	ub	
Ice-Fang Coatl		ug
Iceberg	c	u
Iceberg Cancrix		u
Iceberg Titan		u
Iceberg Titan // Inverted Iceberg		u
Icebind Pillar		u
Icebreaker Kraken		u
Icecave Crasher		g
Icefall		r
Icefall Regent		u
Icefeather Aven		ug
Icehide Golem		
Icehide Troll		g
Iceman and Firestar		ur
Icequake		b
Iceridge Serpent		u
Icetill Explorer		g
Icewind Elemental		u
Icewind Stalwart		w
Icewrought Sentry		u
Ich-Tekik, Salvage Splicer		g
Ichiga, Who Topples Oaks		g
Ichiga, Who Topples Oaks // Budoka Pupil		g
Ichneumon Druid		g
Ichor Aberration		ub
Ichor Drinker		b
Ichor Elixir	c	
Ichor Explosion		b
Ichor Rats		b
Ichor Shade		b
Ichor Slick		b
Ichor Synthesizer		u
Ichor Wellspring		
Ichorclaw Myr		
Ichorid		b
Ichormoon Gauntlet		u
Ichorplate Golem		
Ichorspit Basilisk		g
Ichthyomorphosis		u
Icing Manipulator		g
Icingdeath, Frost Tyrant		w
Icon of Ancestry		
Iconic Shield		w
Icy Blast		u
Icy Manipulator		
Icy Prison		u
Ideas Unbound		u
Identify the Culprit		w
Identity Crisis		wb
Identity Thief		u
Idle Thoughts		u
Idol of Endurance		w
Idol of False Gods	c	c
Idol of Oblivion		
Idol of the Deep King		r
Idol of the Deep King // Sovereign's Macuahuitl		r
Idolized		w
Idris, Soul of the TARDIS		ur
Idyllic Beachfront	wu	
Idyllic Grange	w	
Idyllic Tutor		w
Ifh-Bíff Efreet		g
Ifnir Deadlands	bc	b
Ifrit, Warden of Inferno	r	r
Ifrit, Warden of Inferno // Clive, Ifrit's Dominant	r	r
Ignacio of Myra's Marvels		r
Igneous Cur		r
Igneous Elemental		r
Igneous Golem		
Igneous Inspiration		r
Igneous Pouncer		br
Ignis Scientia		ug
Ignite Disorder		r
Ignite Memories		r
Ignite the Beacon		w
Ignite the Cloneforge!		
Ignite the Future		r
Ignition Team		r
Ignoble Hierarch	brg	g
Ignoble Soldier		w
Ignorant Bliss		r
Iguana Parrot		u
Ihsan's Shade		b
Iizuka the Ruthless		r
Ikiral Outrider		w
Ikra Shidiqi, the Usurper		bg
Il Mheg Pixie		u
Ilharg, the Raze-Boar		r
Ill-Gotten Gains		b
Ill-Gotten Inheritance		b
Ill-Tempered Cyclops		r
Ill-Tempered Loner		r
Ill-Tempered Loner // Howlpack Avenger		r
Ill-Timed Explosion		ur
Illegitimate Business	bg	
Illicit Auction		r
Illicit Masquerade		b
Illicit Shipment		b
Illithid Harvester		u
Illithid Harvester // Plant Tadpoles		u
Illness in the Ranks		b
Illuminate		ur
Illuminate History		r
Illuminated Folio		
Illuminated Wings		u
Illuminating Detective		w
Illuminating Lash		ur
Illumination		w
Illuminator Virtuoso		w
Illuminor Szeras	b	b
Illuna, Apex of Wishes		urg
Illusion		ug
Illusion // Reality		ug
Illusion Spinners		u
Illusion of Choice		u
Illusionary Armor		u
Illusionary Forces		u
Illusionary Informant		u
Illusionary Mask		
Illusionary Presence		u
Illusionary Servant		u
Illusionary Terrain		u
Illusionary Wall		u
Illusionist's Bracers		
Illusionist's Gambit		u
Illusionist's Stratagem		u
Illusions of Grandeur		u
Illusory Ambusher		u
Illusory Angel		u
Illusory Demon		ub
Illusory Gains		u
Illusory Wrappings		u
Illustrious Historian		r
Illustrious Wanderglyph		w
Illvoi Galeblade		u
Illvoi Infiltrator		u
Illvoi Light Jammer		u
Illvoi Operative		u
Ilysian Caryatid	wubrg	g
Imagecrafter		u
Imaginary Friends		w
Imaginary Friends (Plane)		
Imaginary Pet		u
Imaginary Threats		u
Imaryll, Elfhame Elite		g
Imbraham, Dean of Theory		ug
Imbraham, Dean of Theory // Kianne, Dean of Substance		ug
Imi Statue		
Immaculate Magistrate		g
Immard, the Stormcleaver		wur
Immediate Action		
Immersturm		
Immersturm Battlefield		r
Immersturm Predator		br
Immersturm Raider		r
Immersturm Skullcairn	b	br
Immerwolf		rg
Imminent Doom		r
Immobilizer Eldrazi		rc
Immobilizing Ink		u
Immolating Glare		w
Immolating Gyre		r
Immolating Souleater		r
Immolation		r
Immolation Shaman		r
Immoral Bargain		bg
Immortal Coil		b
Immortal Obligation		w
Immortal Phoenix		r
Immortal Servitude		wb
Immortus, Master of Eternity	u	u
Immovable Rod		w
Imodane's Recruiter		wr
Imodane's Recruiter // Train Troops		wr
Imodane, the Pyrohammer		r
Imoen, Chaotic Trickster		ur
Imoen, Honorable Trickster		wu
Imoen, Mystic Trickster		u
Imoen, Occult Trickster		ub
Imoen, Trickster Friend		u
Imoen, Wily Trickster		u
Imoen, Wise Trickster		ug
Imotekh the Stormlord		b
Imoti, Celebrant of Bounty		ug
Imp's Mischief		b
Impact Resonance		r
Impact Tremors		r
Impale		b
Impaler Shrike		u
Impassioned Orator		w
Impatience		r
Impatient Iguana		r
Impeccable Timing		w
Impede Momentum		u
Impelled Giant		r
Impending Disaster		r
Impending Doom		r
Impending Flux		r
Imperial Aerosaur		w
Imperial Blademaster		wr
Imperial Ceratops		w
Imperial Cosmographer		u
Imperial Edict		b
Imperial Hellkite		r
Imperial Lancer		w
Imperial Mask		w
Imperial Moth		w
Imperial Moth // Befriending the Moths		w
Imperial Oath		w
Imperial Outrider		w
Imperial Recovery Unit		w
Imperial Recruiter		r
Imperial Seal		b
Imperial Subduer		w
Imperiosaur		g
Imperious Inkmage		wb
Imperious Mindbreaker		u
Imperious Oligarch		wb
Imperious Perfect		g
Impervious Greatwurm		g
Impetuous Devils		r
Impetuous Lootmonger		r
Impetuous Protege		r
Impetuous Sunchaser		r
Implement of Combustion		r
Implement of Examination		u
Implement of Ferocity		g
Implement of Improvement		w
Implement of Malice		b
Implements of Sacrifice	wubrg	
Implode		r
Impolite Entrance		r
Impose Hierarchy		b
Imposing Grandeur		r
Imposing Sovereign		w
Imposing Vantasaur		w
Imposing Visage		r
Impossible Inferno		r
Impossible Man		u
Imposter Mech		u
Impostor Syndrome		u
Impostor of the Sixth Pride		w
Impounding Lot-Bot		w
Impractical Joke		r
Impressive Rat		b
Imprison		b
Imprison This Insolent Wretch		
Imprisoned in the Moon	c	u
Improbable Alliance		ur
Impromptu Raid		rg
Improvisation Capstone		r
Improvised Armor		w
Improvised Arsenal		r
Improvised Club		r
Improvised Weaponry		r
Improvising Aerialist		w
Imps' Taunt		b
Impulse		u
Impulsive Charge		
Impulsive Destruction		
Impulsive Maneuvers		r
Impulsive Pilferer		r
Impulsive Return		
Impulsivity		r
Imskir Iron-Eater		br
In Bolas's Clutches		u
In Garruk's Wake		b
In Oketra's Name		w
In Residence		rg
In Search of Greatness		g
In Thrall to the Pit		br
In Too Deep		u
In the Darkness Bind Them		ubr
In the Eye of Chaos		u
In the Pale Moonlight		b
In the Presence of Ages		g
In the Trenches		w
In the Web of War		r
Inaction Injunction		u
Inalla, Archmage Ritualist		ubr
Iname as One		bg
Iname, Death Aspect		b
Iname, Life Aspect		g
Incandescent Aria		wrg
Incandescent Soulstoke		r
Incarnation Technique		b
Incendiary		r
Incendiary Command		r
Incendiary Dissent		r
Incendiary Flow		r
Incendiary Oracle		r
Incendiary Sabotage		r
Incessant Provocation		r
Inchblade Companion		w
Incinerate		r
Incinerating Blast		r
Incinerator of the Guilty		r
Incisor Glider		w
Incisor Steed		w
Incite		r
Incite Hysteria		r
Incite Insight		u
Incite Rebellion		r
Incite War		r
Incited Rabble		w
Incited Rabble // Town Gossipmonger		w
Incoming!		g
Incongruity		ug
Incongruity // Incubation		ug
Incorrigible Youths		r
Increasing Ambition		b
Increasing Confusion		u
Increasing Devotion		w
Increasing Savagery		g
Increasing Vengeance		r
Incremental Blight		b
Incremental Growth		g
Incriminate		b
Incriminating Impetus		br
Incubation		ug
Incubation // Incongruity		ug
Incubation Druid	wubrg	g
Incubation Sac		g
Incubation Triformer		b
Incubator Drone	c	u
Incubob		b
Incurable Ogre		r
Incursion Specialist		u
Indatha Crystal	wbg	
Indatha Triome	wbg	
Indebted Samurai		w
Indebted Spirit		w
Indentured Djinn		u
Indentured Oaf		r
Independent Troops		r
Indestructibility		w
Indestructible Aura		w
Index		u
Indicate		
Indigo Faerie		u
Indoctrination Attendant		w
Indominus Rex, Alpha		ubg
Indomitable Ancients		w
Indomitable Archangel		w
Indomitable Creativity		r
Indomitable Might		g
Indomitable Will		w
Indoraptor, the Perfect Hybrid		brg
Indrik Stomphowler		g
Indrik Umbra		wg
Indris, the Hydrostatic Surge		ur
Induce Despair		b
Induce Paranoia		ub
Induced Amnesia		u
Indulge		r
Indulge // Excess		r
Indulgent Aristocrat		b
Indulgent Tormentor		b
Indulging Patrician		wb
Industrial Advancement		r
Ineffable Blessing		g
Inertia Bubble		u
Inescapable Blaze		r
Inescapable Brute		r
Inevitable Betrayal		u
Inevitable Defeat		wbr
Inevitable End		b
Inexorable Blob		g
Inexorable Tide		u
Infantry Shield		r
Infantry Veteran		w
Infected Defector		w
Infected Vermin		b
Infectious Bite		g
Infectious Bloodlust		r
Infectious Curse		b
Infectious Curse // Accursed Witch		b
Infectious Horror		b
Infectious Host		b
Infectious Inquiry		b
Infectious Rage		r
Infernal Captor		r
Infernal Caretaker		b
Infernal Contract		b
Infernal Darkness		b
Infernal Denizen		b
Infernal Genesis		b
Infernal Grasp		b
Infernal Harvest		b
Infernal Idol	b	b
Infernal Kirin		b
Infernal Medusa		b
Infernal Offering		b
Infernal Pet		b
Infernal Phantom		r
Infernal Plunge	r	r
Infernal Rebirth		b
Infernal Reckoning		b
Infernal Scarring		b
Infernal Sovereign		b
Infernal Spawn of Evil		b
Infernal Spawn of Infernal Spawn of Evil		b
Infernal Tribute		b
Infernal Tutor		b
Infernal Vessel		b
Infernius Spawnington III, Esq.		b
Inferno		r
Inferno Elemental		r
Inferno Fist		r
Inferno Hellion		r
Inferno Jet		r
Inferno Project		r
Inferno Titan		r
Inferno Trap		r
Inferno of the Star Mounts		r
Infest		b
Infestation		b
Infestation Expert		g
Infestation Expert // Infested Werewolf		g
Infestation Sage		b
Infested Fleshcutter		w
Infested Roothold		g
Infested Thrinax		bg
Infested Werewolf		g
Infested Werewolf // Infestation Expert		g
Infesting Radroach		b
Infiltrate		u
Infiltration Lens		
Infiltrator il-Kor		u
Infiltrator's Magemark		u
Infinite Authority		w
Infinite Guideline Station		wubrg
Infinite Hourglass		
Infinite Obliteration		b
Infinite Reflection		u
Infinity Elemental		r
Infinity Formula		w
Infirmary Healer		g
Infirmary Healer // Stream of Life		g
Inflame		r
Inflation Station		
Information Booth		
Information Dealer		u
Informed Inkwright		w
Infuriate		r
Infuse		u
Infuse with Vitality		bg
Infuse with the Elements		g
Infused Arrows		
Inga Rune-Eyes		u
Inga and Esika	wubrg	ug
Ingenious Artillerist		r
Ingenious Infiltrator		ub
Ingenious Leonin		w
Ingenious Mastery		u
Ingenious Prodigy		u
Ingenious Skaab		u
Ingenious Smith		w
Ingenious Thief		u
Ingenuity Engine		
Ingot Chewer		r
Inheritance		w
Inherited Envelope	wubrg	
Inherited Fiend		b
Inherited Fiend // Heirloom Mirror		b
Inhumaniac		b
Initiate of Blood		r
Initiate of Blood // Goka the Unjust		r
Initiate's Companion		g
Initiates of the Ebon Hand	b	b
Injector Crocodile		b
Injury		r
Injury // Insult		r
Ink Dissolver		u
Ink-Eyes, Servant of Oni		b
Ink-Eyes, Servant of Oni Avatar		
Ink-Treader Nephilim		wurg
Inkfathom Divers		u
Inkfathom Infiltrator		ub
Inkfathom Witch		ub
Inkling Mascot		wb
Inkling Summoning		wb
Inkmoth Nexus	c	
Inkrise Infiltrator		b
Inkshape Demonstrator		w
Inkshield		wb
Inkwell Leviathan		u
Inner Calm, Outer Strength		g
Inner Demon		b
Inner Demons Gangsters		b
Inner Fire	r	r
Inner Sanctum		w
Inner Struggle		r
Inner-Chamber Guard		w
Inner-Flame Acolyte		r
Inner-Flame Igniter		r
Inniaz, the Gale Force		wu
Innistrad Charm		b
Innkeeper's Talent		g
Innocence Kami		w
Innocent Blood		b
Innocent Bystander		r
Innocent Traveler		b
Innocent Traveler // Malicious Invader		b
Innocuous Insect		u
Innocuous Rat		b
Innocuous Researcher		g
Innovative Metatect		wu
Inordinate Rage		r
Inquisition		b
Inquisition of Kozilek		b
Inquisitive Glimmer		wu
Inquisitive Puppet		
Inquisitor Captain		w
Inquisitor Eisenhorn		ub
Inquisitor Exarch		w
Inquisitor Greyfax		wub
Inquisitor's Flail		
Inquisitor's Ox		w
Inquisitor's Snare		w
Inquisitorial Rosette		
Insatiable Appetite		g
Insatiable Avarice		b
Insatiable Frugivore		b
Insatiable Gorgers		r
Insatiable Harpy		b
Insatiable Hemophage		b
Insatiable Skittermaw		b
Insatiable Souleater		g
Inscribed Tablet		
Inscription of Abundance		g
Inscription of Insight		u
Inscription of Ruin		b
Insectile Aberration		u
Insectile Aberration // Delver of Secrets		u
Insectoid Exterminator		b
Inside Out		ur
Inside Source		w
Insidious Bookworms		b
Insidious Dreams		b
Insidious Fungus		g
Insidious Mist		b
Insidious Mist // Elusive Tormentor		b
Insidious Roots	wubrg	bg
Insidious Will		u
Insight		u
Insight Engine		u
Insist		g
Insolence		r
Insolent Neonate		r
Insomnia, Crown City	wb	
Inspiration		u
Inspiration from Beyond		u
Inspirational Antelope		g
Inspire Awe		g
Inspired Charge		w
Inspired Fire		r
Inspired Idea		u
Inspired Insurgent		w
Inspired Inventor		w
Inspired Skypainter		ur
Inspired Skypainter // Maestro's Gift		ur
Inspired Sphinx		u
Inspired Sprite		u
Inspired Tinkering		r
Inspired Ultimatum		wur
Inspiring Bard		g
Inspiring Call		g
Inspiring Captain		w
Inspiring Cleric		w
Inspiring Commander		w
Inspiring Easel	wubrg	ur
Inspiring Leader		w
Inspiring Overseer		w
Inspiring Paladin		w
Inspiring Refrain		u
Inspiring Roar		w
Inspiring Statuary		
Inspiring Unicorn		w
Inspiring Vantage	wr	
Inspiring Veteran		wr
Inspirit		w
Inspirit, Flagship Vessel		wur
Inspirited Vanguard		g
Instant Ramen		
Instigator		b
Instigator Gang		r
Instigator Gang // Wildblood Pack		r
Instill Energy		g
Instill Furor		r
Instill Infection		b
Instrument of the Bards		g
Instruments of War		
Insubordination		b
Insufferable Balladeer		r
Insufferable Syphon		
Insult		r
Insult // Injury		r
Insurrection		r
Intangible Vibes		w
Intangible Virtue		w
Integrity		wr
Integrity // Intervention		wr
Intellect Devourer		b
Intellectual Offering		u
Intelligence Bobblehead	wubrg	
Interceptor Mechan		br
Interceptor, Shadow's Hound		b
Intercessor's Arrest		w
Interdict		u
Interdimensional Web Watch	wubrg	
Interdisciplinary Mascot		u
Interdisciplinary Studies		u
Interface Ace		w
Interjection		w
Intermediate Chirography		b
Interplanar Beacon	c	
Interplanar Brushwagg		g
Interplanar Tunnel		
Interpret the Signs		u
Interrogation Robot		
Intervene		u
Intervention		wr
Intervention // Integrity		wr
Intervention Pact		w
Intervention of Keranos		
Intet, the Dreamer		urg
Inti, Seneschal of the Sun		r
Intimidation		b
Intimidation Bolt		wr
Intimidation Campaign		ub
Intimidation Tactics		b
Intimidator Initiate		r
Into Thin Air		u
Into the Core		r
Into the Earthen Maw		
Into the Fae Court		u
Into the Fire		r
Into the Flood Maw		u
Into the Fray		r
Into the Maw of Hell		r
Into the Night		r
Into the North		g
Into the Pit		b
Into the Roil		u
Into the Story		u
Into the Time Vortex		r
Into the Void		u
Into the Wilds		g
Intrepid Ace		r
Intrepid Adversary		w
Intrepid Hero		w
Intrepid Outlander		g
Intrepid Paleontologist	wubrg	g
Intrepid Provisioner		g
Intrepid Rabbit		w
Intrepid Stablemaster	wubrg	g
Intrepid Tenderfoot		g
Intrepid Trufflesnout		g
Intrepid Trufflesnout // Go Hog Wild		g
Introduction to Annihilation		
Introduction to Prophecy		
Introductions Are in Order		
Intrude on the Mind		u
Intruder Alarm		u
Intruder's Inquisition		br
Intruding Soulrager		ur
Intrusive Packbeast		w
Intuition		u
Inundate		u
Inundated Archive	ub	ub
Inundated Archive // Waterlogged Teachings	ub	ub
Invade the City		ur
Invader Parasite		r
Invading Manticore		r
Invasion Plans		r
Invasion Reinforcements		w
Invasion Specialist		b
Invasion Submersible		u
Invasion Tactics		g
Invasion of Alara		wubrg
Invasion of Alara // Awaken the Maelstrom		wubrg
Invasion of Amonkhet		ub
Invasion of Amonkhet // Lazotep Convert		ub
Invasion of Arcavios		u
Invasion of Arcavios // Invocation of the Founders		u
Invasion of Azgol		br
Invasion of Azgol // Ashen Reaper		br
Invasion of Belenon		w
Invasion of Belenon // Belenon War Anthem		w
Invasion of Dominaria		w
Invasion of Dominaria // Serra Faithkeeper		w
Invasion of Eldraine		b
Invasion of Eldraine // Prickle Faeries		b
Invasion of Ergamon		rg
Invasion of Ergamon // Truga Cliffcharger		rg
Invasion of Fiora		b
Invasion of Fiora // Marchesa, Resolute Monarch		b
Invasion of Gobakhan		w
Invasion of Gobakhan // Lightshield Array		w
Invasion of Ikoria		g
Invasion of Ikoria // Zilortha, Apex of Ikoria		g
Invasion of Innistrad		b
Invasion of Innistrad // Deluge of the Dead		b
Invasion of Ixalan		g
Invasion of Ixalan // Belligerent Regisaur		g
Invasion of Kaladesh		ur
Invasion of Kaladesh // Aetherwing, Golden-Scale Flagship		ur
Invasion of Kaldheim		r
Invasion of Kaldheim // Pyre of the World Tree		r
Invasion of Kamigawa		u
Invasion of Kamigawa // Rooftop Saboteurs		u
Invasion of Karsus		r
Invasion of Karsus // Refraction Elemental		r
Invasion of Kylem		wr
Invasion of Kylem // Valor's Reach Tag Team		wr
Invasion of Lorwyn		bg
Invasion of Lorwyn // Winnowing Forces		bg
Invasion of Mercadia		r
Invasion of Mercadia // Kyren Flamewright		r
Invasion of Moag		wg
Invasion of Moag // Bloomwielder Dryads		wg
Invasion of Muraganda		g
Invasion of Muraganda // Primordial Plasm		g
Invasion of New Capenna		wb
Invasion of New Capenna // Holy Frazzle-Cannon		wb
Invasion of New Phyrexia		wu
Invasion of New Phyrexia // Teferi Akosa of Zhalfir		wu
Invasion of Pyrulea		ug
Invasion of Pyrulea // Gargantuan Slabhorn		ug
Invasion of Ravnica		
Invasion of Ravnica // Guildpact Paragon		
Invasion of Regatha		r
Invasion of Regatha // Disciples of the Inferno		r
Invasion of Segovia		u
Invasion of Segovia // Caetus, Sea Tyrant of Segovia		u
Invasion of Shandalar		g
Invasion of Shandalar // Leyline Surge		g
Invasion of Tarkir		r
Invasion of Tarkir // Defiant Thundermaw		r
Invasion of Theros		w
Invasion of Theros // Ephara, Ever-Sheltering		w
Invasion of Tolvada		wb
Invasion of Tolvada // The Broken Sky		wb
Invasion of Ulgrotha		b
Invasion of Ulgrotha // Grandmother Ravi Sengir		b
Invasion of Vryn		u
Invasion of Vryn // Overloaded Mage-Ring		u
Invasion of Xerex		wu
Invasion of Xerex // Vertex Paladin		wu
Invasion of Zendikar	wubrg	g
Invasion of Zendikar // Awakened Skyclave	wubrg	g
Invasion of the Giants		ur
Invasive Maneuvers		r
Invasive Species		g
Invasive Surgery		u
Invent		ur
Invent // Invert		ur
Inventive Iteration		u
Inventive Iteration // Living Breakthrough		u
Inventive Wingsmith		w
Inventor's Apprentice		r
Inventor's Axe		r
Inventor's Goggles		
Inventors' Fair	c	
Inventory Management		wr
Inversion Behemoth		c
Invert		ur
Invert // Invent		ur
Invert Polarity		ur
Invert the Skies		ug
Inverted Iceberg		u
Inverted Iceberg // Iceberg Titan		u
Inverter of Truth		b
Investi-Gate		g
Investigator's Journal		
Invigorate		g
Invigorated Rampage		r
Invigorating Boon		g
Invigorating Falls		g
Invigorating Hot Spring		rg
Invigorating Surge		g
Invincible Hymn		w
Inviolability		w
Invisibility		u
Invisible Force Field		w
Invisible Stalker		u
Invisible Woman		wurg
Invisible Woman, Sue Storm		w
Invocation of Saint Traft		wu
Invocation of the Founders		u
Invocation of the Founders // Invasion of Arcavios		u
Invoke Calamity		r
Invoke Despair		b
Invoke Justice		w
Invoke Prejudice		u
Invoke the Ancients		g
Invoke the Divine		w
Invoke the Firemind		ur
Invoke the Winds		u
Involuntary Cooldown		u
Involuntary Employment		r
Invulnerability		w
Inys Haen		
Inzerva, Master of Insights		ur
Ion Storm		r
Iona's Blessing		w
Iona's Judgment		w
Iona, Shield of Emeria		w
Ionize		ur
Ior Ruin Expedition		u
Ioreth of the Healing House		u
Ipnu Rivulet	uc	u
Irascible Wolverine		r
Iraxxa, Empress of Mars		r
Ire Shaman		r
Ire of Kaminari		r
Irencrag Feat	r	r
Irencrag Pyromancer		r
Irenicus's Vile Duplication		u
Iridescent Angel		wu
Iridescent Blademaster		g
Iridescent Drake		u
Iridescent Hornbeetle		g
Iridescent Tiger	wubrg	r
Iridescent Vinelasher		b
Iridian Maelstrom		wubrg
Irini Sengir		b
Irma, Part-Time Mutant		u
Iroas's Blessing		r
Iroas's Champion		wr
Iroas, God of Victory		wr
Iroh's Demonstration		r
Iroh, Dragon of the West		r
Iroh, Firebending Instructor		r
Iroh, Grand Lotus		urg
Iroh, Tea Master		wr
Iron Apprentice		
Iron Bully		
Iron Fist, Hero for Hire		r
Iron Fist, Living Weapon		r
Iron Giant		
Iron Golem		
Iron Lad, Diverging Destiny		u
Iron Lad, Young Avenger		ur
Iron Lance		
Iron League Steed		
Iron Maiden		
Iron Man Armor		
Iron Man, Armored Avenger		u
Iron Man, Bleeding Edge		u
Iron Man, Futurist Paragon		u
Iron Man, Master of Machines		ur
Iron Man, Modern Marvel		u
Iron Man, Titan of Innovation		ur
Iron Man, Tony Stark		r
Iron Mastiff		
Iron Monger, Sadistic Tycoon		b
Iron Myr	r	
Iron Spider, Stark Upgrade		
Iron Star		
Iron Suitcase		
Iron Tusk Elephant		w
Iron Verdict		w
Iron Will		w
Iron-Barb Hellion		r
Iron-Craw Crusher		g
Iron-Fist Pulverizer		r
Iron-Heart Chimera		
Iron-Shield Elf		b
Ironclad Krovod		w
Ironclad Revolutionary		b
Ironclad Slayer		w
Ironclaw Buzzardiers		r
Ironclaw Curse		r
Ironclaw Orcs		r
Ironfang		r
Ironfang // Village Ironsmith		r
Ironfist Crusher		w
Ironheart, Clever Champion		u
Ironhoof Boar		r
Ironhoof Ox		g
Ironpaw Aspirant		w
Ironroot Treefolk		g
Ironroot Warlord		wg
Ironscale Hydra		g
Ironshell Beetle		g
Ironsoul Enforcer		w
Irontread Crusher		
Ironwill Forger		w
Ironwright's Cleansing		w
Irradiate		b
Irrefutable Evidence		u
Irregular Cohort		w
Irresistible Prey		g
Irreverent Gremlin		r
Irreverent Revelers		r
Irrigated Farmland	wu	
Irrigation Ditch	wug	
Isamaru and Yoshimaru		w
Isamaru, Hound of Konda		w
Isao, Enlightened Bushi		g
Isareth the Awakener		b
Isengard Unleashed		r
Ishai, Ojutai Dragonspeaker		wu
Ishgard, the Holy See	w	w
Ishgard, the Holy See // Faith // Grief	w	w
Ishi-Ishi, Akki Crackshot		r
Ishkanah, Broodmother		bg
Ishkanah, Grafwidow		bg
Isildur's Fateful Strike		b
Isilu, Carrier of Twilight		wb
Isilu, Carrier of Twilight // Eirdu, Carrier of Dawn		wb
Island	u	
Island Fish Jasconius		u
Island Sanctuary		w
Island of Wak-Wak		
Isle of Vesuva		
Isleback Spawn		u
Isochron Scepter		
Isolate		w
Isolated Chapel	wb	
Isolated Watchtower	c	
Isolation Cell		
Isolation Zone		w
Isolation at Orthanc		u
Isperia the Inscrutable		wu
Isperia's Skywatch		u
Isperia, Supreme Judge		wu
Isshin, Two Heavens as One		wbr
Isu the Abominable		wug
It Came from Planet Glurg		ug
It Doesn't Add Up		b
It That Betrays		
It That Gets Left Hanging		r
It That Heralds the End		c
It That Rides as One		w
It That Rides as One // Lone Rider		w
It of the Horrid Swarm		g
It'll Quench Ya!		u
It's Clobberin' Time!		g
Item Crate	rg	
Item Shopkeep		r
Iterative Analysis		
Ith, High Arcanist		wu
Ithilien Kingfisher		u
Itlimoc, Cradle of the Sun	g	g
Itlimoc, Cradle of the Sun // Growing Rites of Itlimoc	g	g
Itzquinth, Firstborn of Gishath		rg
Ivora, Insatiable Heir		r
Ivory Charm		w
Ivory Crane Netsuke		
Ivory Cup		
Ivory Gargoyle		w
Ivory Giant		w
Ivory Guardians		w
Ivory Mask		w
Ivory Tower		
Ivorytusk Fortress		wbg
Ivy Dancer		g
Ivy Elemental		g
Ivy Lane Denizen		g
Ivy Seer		g
Ivy, Gleeful Spellthief		ug
Iwamori of the Open Fist		g
Ixalan's Binding		w
Ixalli's Diviner		g
Ixalli's Keeper		g
Ixalli's Lorekeeper	wubrg	g
Ixhel, Scion of Atraxa		wbg
Ixidor's Will		u
Ixidor, Reality Sculptor		u
Ixidron		u
Iymrith, Desert Doom		u
Izoni, Center of the Web		bg
Izoni, Thousand-Eyed		bg
Izzet Boilerworks	ur	
Izzet Charm		ur
Izzet Chemister		r
Izzet Chronarch		ur
Izzet Cluestone	ur	ur
Izzet Generatorium		ur
Izzet Guildgate	ur	
Izzet Guildmage		ur
Izzet Keyrune	ur	ur
Izzet Locket	ur	ur
Izzet Polarizer		ur
Izzet Signet	ur	
Izzet Staticaster		ur
Izzet Steam Maze		
J. Jonah Jameson		r
Jabari's Banner		
Jabari's Influence		w
Jace Beleren		u
Jace Reawakened		u
Jace's Archivist		u
Jace's Defeat		u
Jace's Erasure		u
Jace's Ingenuity		u
Jace's Mindseeker		u
Jace's Phantasm		u
Jace's Projection		u
Jace's Ruse		u
Jace's Sanctum		u
Jace's Scrutiny		u
Jace's Sentinel		u
Jace's Triumph		u
Jace, Arcane Strategist		u
Jace, Architect of Thought		u
Jace, Cunning Castaway		u
Jace, Ingenious Mind-Mage		u
Jace, Memory Adept		u
Jace, Mirror Mage		u
Jace, Telepath Unbound		u
Jace, Telepath Unbound // Jace, Vryn's Prodigy		u
Jace, Unraveler of Secrets		u
Jace, Vryn's Prodigy		u
Jace, Vryn's Prodigy // Jace, Telepath Unbound		u
Jace, Wielder of Mysteries		u
Jace, the Living Guildpact		u
Jace, the Mind Sculptor		u
Jace, the Perfected Mind		u
Jack of Hearts, Volatile Hero		r
Jack-in-the-Mox	wubrg	
Jack-o'-Lantern	wubrg	
Jackal Familiar		r
Jackal Pup		r
Jackal, Genius Geneticist		ug
Jackalope Herd		g
Jackdaw		ur
Jackdaw Savior		w
Jacked Rabbit		w
Jackhammer		r
Jackknight		w
Jacob Frye		b
Jacob Hauken, Inspector		u
Jacob Hauken, Inspector // Hauken's Insight		u
Jacques le Vert		wrg
Jadar, Ghoulcaller of Nephalia		b
Jaddi Lifestrider		g
Jaddi Offshoot		g
Jade Avenger		g
Jade Bearer		g
Jade Guardian		g
Jade Idol		
Jade Leech		g
Jade Mage		g
Jade Monolith		
Jade Orb of Dragonkind	g	g
Jade Seedstones		g
Jade Seedstones // Jadeheart Attendant		g
Jade Statue		
Jade-Cast Sentinel		
Jadecraft Artisan		g
Jaded Analyst		u
Jaded Response		u
Jaded Sell-Sword		r
Jadeheart Attendant		g
Jadeheart Attendant // Jade Seedstones		g
Jadelight Ranger		g
Jadelight Spelunker		g
Jadzi, Oracle of Arcavios		ug
Jadzi, Oracle of Arcavios // Journey to the Oracle		ug
Jadzi, Steward of Fate		u
Jadzi, Steward of Fate // Oracle's Gift		u
Jagged Barrens	br	
Jagged Lightning		r
Jagged Poppet		br
Jagged-Scar Archers		g
Jagwasp Swarm		b
Jaheira's Respite		g
Jaheira, Friend of the Forest	g	g
Jaheira, Harper Emissary		g
Jaheira, Heroic Harper		wg
Jaheira, Insightful Harper		ug
Jaheira, Merciful Harper		g
Jaheira, Ruthless Harper		bg
Jaheira, Stirring Harper		rg
Jailbreak		w
Jailbreak Scheme		u
Jalira's Show		
Jalira, Master Polymorphist		u
Jalum Grifter		r
Jalum Tome		
James, Wandering Dad	c	u
James, Wandering Dad // Follow Him	c	u
Jamie McCrimmon		g
Jamming Device		
Jamuraan Lion		w
Jan Jansen, Chaos Crafter		wbr
Jandor's Ring		
Jandor's Saddlebags		
Jangling Automaton		
Janjeet Sentry		u
Jar of Eyeballs		
Jarad's Orders		bg
Jarad, Golgari Lich Lord		bg
Jaraku the Interloper		u
Jaraku the Interloper // Callow Jushi		u
Jared Carthalion		wubrg
Jared Carthalion, True Heir		wrg
Jareth, Leonine Titan		w
Jarl of the Forsaken		b
Jarsyl, Dark Age Scion		rg
Jarvis, Earth's Mightiest Butler		u
Jasconian Isle	u	u
Jasmine Boreal		wg
Jasmine Boreal of the Seven	wg	wg
Jasmine Dragon Tea Shop	wubrgc	
Jasmine Seer		w
Jason Bright, Glowing Prophet		u
Jaspera Sentinel	wubrg	g
Javelin of Lightning		r
Jawbone Duelist		w
Jawbone Skulkin		
Jaws of Defeat		b
Jaws of Stone		r
Jaws, Relentless Predator		r
Jaxis, the Troublemaker		r
Jaya Ballard	r	r
Jaya Ballard Avatar		
Jaya Ballard, Task Mage		r
Jaya's Firenado		r
Jaya's Greeting		r
Jaya's Immolating Inferno		r
Jaya's Phoenix		r
Jaya, Fiery Negotiator		r
Jaya, Venerated Firemage		r
Jayemdae Tome		
Jazal Goldmane		w
Jecht, Reluctant Guardian		b
Jecht, Reluctant Guardian // Braska's Final Aeon		b
Jedit Ojanen		wu
Jedit Ojanen of Efrava		g
Jedit Ojanen, Mercenary		wug
Jedit's Dragoons		w
Jeering Homunculus		u
Jeering Instigator		r
Jegantha, the Wellspring	wubrg	rg
Jelenn Sphinx		wu
Jeleva, Nephalia's Scourge		ubr
Jem Lightfoote, Sky Explorer		wu
Jenara, Asura of War		wug
Jennifer Walters		wg
Jennifer Walters // The Sensational She-Hulk		wg
Jennika's Technique		r
Jennika, Bad Apple Big Sister		w
Jenny Flint		ur
Jenny, Generated Anomaly		wr
Jenova, Ancient Calamity		bg
Jenson Carthalion, Druid Exile	wubrg	wg
Jeong Jeong's Deserters		w
Jeong Jeong, the Deserter		r
Jermane, Pride of the Circus		g
Jerrard of the Closed Fist		rg
Jerren, Corrupted Bishop		b
Jerren, Corrupted Bishop // Ormendahl, the Corrupter		b
Jeska and Kamahl		r
Jeska's Will	r	r
Jeska, Thrice Reborn		r
Jeska, Warrior Adept		r
Jeskai Ascendancy		wur
Jeskai Baller		w
Jeskai Banner	wur	wur
Jeskai Barricade		w
Jeskai Brushmaster		wur
Jeskai Charm		wur
Jeskai Devotee	wur	r
Jeskai Elder		u
Jeskai Infiltrator		u
Jeskai Monument		wur
Jeskai Revelation		wur
Jeskai Runemark		u
Jeskai Sage		u
Jeskai Shrinekeeper		wur
Jeskai Student		w
Jeskai Windscout		u
Jessica Jones, Private Eye		r
Jessie Zane, Fangbringer		g
Jester's Cap		
Jester's Mask		
Jester's Scepter		
Jester's Sombrero		
Jet Collector		bg
Jet Medallion		
Jet's Brainwashing		r
Jet, Freedom Fighter		wr
Jet, Rebel Leader		w
Jetfire, Air Guardian	c	u
Jetfire, Air Guardian // Jetfire, Ingenious Scientist	c	u
Jetfire, Ingenious Scientist	c	u
Jetfire, Ingenious Scientist // Jetfire, Air Guardian	c	u
Jetmir's Fixer		rg
Jetmir's Garden	wrg	
Jetmir, Nexus of Revels		wrg
Jetpack Death Seltzer		
Jetpack Janitor		w
Jetsam		ubg
Jetsam // Flotsam		ubg
Jetting Glasskite		u
Jewel Mine Overseer		wr
Jewel Thief		g
Jewel-Eyed Cobra		g
Jeweled Amulet		
Jeweled Bird		
Jeweled Lotus	wubrg	
Jeweled Spirit		w
Jeweled Torque		
Jhessian Balmgiver		wu
Jhessian Infiltrator		ug
Jhessian Lookout		u
Jhessian Thief		u
Jhessian Zombies		ub
Jhoira of the Ghitu		ur
Jhoira of the Ghitu Avatar		
Jhoira's Familiar		
Jhoira's Timebug		
Jhoira's Toolbox		
Jhoira, Ageless Innovator		ur
Jhoira, Weatherlight Captain		ur
Jhovall Queen		w
Jhovall Rider		w
Jiang Yanggu		g
Jiang Yanggu, Wildcrafter	wubrg	g
Jibbirik Omnivore		g
Jidoor, Aristocratic Capital	u	u
Jidoor, Aristocratic Capital // Overture	u	u
Jiffy, Vehicle Repairer		wr
Jihad		w
Jill, Shiva's Dominant		u
Jill, Shiva's Dominant // Shiva, Warden of Ice		u
Jilt		ur
Jin Sakai, Ghost of Tsushima		wub
Jin-Gitaxias		u
Jin-Gitaxias // The Great Synthesis		u
Jin-Gitaxias, Core Augur		u
Jin-Gitaxias, Progress Tyrant		u
Jinnie Fay, Jetmir's Second		wrg
Jinx		u
Jinxed Choker		
Jinxed Idol		
Jinxed Ring		
Jirina Kudro		wbr
Jirina, Dauntless General		wb
Jitte and Divining Top		
Jiwari, the Earth Aflame		r
Jo Grant		w
Jocasta, Automaton Avenger		
Jodah's Avenger		u
Jodah's Codex		
Jodah, Archmage Eternal		wubrg
Jodah, the Unifier		wubrg
Joel, Resolute Survivor		bg
Johan		wrg
Johann's Stopgap		u
Johann, Apprentice Sorcerer		ur
Johnny, Combo Player		u
Johtull Wurm		g
Join Forces		w
Join Shields		wg
Join the Dance		wg
Join the Dead		b
Join the Group		r
Join the Group // Champions of Archery		r
Join the Maestros		b
Join the Ranks		w
Join the Winning Team		r
Joined Researchers		w
Joined Researchers // Secret Rendezvous		w
Joiner Adept	wubrg	g
Joint Assault		g
Joint Exploration		ug
Jokulhaups		r
Jokulmorder		u
Jolene, Plundering Pugilist		rg
Jolene, the Plunder Queen		rg
Jolly Gerbils		w
Jolrael's Centaur		g
Jolrael's Favor		g
Jolrael, Empress of Beasts		g
Jolrael, Mwonvuli Recluse		g
Jolrael, Voice of Zhalfir		ug
Jolt		u
Jolted Awake		w
Jolting Merfolk		u
Jon Irenicus, Shattered One		ub
Jon Irenicus, the Exile		ub
Joo Dee, One of Many		b
Jor Kadeen, First Goldwarden		wr
Jor Kadeen, the Prevailer		wr
Joraga Auxiliary		wg
Joraga Bard		g
Joraga Invocation		g
Joraga Peach		g
Joraga Treespeaker	g	g
Joraga Visionary		g
Joraga Warcaller		g
Jori En, Ruin Diver		ur
Jorn, God of Winter		ubg
Jorn, God of Winter // Kaldring, the Rimestaff		ubg
Jorubai Murk Lurker		ub
Joshua, Phoenix's Dominant		wr
Joshua, Phoenix's Dominant // Phoenix, Warden of Fire		wr
Josu Vess, Lich Knight		b
Journey On		wg
Journey On // Kellan, Daring Traveler		wg
Journey for the Elixir		g
Journey of Discovery		g
Journey to Eternity	wubrg	bg
Journey to Eternity // Atzal, Cave of Eternity	wubrg	bg
Journey to Nowhere		w
Journey to Oblivion		w
Journey to the Lost City		g
Journey to the Oracle		ug
Journey to the Oracle // Jadzi, Oracle of Arcavios		ug
Journeyer's Kite		
Joust		r
Joust Through		w
Jousting Dummy		
Jousting Lance		
Joven		r
Joven and Chandler		r
Joven's Ferrets		g
Joven's Tools		
Jovial Evil		b
Joyful Stormsculptor		ur
Joyous Respite		g
Joyride Rigger		g
Jubilant Mascot		w
Jubilant Skybonder		wu
Jubilation		g
Judge Magister Gabranth		wb
Judge Unworthy		w
Judge of Currents		w
Judge's Familiar		wu
Judgment Bolt		r
Judgment of Alexander		w
Judith, Carnage Connoisseur		br
Judith, the Scourge Diva		br
Judoon Enforcers		wr
Jugan Defends the Temple	g	g
Jugan Defends the Temple // Remnant of the Rising Star	g	g
Jugan, the Rising Star		g
Juggernaut		
Juggernaut Peddler		wb
Juggle the Performance		br
Juggletron		r
Juju Bubble		
Jukai Liberator		g
Jukai Messenger		g
Jukai Naturalist		wg
Jukai Preserver		g
Jukai Trainee		g
Jumbo Cactuar		g
Jumbo Imp		b
Jump		u
Jump // Encouraging Aviator		u
Jump Scare		w
Jund		
Jund 'Em Out		brg
Jund Battlemage		brg
Jund Charm		brg
Jund Hackblade		brg
Jund Panorama	c	
Jund Sojourners		brg
June, Bounty Hunter		b
Jungle Barrier		ug
Jungle Basin	gc	
Jungle Creeper		bg
Jungle Delver		g
Jungle Hollow	bg	
Jungle Lion		g
Jungle Patrol	r	g
Jungle Shrine	wrg	
Jungle Troll		rg
Jungle Wayfinder		g
Jungle Weaver		g
Jungle Wurm		g
Jungleborn Pioneer		g
Juniper Order Advocate		w
Juniper Order Druid		g
Juniper Order Ranger		wg
Juniper Order Rootweaver		wg
Junji, the Midnight Sky		b
Junk Diver		
Junk Golem		
Junk Jet		r
Junk Winder		u
Junkblade Bruiser		rg
Junktown	c	r
Junktroller		
Junkyard Genius		br
Junkyard Scrapper		r
Junkyo Bell		
Juntu Stakes		
Junún Efreet		b
Jurassic Park	g	g
Jurassic Park // Welcome to . . .	g	g
Juri, Master of the Revue		br
Jurin, Leading the Charge		r
Jushi Apprentice		u
Jushi Apprentice // Tomoya the Revealer		u
Just Desserts		r
Just Fate		w
Just a Li'l Guy		g
Just the Wind		u
Justice		w
Justice Strike		wr
Justice, Vance Astrovik		u
Justiciar's Portal		w
Juvenile Gloomwidow		g
Juvenile Mist Dragon		u
Juxtapose		u
Juzám Djinn		b
Jwar Isle Avenger		u
Jwar Isle Refuge	ub	
Jwari Disruption	u	u
Jwari Disruption // Jwari Ruins	u	u
Jwari Ruins	u	u
Jwari Ruins // Jwari Disruption	u	u
Jwari Scuttler		u
Jwari Shapeshifter		u
Jyoti, Moag Ancient		ug
Jötun Grunt		w
Jötun Owl Keeper		wu
K'rrik, Son of Yawgmoth		b
K'un-Lun Warrior		r
K-9, Mark I		u
Ka-Zar of the Savage Land		g
Kaalia of the Vast		wbr
Kaalia, Zenith Seeker		wbr
Kabira Crossroads	w	
Kabira Evangel		w
Kabira Outrider		w
Kabira Plateau	w	w
Kabira Plateau // Kabira Takedown	w	w
Kabira Takedown	w	w
Kabira Takedown // Kabira Plateau	w	w
Kabira Vindicator		w
Kaboom!		r
Kabuto Moth		w
Kadena's Silencer		u
Kadena, Slinking Sorcerer		ubg
Kaervek the Merciless		br
Kaervek's Hex		b
Kaervek's Purge		br
Kaervek's Spite		b
Kaervek's Torch		r
Kaervek, the Punisher		b
Kaervek, the Spiteful		b
Kagemaro's Clutch		b
Kagemaro, First to Suffer		b
Kagha, Shadow Archdruid		bg
Kaheera, the Orphanguard		wg
Kaho, Minamo Historian		u
Kaijin of the Vanishing Touch		u
Kaima, the Fractured Calm		rg
Kain, Traitorous Dragoon		b
Kairi, the Swirling Sky		u
Kaiso, Memory of Loyalty		w
Kaiso, Memory of Loyalty // Faithful Squire		w
Kaito Shizuki		ub
Kaito's Pursuit		b
Kaito, Bane of Nightmares		ub
Kaito, Cunning Infiltrator		u
Kaito, Dancing Shadow		ub
Kalain, Reclusive Painter		br
Kalakscion, Hunger Tyrant		b
Kalamax, the Stormsire		urg
Kalastria Healer		b
Kalastria Highborn		b
Kalastria Nightwatch		b
Kaldra Compleat		
Kaldring, the Rimestaff		ubg
Kaldring, the Rimestaff // Jorn, God of Winter		ubg
Kaleidoscorch		r
Kaleidostone	wubrg	
Kalemne's Captain		w
Kalemne, Disciple of Iroas		wr
Kalitas, Bloodchief of Ghet		b
Kalitas, Traitor of Ghet		b
Kallist Rhoka		ub
Kalonian Behemoth		g
Kalonian Hydra		g
Kalonian Tusker		g
Kalonian Twingrove		g
Kamachal, Ship's Mascot		r
Kamahl's Desire		r
Kamahl's Druidic Vow		g
Kamahl's Sledge		r
Kamahl's Summons		g
Kamahl's Will		g
Kamahl, Fist of Krosa		g
Kamahl, Heart of Krosa		g
Kamahl, Pit Fighter		r
Kambal, Consul of Allocation		wb
Kambal, Profiteering Mayor		wb
Kamber, the Plunderer		b
Kami of Ancient Law		w
Kami of Bamboo Groves		g
Kami of Celebration		r
Kami of Empty Graves		b
Kami of False Hope		w
Kami of Fire's Roar		r
Kami of Industry		r
Kami of Jealous Thirst		b
Kami of Lunacy		b
Kami of Mourning		b
Kami of Old Stone		w
Kami of Restless Shadows		b
Kami of Tattered Shoji		w
Kami of Terrible Secrets		b
Kami of Transience		g
Kami of Transmutation		w
Kami of Twisted Reflection		u
Kami of Whispered Hopes	wubrg	g
Kami of the Crescent Moon		u
Kami of the Honored Dead		w
Kami of the Hunt		g
Kami of the Painted Road		w
Kami of the Palace Fields		w
Kami of the Tended Garden		g
Kami of the Waning Moon		b
Kami's Flare		r
Kamigawa Charm		g
Kamiz, Obscura Oculus		wub
Kang Dynasty		u
Kang Prime		ub
Kang the Conqueror		u
Kang, Temporal Tyrant		ub
Kangee's Lieutenant		w
Kangee, Aerie Keeper		wu
Kangee, Sky Warden		wu
Kapow!		g
Kappa Cannoneer		u
Kappa Tech-Wrecker		g
Kapsho Kitefins		u
Karador, Ghost Chieftain		wbg
Karai's Technique		wb
Karai, Future of the Foot		wb
Karakas	w	
Karakyk Guardian		urg
Karametra's Acolyte	g	g
Karametra's Blessing		w
Karametra's Favor	wubrg	g
Karametra, God of Harvests		wg
Karazikar, the Eye Tyrant		br
Kardum, Patron of Flames		r
Kardur's Vicious Return		br
Kardur, Doomscourge		br
Karfell Harbinger	u	u
Karfell Kennel-Master		b
Kargan Dragonlord		r
Kargan Dragonrider		r
Kargan Intimidator		r
Kargan Warleader		wr
Kari Zev's Expertise		r
Kari Zev, Crew of Two		r
Kari Zev, Skyship Raider		r
Karlach, Fury of Avernus		r
Karlach, Raging Tiefling		r
Karlach, Tiefling Berserker		r
Karlach, Tiefling Guardian		rg
Karlach, Tiefling Punisher		br
Karlach, Tiefling Spellrager		ur
Karlach, Tiefling Zealot		wr
Karlov Watchdog		w
Karlov of the Ghost Council		wb
Karlov's Crossbow		
Karma		w
Karmic Guide		w
Karmic Justice		w
Karn		
Karn Liberated		
Karn's Bastion	c	
Karn's Sylex		
Karn's Temporal Sundering		u
Karn's Touch		u
Karn, Legacy Reforged	c	
Karn, Living Legacy		
Karn, Scion of Urza		
Karn, Silver Golem		
Karn, the Great Creator		
Karok Wrangler		g
Karolina Dean, Runaway	wubrg	r
Karona's Zealot		w
Karona, False God		wubrg
Karona, False God Avatar		
Karoo	wc	
Karoo Meerkat		g
Karplusan Forest	rgc	
Karplusan Giant		r
Karplusan Hound		r
Karplusan Minotaur		r
Karplusan Strider		g
Karplusan Wolverine		r
Karplusan Yeti		r
Karrthus, Tyrant of Jund		brg
Karstoderm		g
Karsus Depthguard		r
Karumonix, the Rat King		b
Karvanista, Loyal Lupari		g
Karvanista, Loyal Lupari // Lupari Shield		g
Kaseto, Orochi Archmage		ug
Kashi-Tribe Elite		g
Kashi-Tribe Reaver		g
Kashi-Tribe Warriors		g
Kasimir the Lone Wolf		wu
Kasla, the Broken Halo		wur
Kaslem's Stonetree		g
Kaslem's Stonetree // Kaslem's Strider		g
Kaslem's Strider		g
Kaslem's Strider // Kaslem's Stonetree		g
Kasmina's Transmutation		u
Kasmina, Enigma Sage		ug
Kasmina, Enigmatic Mentor		u
Kassandra, Eagle Bearer		wr
Kastral, the Windcrested		wu
Katabatic Winds		g
Kataki, War's Wage		w
Katara's Reversal		u
Katara, Bending Prodigy		u
Katara, Heroic Healer		w
Katara, Seeking Revenge		ub
Katara, Water Tribe's Hope		wu
Katara, Waterbending Master		u
Katara, the Fearless		wug
Kate Stewart		wur
Katerina of Myra's Marvels		w
Kathari Bomber		br
Kathari Remnant		ub
Kathari Screecher		u
Kathril, Aspect Warper		wbg
Katilda and Lier		wug
Katilda's Rising Dawn		w
Katilda's Rising Dawn // Katilda, Dawnhart Martyr		w
Katilda, Dawnhart Martyr		w
Katilda, Dawnhart Martyr // Katilda's Rising Dawn		w
Katilda, Dawnhart Prime	wubrg	wg
Katsumasa, the Animator		u
Kaust, Eyes of the Glade		wrg
Kav Landseeker		r
Kavaron Consumed		r
Kavaron Harrier		r
Kavaron Skywarden		r
Kavaron Turbodrone		r
Kavaron, Memorial World	r	r
Kavu Aggressor		r
Kavu Chameleon		g
Kavu Climber		g
Kavu Glider		wur
Kavu Howler		g
Kavu Lair		g
Kavu Mauler		g
Kavu Monarch		r
Kavu Predator		g
Kavu Primarch		g
Kavu Recluse		r
Kavu Runner		r
Kavu Scout		r
Kavu Titan		g
Kaya the Inexorable		wb
Kaya's Ghostform		b
Kaya's Guile		wb
Kaya's Onslaught		w
Kaya's Wrath		wb
Kaya, Bane of the Dead		wb
Kaya, Geist Hunter		wb
Kaya, Ghost Assassin		wb
Kaya, Ghost Haunter		wb
Kaya, Intangible Slayer		wb
Kaya, Orzhov Usurper		wb
Kaya, Spirits' Justice		wb
Kayla's Command		w
Kayla's Kindling		r
Kayla's Music Box		w
Kayla's Reconstruction		w
Kaysa		g
Kaza, Roil Chaser		ur
Kazandu Blademaster		w
Kazandu Mammoth	g	g
Kazandu Mammoth // Kazandu Valley	g	g
Kazandu Nectarpot		g
Kazandu Refuge	rg	
Kazandu Stomper		g
Kazandu Tuskcaller		g
Kazandu Valley	g	g
Kazandu Valley // Kazandu Mammoth	g	g
Kazarov, Sengir Pureblood		br
Kazuul Warlord		r
Kazuul's Cliffs	r	r
Kazuul's Cliffs // Kazuul's Fury	r	r
Kazuul's Fury	r	r
Kazuul's Fury // Kazuul's Cliffs	r	r
Kazuul's Toll Collector		r
Kazuul, Tyrant of the Cliffs		r
Kederekt Creeper		ubr
Kederekt Leviathan		u
Kederekt Parasite		b
Kediss, Emberclaw Familiar		r
Keen Buccaneer		u
Keen Duelist		b
Keen Glidemaster		u
Keen Sense		g
Keen-Eared Sentry		w
Keen-Eyed Archers		w
Keen-Eyed Curator		g
Keen-Eyed Raven		w
Keeneye Aven		u
Keening Apparition		w
Keening Banshee		b
Keening Stone		
Keensight Mentor		w
Keep Out		w
Keep Safe		u
Keep Watch		u
Keeper of Fables		g
Keeper of Keys		u
Keeper of Kookus		r
Keeper of Progenitus	wubrg	g
Keeper of Secrets		r
Keeper of Tresserhorn		b
Keeper of the Accord		w
Keeper of the Beasts		g
Keeper of the Cadence		u
Keeper of the Crown	wubrg	g
Keeper of the Crown // Coronation of the Wilds	wubrg	g
Keeper of the Dead		b
Keeper of the Flame		r
Keeper of the Lens		
Keeper of the Light		w
Keeper of the Mind		u
Keeper of the Nine Gales		u
Keeper of the Sacred Word		g
Keeper of the Secret Lair		u
Keepers of the Faith		w
Keepsake Gorgon		b
Kefka, Court Mage		ubr
Kefka, Court Mage // Kefka, Ruler of Ruin		ubr
Kefka, Dancing Mad		br
Kefka, Ruler of Ruin		ubr
Kefka, Ruler of Ruin // Kefka, Court Mage		ubr
Kefnet the Mindful		u
Kefnet's Last Word		u
Kefnet's Monument		
Kei Takahashi		wg
Keiga, the Tide Star		u
Keldon Arsonist		r
Keldon Battlewagon		
Keldon Berserker		r
Keldon Champion		r
Keldon Firebombers		r
Keldon Flamesage		r
Keldon Halberdier		r
Keldon Mantle		brg
Keldon Marauders		r
Keldon Megaliths	r	r
Keldon Necropolis	c	r
Keldon Overseer		r
Keldon Raider		r
Keldon Strike Team		wr
Keldon Twilight		br
Keldon Vandals		r
Keldon Warcaller		r
Keldon Warlord		r
Keleth, Sunmane Familiar		w
Kelinore Bat		b
Kellan Joins Up		wug
Kellan's Lightblades		w
Kellan, Daring Traveler		wg
Kellan, Daring Traveler // Journey On		wg
Kellan, Inquisitive Prodigy		ug
Kellan, Inquisitive Prodigy // Tail the Suspect		ug
Kellan, Planar Trailblazer		r
Kellan, the Fae-Blooded		wr
Kellan, the Fae-Blooded // Birthright Boon		wr
Kellan, the Kid		wug
Kellogg, Dangerous Mind		br
Kelpie Guide		u
Kels, Fight Fixer		ub
Kelsien, the Plague		wbr
Kelsinko Ranger		w
Kemba's Banner		w
Kemba's Legion		w
Kemba's Outfitter		w
Kemba's Skyguard		w
Kemba, Kha Enduring		w
Kemba, Kha Regent		w
Kemuri-Onna		b
Kenessos, Priest of Thassa		ug
Kenku Artificer		u
Kenrith's Transformation		g
Kenrith, the Returned King		wubrg
Kentaro, the Smiling Cat		w
Kenzo the Hardhearted		w
Kenzo the Hardhearted // Bushi Tenderfoot		w
Keral Keep Disciples		r
Keranos, God of Storms		ur
Kerblam! Warehouse		
Keruga, the Macrosage		ug
Keskit, the Flesh Sculptor		b
Kess, Dissident Mage		ubr
Kessig		
Kessig Cagebreakers		g
Kessig Dire Swine		g
Kessig Flamebreather		r
Kessig Forgemaster		r
Kessig Forgemaster // Flameheart Werewolf		r
Kessig Malcontents		r
Kessig Naturalist	rg	rg
Kessig Naturalist // Lord of the Ulvenwald	rg	rg
Kessig Prowler		g
Kessig Prowler // Sinuous Predator		g
Kessig Recluse		g
Kessig Wolf		r
Kessig Wolf Run	c	rg
Kessig Wolfrider		r
Kestia, the Cultivator		wug
Kethek, Crucible Goliath		br
Kethis, the Hidden Hand		wbg
Ketramose, the New Dawn		wb
Ketria		
Ketria Crystal	urg	
Ketria Triome	urg	
Kevin, Questing Dragon		r
Key to the Archive	wubrg	
Key to the City		
Keymaster Rogue		u
Keys to the House		
Kezzerdrix		b
Khabál Ghoul		b
Khalni Ambush	g	g
Khalni Ambush // Khalni Territory	g	g
Khalni Garden	g	
Khalni Gem	wubrg	
Khalni Heart Expedition		g
Khalni Hydra		g
Khalni Territory	g	g
Khalni Territory // Khalni Ambush	g	g
Kharasha Foothills		
Kharis // The Beholder		wg
Khenra Charioteer		rg
Khenra Eternal		b
Khenra Scrapper		r
Khenra Spellspear		ur
Khenra Spellspear // Gitaxian Spellstalker		ur
Kher Keep	c	r
Kheru Bloodsucker		b
Kheru Dreadmaw		bg
Kheru Goldkeeper		ubg
Kheru Lich Lord		ubg
Kheru Mind-Eater		b
Kheru Spellsnatcher		u
Khod, Etlan Shiis Envoy		u
Khorvath Brightflame		r
Khorvath's Fury		r
Khârn the Betrayer		r
Kianne, Corrupted Memory		ug
Kianne, Dean of Substance		ug
Kianne, Dean of Substance // Imbraham, Dean of Theory		ug
Kibo's Bananamobile	rg	
Kibo, Uktabi Prince	rg	g
Kick in the Door		r
Kickoff Celebrations		r
Kid Loki		u
Kiddie Coaster		
Kiki-Jiki, Mirror Breaker		r
Kiku's Shadow		b
Kiku, Night's Flower		b
Kill Shot		w
Kill Switch		
Kill! Destroy!		b
Kill! Maim! Burn!		br
Kill-Suit Cultist		br
Kill-Zone Acrobat		b
Killer		r
Killer // Coward		r
Killer Bees		g
Killer Cosplay		g
Killer Instinct		rg
Killer Service		g
Killer Whale		u
Killer's Mask		b
Killian's Confidence		wb
Killian, Decisive Mentor		wb
Killian, Ink Duelist		wb
Killing Glare		b
Killing Wave		b
Killmonger, Ruthless Usurper		r
Killmonger, Scourge of Wakanda		bg
Kiln Fiend		r
Kiln Walker		
Kilnmouth Dragon		r
Kilnspire District	r	
Kilo, Apogee Mind		wur
Kimahri, Valiant Guardian		ug
Kimoyo Beads		
Kin-Tree Invocation		bg
Kin-Tree Nurturer		b
Kin-Tree Severance		wbg
Kin-Tree Warden		g
Kinbinding		w
Kindercatch		g
Kindle		r
Kindle the Carnage		r
Kindle the Inner Flame		r
Kindled Fury		r
Kindled Heroism		r
Kindlespark Duo		r
Kindly Ancestor		w
Kindly Ancestor // Ancestor's Embrace		w
Kindly Cognician		u
Kindly Customer		w
Kindly Stranger		b
Kindly Stranger // Demon-Possessed Witch		b
Kindred Boon		w
Kindred Charge		r
Kindred Denial		u
Kindred Discovery		u
Kindred Dominance		b
Kindred Summons		g
Kindslaver		
Kinetic Augur		r
Kinetic Ooze		g
King Cheetah		g
King Crab		u
King Darien XLVIII		wg
King Harald's Revenge		g
King Macar, the Gold-Cursed		b
King Narfi's Betrayal		ub
King Solomon's Frogs		w
King Suleiman		w
King T'Challa		wu
King T'Challa // Black Panther, Hope Enduring		wu
King of the Oathbreakers		wb
King of the Pride		w
King's Assassin		b
Kingfisher		u
Kingpin's Enforcers		b
Kingpin's Pet		wb
Kingpin, Wilson Fisk		b
Kinjalli's Caller		w
Kinjalli's Dawnrunner		w
Kinjalli's Sunwing		w
Kinnan, Bonder Prodigy	wubrg	ug
Kinsbaile Aspirant		w
Kinsbaile Balloonist		w
Kinsbaile Borderguard		w
Kinsbaile Cavalier		w
Kinsbaile Courier		w
Kinsbaile Skirmisher		w
Kinscaer Harpoonist		u
Kinscaer Sentry		w
Kinzu of the Bleak Coven		b
Kiora Bests the Sea God		u
Kiora's Dambreaker		u
Kiora's Dismissal		u
Kiora's Follower		ug
Kiora, Behemoth Beckoner		ug
Kiora, Master of the Depths		ug
Kiora, Sovereign of the Deep		ug
Kiora, the Crashing Wave		ug
Kiora, the Rising Tide		u
Kiora, the Tide's Fury		u
Kira, Great Glass-Spinner		u
Kird Ape		r
Kird Chieftain		rg
Kiri-Onna		u
Kirin-Touched Orochi		g
Kirin-Touched Orochi // Teachings of the Kirin		g
Kirk, Enterprising Captain		r
Kirol, Attentive First-Year		wr
Kirol, History Buff		wr
Kirol, History Buff // Pack a Punch		wr
Kirri, Talented Sprout		wrg
Kirtar's Desire		w
Kirtar's Wrath		w
Kishla Skimmer		ug
Kishla Trawlers		u
Kishla Village	g	g
Kismet		w
Kiss of Death		b
Kiss of the Amesha		wu
Kitchen	ug	
Kitchen Finks		wg
Kitchen Imp		b
Kite Shield		
Kitesail		
Kitesail Apprentice		w
Kitesail Cleric		w
Kitesail Corsair		u
Kitesail Freebooter		b
Kitesail Larcenist	wubrg	u
Kitesail Scout		w
Kitesail Skirmisher		u
Kithkeeper		w
Kithkin Armor		w
Kithkin Billyrider		w
Kithkin Brinefarer		wg
Kithkin Daggerdare		g
Kithkin Greatheart		w
Kithkin Harbinger		w
Kithkin Healer		w
Kithkin Mourncaller		g
Kithkin Rabble		w
Kithkin Shielddare		w
Kithkin Spellduster		w
Kithkin Zealot		w
Kithkin Zephyrnaut		w
Kitnap		u
Kitsa, Otterball Elite		u
Kitsune Ace		w
Kitsune Blademaster		w
Kitsune Bonesetter		w
Kitsune Dawnblade		w
Kitsune Diviner		w
Kitsune Healer		w
Kitsune Loreweaver		w
Kitsune Mystic		w
Kitsune Mystic // Autumn-Tail, Kitsune Sage		w
Kitsune Palliator		w
Kitsune Riftwalker		w
Kitsune's Technique		u
Kitsune, Dragon's Daughter		u
Kitt Kanto, Mayhem Diva		wrg
Kiyomaro, First to Stand		w
Kjeldoran Dead		b
Kjeldoran Elite Guard		w
Kjeldoran Escort		w
Kjeldoran Frostbeast		wg
Kjeldoran Gargoyle		w
Kjeldoran Guard		w
Kjeldoran Home Guard		w
Kjeldoran Javelineer		w
Kjeldoran Knight		w
Kjeldoran Outpost	w	w
Kjeldoran Outrider		w
Kjeldoran Phalanx		w
Kjeldoran Pride		wu
Kjeldoran Royal Guard		w
Kjeldoran Skycaptain		w
Kjeldoran Skyknight		w
Kjeldoran War Cry		w
Kjeldoran Warrior		w
Klauth's Will		rg
Klauth, Unrivaled Ancient	wubrg	rg
Klaw, Master of Sound		b
Klaw, Sonic Subjugator		b
Klement, Death Acolyte		wb
Klement, Knowledge Acolyte		wu
Klement, Life Acolyte		w
Klement, Nature Acolyte		wg
Klement, Novice Acolyte		w
Klement, Tempest Acolyte		wr
Klingon Strike Force		r
Klothys's Design		g
Klothys, God of Destiny	rg	rg
Knacksaw Clique		u
Kneel Before My Legions		
Knickknack Ouphe		g
Knife		r
Knife and Death		b
Knight Errant		w
Knight Exemplar		w
Knight Luminary		w
Knight Paladin		
Knight Rampager		r
Knight Watch		w
Knight in _____ Armor		w
Knight of Autumn		wg
Knight of Cliffhaven		w
Knight of Dawn		w
Knight of Dawn's Light		w
Knight of Doves		w
Knight of Dusk		b
Knight of Dusk's Shadow		b
Knight of Glory		w
Knight of Grace		w
Knight of Infamy		b
Knight of Lost Causes		w
Knight of Malice		b
Knight of Meadowgrain		w
Knight of New Alara		wg
Knight of New Benalia		w
Knight of Obligation		wb
Knight of Old Benalia		w
Knight of Sorrows		w
Knight of Stromgald		b
Knight of Sursi		w
Knight of Valor		w
Knight of Wundagore		g
Knight of the Ebon Legion		b
Knight of the Hokey Pokey		w
Knight of the Holy Nimbus		w
Knight of the Keep		w
Knight of the Kitchen Sink		w
Knight of the Last Breath		wb
Knight of the Mists		u
Knight of the New Coalition		w
Knight of the Pilgrim's Road		w
Knight of the Reliquary		wg
Knight of the Skyward Eye		wg
Knight of the Stampede		g
Knight of the Tusk		w
Knight of the White Orchid		w
Knight of the Widget		w
Knight's Pledge		w
Knight-Captain of Eos		w
Knight-Errant of Eos		w
Knighted Myr		w
Knightfisher		u
Knighthood		w
Knightly Valor		w
Knights of Dol Amroth		u
Knights of Thorn		w
Knights of the Black Rose		wb
Knights' Charge		wb
Knockout Blow		w
Knockout Maneuver		g
Knollspine Dragon		r
Knollspine Invocation		r
Knotvine Mystic	wrg	wrg
Knotvine Paladin		wg
Know Evil		
Know Naught but Fire		
Knowing		ur
Knowing // Half the Battle		ur
Knowledge Exploitation		u
Knowledge Is Power		wu
Knowledge Pool		
Knowledge Seeker		u
Knowledge Vault		
Knowledge and Power		r
Knucklebone Witch		b
Knuckles the Echidna		r
Koala-Sheep		w
Kobold Drill Sergeant		r
Kobold Overlord		r
Kobold Taskmaster		r
Kobold Warcaller		r
Kobolds of Kher Keep		
Kodama of the Center Tree		g
Kodama of the East Tree		g
Kodama of the North Tree		g
Kodama of the South Tree		g
Kodama of the West Tree		g
Kodama's Might		g
Kodama's Reach		g
Kogla and Yidaro		rg
Kogla, the Titan Ape		g
Koh, the Face Stealer		b
Koilos Roc		u
Kokusho, the Evening Star		b
Kolaghan Aspirant		r
Kolaghan Forerunners		r
Kolaghan Monument	br	br
Kolaghan Skirmisher		b
Kolaghan Stormsinger		r
Kolaghan Warmonger		r
Kolaghan's Command		br
Kolaghan, the Storm's Fury		br
Koll, the Forgemaster		wr
Kolodin, Triumph Caster		wr
Kolvori, God of Kinship	g	g
Kolvori, God of Kinship // The Ringhart Crest	g	g
Koma and Toski, Compleated		ug
Koma's Faithful		b
Koma, Cosmos Serpent		ug
Koma, World-Eater		ug
Komainu Battle Armor		r
Komodo Rhino		r
Kona, Rescue Beastie		g
Konda's Banner		
Konda's Hatamoto		w
Konda, Lord of Eiganjo		w
Kongming's Contraptions		w
Kongming, "Sleeping Dragon"		w
Kookus		r
Kopala, Warden of Waves		u
Kor Aeronaut		w
Kor Blademaster		w
Kor Bladewhirl		w
Kor Cartographer		w
Kor Castigator		w
Kor Celebrant		w
Kor Chant		w
Kor Dirge		b
Kor Duelist		w
Kor Entanglers		w
Kor Firewalker		w
Kor Halberd		w
Kor Haven	c	w
Kor Hookmaster		w
Kor Line-Slinger		w
Kor Outfitter		w
Kor Sanctifiers		w
Kor Scythemaster		w
Kor Sky Climber		w
Kor Skyfisher		w
Kor Spiritdancer		w
Korlash, Heir to Blackblade		b
Korlessa, Scale Singer		ug
Kormus Bell		
Korozda Gorgon		bg
Korozda Guildmage		bg
Korozda Monitor		g
Korvold and the Noble Thief		r
Korvold, Fae-Cursed King		brg
Korvold, Gleeful Glutton		brg
Kosei, Penitent Warlord		g
Koskun Falls		b
Koskun Keep	brgc	
Koth of the Hammer	r	r
Koth's Courier		r
Koth, Fire of Resistance		r
Kothophed, Soul Hoarder		b
Kotis, Sibsig Champion		ubg
Kotis, the Fangkeeper		ubg
Kotori, Pilot Prodigy		wu
Kotose, the Silent Spider		ub
Koya, Death from Above		wb
Kozilek's Channeler	c	
Kozilek's Command	c	c
Kozilek's Pathfinder		c
Kozilek's Predator	c	g
Kozilek's Return		r
Kozilek's Sentinel		r
Kozilek's Shrieker		bc
Kozilek's Translator	c	b
Kozilek's Unsealing	c	u
Kozilek, Butcher of Truth		
Kozilek, Compleated		c
Kozilek, the Broken Reality		
Kozilek, the Great Distortion		c
Kragma Butcher		r
Kragma Warcaller		br
Kraken Hatchling		u
Kraken of the Straits		u
Kraken's Eye		
Krakilin		g
Krallenhorde Howler		g
Krallenhorde Howler // Duskwatch Recruiter		g
Krallenhorde Killer		g
Krallenhorde Killer // Wolfbitten Captive		g
Krallenhorde Wantons		g
Krallenhorde Wantons // Grizzled Outcasts		g
Krang // Shredder		ub
Krang, Master Mind		u
Krang, Utrom Warlord		
Krang, the All-Powerful		u
Kranioceros		wr
Krark's Other Thumb		
Krark's Thumb		
Krark, the Thumbless		r
Krark-Clan Engineers		r
Krark-Clan Grunt		r
Krark-Clan Ironworks	c	
Krark-Clan Ogre		r
Krark-Clan Shaman		r
Krark-Clan Stoker	r	r
Krasis Incubation		ug
Kratos, God of War		r
Kratos, Stoic Father		wr
Kraul Foragers		g
Kraul Harpooner		g
Kraul Raider		b
Kraul Stinger		g
Kraul Swarm		b
Kraul Warrior		g
Kraul Whipcracker		bg
Kraum, Ludevic's Opus		ur
Kraum, Violent Cacophony		ur
Krav, the Unredeemed		b
Kraven the Hunter		bg
Kraven's Cats		g
Kraven's Last Hunt		g
Kraven, Proud Predator		rg
Krazy Kow		r
Kree Commandos		w
Kree Sentinel		r
Krenko's Buzzcrusher		r
Krenko's Command		r
Krenko's Enforcer		r
Krenko, Baron of Tin Street		r
Krenko, Mob Boss		r
Krenko, Tin Street Kingpin		r
Kresh the Bloodbraided		brg
Kresh the Bloodbraided Avatar		
Krile Baldesion		wu
Kris Mage		r
Kronch Wrangler		g
Krond the Dawn-Clad		wg
Kros, Defense Contractor		wug
Krosa	wubrg	
Krosan Adaptation		g
Krosan Archer		g
Krosan Avenger		g
Krosan Beast		g
Krosan Cloudscraper		g
Krosan Colossus		g
Krosan Constrictor		g
Krosan Drover		g
Krosan Druid		g
Krosan Grip		g
Krosan Groundshaker		g
Krosan Reclamation		g
Krosan Restorer		g
Krosan Tusker		g
Krosan Verge	c	
Krosan Vorine		g
Krosan Warchief		g
Krosan Wayfarer		g
Krothuss, Lord of the Deep		ub
Krothuss, Lord of the Deep // Runo Stromkirk		ub
Krotiq Nestguard		g
Krovikan Elementalist		ubr
Krovikan Fetish		b
Krovikan Horror		b
Krovikan Mist		u
Krovikan Plague		b
Krovikan Rot		b
Krovikan Scoundrel		b
Krovikan Sorcerer		u
Krovikan Vampire		b
Krovikan Whispers		ub
Krovod Haunch		w
Kroxa and Kunoros		wbr
Kroxa, Titan of Death's Hunger		br
Kruin Outlaw		r
Kruin Outlaw // Terror of Kruin Pass		r
Kruin Striker		r
Krumar Bond-Kin		b
Krumar Initiate		b
Kruphix's Insight		g
Kruphix, God of Horizons		ug
Kry Shield		
Krydle of Baldur's Gate		ub
Kudo, King Among Bears		wg
Kudzu		g
Kuja, Genome Sorcerer		br
Kuja, Genome Sorcerer // Trance Kuja, Fate Defied		br
Kujar Seedsculptor		g
Kukemssa Pirates		u
Kukemssa Serpent		u
Kuldotha Cackler		r
Kuldotha Flamefiend		r
Kuldotha Forgemaster		
Kuldotha Phoenix		r
Kuldotha Rebirth		r
Kuldotha Ringleader		r
Kulrath Knight		br
Kulrath Mystic		u
Kulrath Zealot		r
Kumano Faces Kakkazan		r
Kumano Faces Kakkazan // Etching of Kumano		r
Kumano's Blessing		r
Kumano's Pupils		r
Kumano, Master Yamabushi		r
Kumena's Awakening		u
Kumena's Speaker		g
Kumena, Tyrant of Orazca		ug
Kunoros, Hound of Athreos		wb
Kuon's Essence		b
Kuon's Essence // Kuon, Ogre Ascendant		b
Kuon, Ogre Ascendant		b
Kuon, Ogre Ascendant // Kuon's Essence		b
Kura, the Boundless Sky		g
Kurbis, Harvest Celebrant		g
Kurgadon		g
Kurkesh, Onakke Ancient		r
Kuro's Taken		b
Kuro, Pitlord		b
Kusari-Gama		
Kutzil's Flanker		w
Kutzil, Malamet Exemplar		wg
Kwain, Itinerant Meddler		wu
Kwende, Pride of Femeref		w
Kydele, Chosen of Kruphix	c	ug
Kykar, Wind's Fury	r	wur
Kykar, Zephyr Awakener		wu
Kylem All-Star	wubrg	w
Kyler, Sigardian Emissary		wg
Kylox's Voltstrider		ur
Kylox, Visionary Inventor		ur
Kynaios and Tiro of Meletis		wurg
Kyodai, Soul of Kamigawa		wubrg
Kyoki, Sanity's Eclipse		b
Kyoshi Battle Fan		
Kyoshi Island Plaza		g
Kyoshi Village	wg	
Kyoshi Warrior Exemplars		g
Kyoshi Warrior Guard		w
Kyoshi Warriors		w
Kyren Archive		
Kyren Flamewright		r
Kyren Flamewright // Invasion of Mercadia		r
Kyren Glider		r
Kyren Legate		r
Kyren Negotiations		r
Kyren Sniper		r
Kyren Toy	c	
Kyscu Drake		g
Kytheon's Irregulars		w
Kytheon's Tactics		w
Kytheon, Hero of Akros		w
Kytheon, Hero of Akros // Gideon, Battle-Forged		w
Lab Rats		b
Laboratory Brute		u
Laboratory Drudge		u
Laboratory Maniac		u
Labro Bot		
Labyrinth Adversary		r
Labyrinth Champion		r
Labyrinth Guardian		u
Labyrinth Minotaur		u
Labyrinth Raptor		br
Labyrinth of Skophos	c	
Laccolith Grunt		r
Laccolith Rig		r
Laccolith Titan		r
Laccolith Warrior		r
Laccolith Whelp		r
Lace with Moonglove		g
Lacerate Flesh		r
Lackey Recycler		
Ladies' Knight		w
Lady Caleria		wg
Lady Evangela		wub
Lady Loki, Agent of Chaos		r
Lady Octopus, Inspired Inventor		u
Lady Orca		br
Lady Spider, Maybelle Reilly		r
Lady Sun		u
Lady Zhurong, Warrior Queen		g
Lady of Laughter		w
Lae'zel's Acrobatics		w
Lae'zel, Blessed Warrior		w
Lae'zel, Callous Warrior		wb
Lae'zel, Githyanki Warrior		w
Lae'zel, Illithid Thrall		wu
Lae'zel, Primal Warrior		wg
Lae'zel, Vlaakith's Champion		w
Lae'zel, Wrathful Warrior		wr
Laelia, the Blade Reforged		r
Lagac Lizard		r
Lagomos, Hand of Hatred		br
Lagonna-Band Elder		w
Lagonna-Band Storyteller		w
Lagonna-Band Trailblazer		w
Lagoon Breach		u
Lagoon Breach // Horned Loch-Whale		u
Lagorin, Soul of Alacria		wg
Lagrella, the Magpie		wug
Laid to Rest		g
Lair Delve		g
Lair of the Ashen Idol		
Lair of the Hydra	g	g
Lairwatch Giant		w
Lake Silencio		
Lake of the Dead	b	
Lakeside Shack	ug	
Lam, Storm Crane Elder		w
Lambholt Butcher		g
Lambholt Butcher // Lambholt Pacifist		g
Lambholt Elder		g
Lambholt Elder // Silverpelt Werewolf		g
Lambholt Harrier		r
Lambholt Pacifist		g
Lambholt Pacifist // Lambholt Butcher		g
Lambholt Raconteur		r
Lambholt Raconteur // Lambholt Ravager		r
Lambholt Ravager		r
Lambholt Ravager // Lambholt Raconteur		r
Lamentation		b
Lammastide Weave		g
Lampad of Death's Vigil		b
Lamplight Phoenix		r
Lamplighter of Selhoff		u
Lance		w
Lancer Sliver		w
Lancers en-Kor		w
Land Aid '04		g
Land Cap	wu	
Land Equilibrium		u
Land Grant		g
Land Leeches		g
Land Station		g
Land Tax		w
Land's Edge		r
Landbind Ritual		w
Lander Rizzi		g
Landfill		r
Landlore Navigator		u
Landroval, Horizon Witness		w
Landscape Painter		u
Landscape Painter // Vibrant Idea		u
Landscaper Colos		w
Landslide		r
Languish		b
Lantern Bearer		u
Lantern Bearer // Lanterns' Lift		u
Lantern Flare		wr
Lantern Kami		w
Lantern Scout		w
Lantern Spirit		u
Lantern of Insight		
Lantern of Revealing	wubrg	
Lantern of Undersight		
Lantern of the Lost		
Lantern-Lit Graveyard	brc	
Lanterns' Lift		u
Lanterns' Lift // Lantern Bearer		u
Lapis Lazuli Talisman		
Lapis Orb of Dragonkind	u	u
Lapse of Certainty		w
Laquatus's Champion		b
Laquatus's Creativity		u
Laquatus's Disdain		u
Lara Croft, Tomb Raider		urg
Larceny		b
Larder Zombie		u
Largepox		b
Larger Than Life		g
Larval Scoutlander		g
Laser Screwdriver	wubrg	
Lash Out		r
Lash of Malice		b
Lash of Thorns		b
Lash of the Balrog		b
Lash of the Tyrant		
Lash of the Whip		b
Lashknife		w
Lashknife Barrier		w
Lashweed Lurker		ug
Lashwhip Predator		g
Lashwrithe		b
Lassoed by the Law		w
Last Breath		w
Last Caress		b
Last Chance		r
Last Gasp		b
Last Kiss		b
Last Laugh		b
Last March of the Ents		g
Last Night Together		rg
Last One Standing		br
Last Rites		b
Last Stand		wubrg
Last Thoughts		u
Last Voyage of the _____		b
Last Word		u
Last-Ditch Effort		r
Last-Minute Chopping		ub
Lasting Fayth	g	g
Lasting Fayth // Zanarkand, Ancient Metropolis	g	g
Lasting Tarfire		r
Lasyd Prowler		g
Lat-Nam Adept		u
Lat-Nam's Legacy		u
Latch Seeker		u
Latchkey Faerie		u
Late to Dinner		w
Lathiel, the Bounteous Dawn		wg
Lathliss, Dragon Queen		r
Lathnu Hellion		r
Lathnu Sailback		r
Lathril, Blade of the Elves		bg
Lattice Library		g
Lattice-Blade Mantis		g
Latulla's Orders		r
Latulla, Keldon Overseer		r
Laughing Hyena		g
Laughing Jasper Flint		br
Laughing Mad		r
Launch		u
Launch Mishap		u
Launch Party		b
Launch the Fleet		w
Laurine, the Diversion		r
Lava Axe		r
Lava Blister		r
Lava Burst		r
Lava Coil		r
Lava Dart		r
Lava Flow		r
Lava Hounds		r
Lava Runner		r
Lava Serpent		r
Lava Spike		r
Lava Storm		r
Lava Tubes	br	
Lava Zombie		br
Lava, Axe		r
Lava-Field Overlord		r
Lavaball Trap		r
Lavabelly Sliver		wr
Lavaborn Muse		r
Lavabrink Floodgates	r	r
Lavabrink Venturer		w
Lavaclaw Reaches	br	br
Lavacore Elemental		r
Lavafume Invoker		r
Lavaglide Pathway	ur	
Lavaglide Pathway // Riverglide Pathway	ur	
Lavakin Brawler		r
Lavalanche		brg
Lavaleaper	wubrg	r
Lavamancer's Skill		r
Lavaspur Boots		
Lavastep Raider		r
Lavinia of the Tenth		wu
Lavinia, Azorius Renegade		wu
Lavinia, Foil to Conspiracy	c	wu
Law-Rune Enforcer		w
Lawbringer		w
Lawless Broker		b
Lawmage's Binding		wu
Lay Bare		u
Lay Bare the Heart		b
Lay Claim		u
Lay Down Arms		w
Lay Waste		r
Lay of the Land		g
Layla Hassan		w
Lazav, Dimir Mastermind		ub
Lazav, Familiar Stranger		ub
Lazav, Wearer of Faces		ub
Lazav, the Multifarious		ub
Lazier Goblin		r
Lazotep Archway	wb	wb
Lazotep Behemoth		b
Lazotep Chancellor		ub
Lazotep Convert		ub
Lazotep Convert // Invasion of Amonkhet		ub
Lazotep Plating		u
Lazotep Quarry	wubrgc	
Lazotep Reaver		b
Lazotep Sliver		b
Lead		bg
Lead // Destined		bg
Lead Astray		w
Lead Golem		
Lead Pipe		b
Lead by Example		g
Lead the Stampede		g
Lead-Belly Chimera		
Leaden Fists		u
Leaden Myr	b	
Leader's Talent		w
Leader, Super-Genius		u
Leadership Vacuum		u
Leading Performance		w
Leaf Arrow		g
Leaf Dancer		g
Leaf Gilder	g	g
Leaf-Crowned Elder		g
Leaf-Crowned Visionary		g
Leaf-Leap Guide		ug
Leafcrown Dryad		g
Leafdrake Roost		ug
Leafkin Avenger	g	rg
Leafkin Druid	g	g
League Guildmage		ur
Leap		u
Leap of Faith		w
Leap of Flame		ur
Leapfrog		u
Leaping Ambush		g
Leaping Lizard		g
Leaping Master		wr
Learn from the Past		u
Learned Learner		u
Leashling		
Leather Armor		
Leatherback Baloth		g
Leatherhead, Iron Gator		g
Leatherhead, Swamp Stalker		g
Leave		wr
Leave // Chance		wr
Leave No Trace		w
Leave in the Dust		u
Leaves from the Vine		g
Lecture Hall		wu
Lecture Hall // Restricted Office		wu
Lecturing Scornmage		b
Ledev Champion		wg
Ledev Guardian		w
Ledger Shredder		u
Leech Bonder		u
Leech Collector		b
Leech Collector // Bloodletting		b
Leech Fanatic		b
Leech Gauntlet		b
Leech Medic		w
Leeches		w
Leeching Bite		g
Leeching Licid		b
Leeching Lurker		b
Leeching Lurker // Curse of Leeches		b
Leeching Sliver		b
Leechridden Swamp	b	b
Leela, Sevateem Warrior		g
Leering Emblem		
Leering Gargoyle		wu
Leering Onlooker		b
Leery Fogbeast		g
Legacy Weapon		wubrg
Legacy's Allure		u
Legate Lanius, Caesar's Ace		br
Legerdemain		u
Legion Angel		w
Legion Conquistador		w
Legion Extruder		r
Legion Guildmage		wr
Legion Leadership	wr	wr
Legion Leadership // Legion Stronghold	wr	wr
Legion Lieutenant		wb
Legion Loyalist		r
Legion Loyalty		w
Legion Reconsecrator		b
Legion Stronghold	wr	wr
Legion Stronghold // Legion Leadership	wr	wr
Legion Vanguard		b
Legion Warboss		r
Legion of Clay		g
Legion's Chant		w
Legion's End		b
Legion's Initiative		wr
Legion's Judgment		w
Legion's Landing	w	w
Legion's Landing // Adanto, the First Fort	w	w
Legions of Lim-Dûl		b
Legions to Ashes		wb
Legolas Greenleaf		g
Legolas's Quick Reflexes		g
Legolas, Counter of Kills		ug
Legolas, Master Archer		g
Leinore, Autumn Sovereign		wg
Leisure Bicycle		
Leitmotif Composer		u
Lembas		
Lena, Selfless Champion		w
Lend a Ham		wb
Lend a Ham // Porcine Portent		wb
Lens Flare		w
Lens of Clarity		
Leo's Guidance		w
Leonardo da Vinci		u
Leonardo's Technique		w
Leonardo, Big Brother		w
Leonardo, Cutting Edge		w
Leonardo, Leader in Blue		w
Leonardo, Sewer Samurai		w
Leonardo, Worldly Warrior		w
Leonardo, the Balance		wubrg
Leonin Abunas		w
Leonin Arbiter		w
Leonin Armorguard		wg
Leonin Battlemage		w
Leonin Bladetrap		
Leonin Bola		
Leonin Den-Guard		w
Leonin Elder		w
Leonin Iconoclast		w
Leonin Lightbringer		w
Leonin Lightscribe		w
Leonin Relic-Warder		w
Leonin Sanctifier		w
Leonin Scimitar		
Leonin Shikari		w
Leonin Skyhunter		w
Leonin Snarecaster		w
Leonin Squire		w
Leonin Sun Standard		w
Leonin Surveyor		w
Leonin Vanguard		w
Leonin Warleader		w
Leonin of the Lost Pride		w
Leopard-Spotted Jiao		r
Leori, Sparktouched Hunter		wur
Leovold's Operative		g
Leovold, Emissary of Trest		ubg
Leshrac's Rite		b
Leshrac's Sigil		b
Lesser Gargadon		r
Lesser Masticore		
Lesser Werewolf		b
Lessons from Life		ug
Let the Galaxy Burn		r
Let's Play a Game		b
Lethal Exploit		b
Lethal Protection		b
Lethal Scheme		b
Lethal Sting		b
Lethal Throwdown		b
Lethal Vapors		b
Lethargy Trap		u
Lethe Lake		
Letter Bomb		
Letter of Acceptance	wubrg	
Level Up		g
Leveler		
Leviathan		u
Levitating Statue		
Levitation		u
Lexivore		w
Ley Druid		g
Ley Line		g
Ley Weaver		g
Leyline Axe		
Leyline Binding		w
Leyline Dowser		
Leyline Immersion	wubrg	g
Leyline Invocation		g
Leyline Phantom		u
Leyline Prowler	wubrg	bg
Leyline Surge		g
Leyline Surge // Invasion of Shandalar		g
Leyline Tyrant		r
Leyline of Abundance	g	g
Leyline of Anticipation		u
Leyline of Combustion		r
Leyline of Hope		w
Leyline of Lifeforce		g
Leyline of Lightning		r
Leyline of Mutation		wubrg
Leyline of Punishment		r
Leyline of Resonance		r
Leyline of Sanctity		w
Leyline of Singularity		u
Leyline of Transformation		u
Leyline of Vitality		g
Leyline of the Guildpact		wubrg
Leyline of the Meek		w
Leyline of the Void		b
Lhurgoyf		g
Li'l Giri Saves the Day		
Liability		b
Liar's Pendulum		
Liara of the Flaming Fist		wr
Liberate		wg
Liberate // Bind		wg
Liberated Dwarf		r
Liberated Livestock		w
Liberating Combustion		r
Liberator, Urza's Battlethopter		
Liberty Prime, Recharged		wur
Library	ur	
Library Larcenist		u
Library of Alexandria	c	
Library of Lat-Nam		u
Library of Leng		
Lich		b
Lich Lord of Unx		ub
Lich's Caress		b
Lich's Duel Mastery		b
Lich's Mastery		b
Lich's Mirror		
Lich's Tomb		
Lich-Knights' Conquest		b
Lichenthrope		g
Licia, Sanguine Tribune		wbr
Lictor		g
Lidless Gaze		br
Lie in Wait		ubg
Liege of the Axe		w
Liege of the Hollows		g
Liege of the Pit		b
Liege of the Tangle		g
Lier, Disciple of the Drowned		u
Liesa, Forgotten Archangel		wb
Liesa, Shroud of Dusk		wb
Lieutenant Kirtar		w
Lieutenants of the Guard		w
Life		bg
Life // Death		bg
Life Burst		w
Life Chisel		
Life Cloud		w
Life Finds a Way		g
Life Goes On		g
Life Insurance		wb
Life Matrix		
Life and Limb		g
Life at Stake		b
Life from the Loam		g
Life of Toshiro Umezawa	b	b
Life of Toshiro Umezawa // Memory of Toshiro	b	b
Life of the Party		r
Life's Finale		b
Life's Legacy		g
Lifebane Zombie		b
Lifeblood		w
Lifeblood Hydra		g
Lifecraft Awakening		g
Lifecraft Cavalry		g
Lifecraft Engine		
Lifecrafter's Bestiary		g
Lifecrafter's Gift		g
Lifecreed Duo		w
Lifeforce		g
Lifegift		g
Lifelace		g
Lifeline		
Lifelink		w
Lifening Elemental		b
Lifesmith		g
Lifespark Spellbomb		g
Lifespinner		g
Lifespring Druid	wubrg	g
Lifestream's Blessing		g
Lifetap		u
Lifted by Clouds		u
Light 'Em Up		r
Light Up the Night		r
Light Up the Stage		r
Light from Within		w
Light of Day		w
Light of Hope		w
Light of Judgment		r
Light of Promise		w
Light of Sanction		w
Light of the Legion		w
Light the Way		w
Light-Paws, Emperor's Voice		w
Lightbringer		w
Lightfoot Rogue		b
Lightfoot Technique		w
Lightform		w
Lighthouse Chronologist		u
Lightkeeper of Emeria		w
Lightless Evangel		b
Lightmine Field		w
Lightning Angel		wur
Lightning Axe		r
Lightning Berserker		r
Lightning Blast		r
Lightning Blow		w
Lightning Bolt		r
Lightning Bolt // Emeritus of Conflict		r
Lightning Cloud		r
Lightning Coils		
Lightning Colt		r
Lightning Crafter		r
Lightning Dart		r
Lightning Diadem		r
Lightning Dragon		r
Lightning Elemental		r
Lightning Greaves		
Lightning Helix		wr
Lightning Hounds		r
Lightning Javelin		r
Lightning Mare		r
Lightning Mauler		r
Lightning Phoenix		r
Lightning Prowess		r
Lightning Reaver		br
Lightning Reflexes		r
Lightning Rift		r
Lightning Runner		r
Lightning Serpent		r
Lightning Shrieker		r
Lightning Skelemental		br
Lightning Spear		r
Lightning Storm		r
Lightning Stormkin		ur
Lightning Strike		r
Lightning Surge		r
Lightning Talons		r
Lightning Visionary		r
Lightning Volley		r
Lightning Wolf		r
Lightning, Army of One		wr
Lightning, Security Sergeant		r
Lightning-Core Excavator		
Lightning-Rig Crew		r
Lightshell Duo		u
Lightshield Array		w
Lightshield Array // Invasion of Gobakhan		w
Lightshield Parry		w
Lightstall Inquisitor		w
Lightwalker		w
Lightwheel Enhancements		w
Lightwielder Paladin		w
Lignify		g
Likeness Looter		ub
Likeness of the Seeker		g
Likeness of the Seeker // Azusa's Many Journeys		g
Lila, Hospitality Hostess		wg
Lilah, Undefeated Slickshot		ur
Liliana Vess		b
Liliana of the Dark Realms	b	b
Liliana of the Veil		b
Liliana the Faultless		w
Liliana the Repentant		b
Liliana's Caress		b
Liliana's Contract		b
Liliana's Defeat		b
Liliana's Devotee		b
Liliana's Elite		b
Liliana's Indignation		b
Liliana's Influence		b
Liliana's Mastery		b
Liliana's Other Contract		b
Liliana's Other Contract // Liliana's Undead Minion		b
Liliana's Reaver		b
Liliana's Scorn		b
Liliana's Scrounger		b
Liliana's Shade		b
Liliana's Specter		b
Liliana's Spoils		b
Liliana's Standard Bearer		b
Liliana's Steward		b
Liliana's Talent		b
Liliana's Triumph		b
Liliana's Undead Minion		b
Liliana's Undead Minion // Liliana's Other Contract		b
Liliana, Death Mage		b
Liliana, Death Wielder		b
Liliana, Death's Majesty		b
Liliana, Defiant Necromancer		b
Liliana, Defiant Necromancer // Liliana, Heretical Healer		b
Liliana, Dreadhorde General		b
Liliana, Heretical Healer		b
Liliana, Heretical Healer // Liliana, Defiant Necromancer		b
Liliana, Untouched by Death		b
Liliana, Waker of the Dead		b
Liliana, the Last Hope		b
Liliana, the Necromancer		b
Lilting Refrain		u
Lily Bowen, Raging Grandma		g
Lilypad Village	uc	u
Lilysplash Mentor		ug
Lim-Dûl the Necromancer		b
Lim-Dûl's Cohort		b
Lim-Dûl's Hex		b
Lim-Dûl's High Guard		b
Lim-Dûl's Paladin		br
Lim-Dûl's Vault		ub
Limestone Golem		
Liminal Hold		w
Limited Resources		w
Limitless Rekindling		r
Limits of Solidarity		r
Lin Sivvi, Defiant Hero		w
Lindblum, Industrial Regency	r	r
Lindblum, Industrial Regency // Mage Siege	r	r
Linden, the Steadfast Queen		w
Line Cutter		b
Linebreaker Baloth		g
Lineprancers		g
Linessa, Zephyr Mage		u
Lingering Death		b
Lingering Mirage		u
Lingering Phantom		b
Lingering Souls		wb
Lingering Tormentor		b
Linvala, Keeper of Silence		w
Linvala, Shield of Sea Gate		wu
Linvala, the Preserver		w
Lion Heart		
Lion Sash		w
Lion Umbra		g
Lion Vulture		b
Lion's Eye Diamond	wubrg	
Lionheart Glimmer		w
Lionheart Maverick		w
Liquid Fire		r
Liquify		u
Liquimetal Coating		
Liquimetal Torque	c	
Lisette, Dean of the Root		bg
Lisette, Dean of the Root // Valentin, Dean of the Vein		bg
Lita, Little Orphan Amphibian		w
Lita, Mechanical Engineer		w
Literal Delver of Secrets		u
Lithatog		rg
Lithobraking		r
Lithoform Blight	wubrgc	b
Lithoform Engine		
Lithomancer's Focus		w
Lithomantic Barrage		r
Lithophage		r
Littjara		
Littjara Glade-Warden		g
Littjara Kinseekers		u
Littjara Mirrorlake	u	ug
Little Girl		w
Liturgy of Blood	b	b
Liu Bei, Lord of Shu		w
Livaan, Cultist of Tiamat		r
Live Fast		b
Live or Die		b
Lively Dirge		b
Livewire Lash		
Living Airship		ug
Living Armor		
Living Artifact		g
Living Brain, Mechanical Marvel		
Living Breakthrough		u
Living Breakthrough // Inventive Iteration		u
Living Conundrum		u
Living Death		b
Living Destiny		g
Living End		b
Living History		r
Living Hive		g
Living Inferno		r
Living Lands		g
Living Laser		r
Living Lectern		u
Living Lies of Loki		u
Living Lightning		r
Living Lightning, Charged Up		r
Living Lore		u
Living Phone		w
Living Plane		g
Living Tempest		u
Living Terrain		g
Living Totem		g
Living Tsunami		u
Living Twister		rg
Living Wall		
Living Wish		g
Livio, Oathsworn Sentinel		w
Livonya Silone		rg
Lizard Blades		r
Lizard Warrior		r
Lizard, Connors's Curse		g
Lizardfolk Librarians		u
Llanowar	g	
Llanowar Augur		g
Llanowar Behemoth		g
Llanowar Cavalry		wg
Llanowar Dead	b	bg
Llanowar Druid		g
Llanowar Elite		g
Llanowar Elves	g	g
Llanowar Empath		g
Llanowar Envoy	wubrg	g
Llanowar Greenwidow		g
Llanowar Knight		wg
Llanowar Loamspeaker	wubrg	g
Llanowar Mentor	g	g
Llanowar Reborn	g	
Llanowar Scout		g
Llanowar Sentinel		g
Llanowar Stalker		g
Llanowar Tribe	g	g
Llanowar Vanguard		g
Llanowar Visionary	g	g
Llanowar Wastes	bgc	
Llawan, Cephalid Empress		u
Lluwen, Exchange Student		bg
Lluwen, Exchange Student // Pest Friend		bg
Lluwen, Imperfect Naturalist		bg
Lo and Li, Royal Advisors		ub
Lo and Li, Twin Tutors		b
Loading Zone		g
Loafing Giant		r
Loam Dryad	wubrg	g
Loam Dweller		g
Loam Larva		g
Loam Lion		w
Loamcrafter Faun		g
Loamdragger Giant		rg
Loaming Shaman		g
Loan Shark		u
Loathing		b
Loathing // Fear (split card)		b
Loathsome Catoblepas		bg
Loathsome Chimera		g
Loathsome Curator		b
Loathsome Troll		g
Lobber Crew		r
Lobe Lobber		
Lobelia Sackville-Baggins		b
Lobelia, Defender of Bag End		b
Lobotomy		ub
Localized Destruction		w
Loch Dragon		ur
Loch Korrigan		ub
Loch Larent	u	u
Loch Mare		u
Lochmere Serpent		ub
Lock and Load		u
Locke Cole		ub
Locke, Treasure Hunter		br
Locked in the Cemetery		u
Locker Room		u
Locker Room // Bottomless Pool		u
Locket of Yesterdays		
Lockjaw Snapper		
Lockjaw, Slobbering Teleporter		u
Locthwain Gargoyle		
Locthwain Lancer		b
Locthwain Paladin		b
Locthwain Scorn		b
Locthwain Scorn // Virtue of Persistence		b
Locus Cobra	wubrg	g
Locus of Enlightenment	c	u
Locus of Enlightenment // The Enigma Jewel	c	u
Locust Miser		b
Locust Spray		b
Locust Swarm		g
Lodestone Bauble		
Lodestone Golem		
Lodestone Myr		
Lodestone Needle		u
Lodestone Needle // Guidestone Compass		u
Lofty Denial		u
Lofty Dreams		u
Log Flume		
Logic Knot		u
Lokhust Heavy Destroyer		b
Loki Laufeyson		r
Loki's Scepter	wubrg	r
Loki, God of Lies		r
Loki, God of Mischief		u
Loki, Lord of Misrule		u
Loki, the Deceiver		ubr
Lolth, Spider Queen		b
Lona, Tracker of the Known		wubrg
Lone Missionary		w
Lone Revenant		u
Lone Rider		w
Lone Rider // It That Rides as One		w
Lone Wolf		g
Lone Wolf of the Natterknolls		g
Lone Wolf of the Natterknolls // Hermit of the Natterknolls		g
Lonely Arroyo	wu	
Lonely End		b
Lonely Sandbar	u	u
Lonesome Unicorn		w
Lonesome Unicorn // Rider in Need		w
Long Feng, Grand Secretariat		bg
Long Goodbye		b
Long List of the Ents		g
Long Rest		g
Long River Lurker		u
Long River's Pull		u
Long Road Home		w
Long-Finned Skywhale		u
Long-Forgotten Gohei		
Long-Lost Lances		
Long-Range Sensor		r
Long-Term Phyresis Study		b
Long-Term Plans		u
Longbow Archer		w
Longhorn Firebeast		r
Longhorn Sharpshooter		r
Longshot Squad		g
Longshot, Rebel Bowman		r
Longstalk Brawl		g
Longtusk Cub		g
Longtusk Stalker		g
Lonis, Cryptozoologist		ug
Lonis, Genetics Expert		ug
Look Skyward and Despair		
Look at Me, I'm R // D		w
Look at Me, I'm the DCI		w
Lookout's Dispersal		u
Looming Altisaur		w
Looming Hoverguard		u
Looming Shade		b
Looming Spires	r	
Loopy Lobster		u
Loose Lips		u
Loose in the Park		g
Loot Dispute		r
Loot, Exuberant Explorer		g
Loot, the Key to Everything		urg
Loot, the Pathfinder	wubrg	urg
Looter il-Kor		u
Loporrit Scout		g
Loran of the Third Path		w
Loran's Escape		w
Loran, Disciple of History		w
Lorcan, Warlock Collector		b
Lord Dregg, Insect Invader		bg
Lord Jyscal Guado		w
Lord Magnus		wg
Lord Skitter's Blessing		b
Lord Skitter's Butcher		b
Lord Skitter, Sewer King		b
Lord Windgrace		brg
Lord Xander, the Collector		ubr
Lord of Atlanta		u
Lord of Atlantis		u
Lord of Change		u
Lord of Extinction		bg
Lord of Lineage		b
Lord of Lineage // Bloodline Keeper		b
Lord of Shatterskull Pass		r
Lord of Tresserhorn		ubr
Lord of the Accursed		b
Lord of the Forsaken	c	b
Lord of the Nazgûl		ub
Lord of the Pit		b
Lord of the Ulvenwald	rg	rg
Lord of the Ulvenwald // Kessig Naturalist	rg	rg
Lord of the Undead		b
Lord of the Unreal		u
Lord of the Void		b
Lore Broker		u
Lore Drakkis		ur
Lore Seeker		
Lore Weaver		u
Lorehold Apprentice		wr
Lorehold Archivist		wr
Lorehold Archivist // Restore Relic		wr
Lorehold Campus	wr	
Lorehold Charm		wr
Lorehold Command		wr
Lorehold Excavation		wr
Lorehold Pledgemage		wr
Lorehold, the Historian		wr
Lorescale Coatl		ug
Loreseeker's Stone		
Lorthos, Tentacled Terror		u
Lorthos, the Tidemaker		u
Los Diablos Missile Base	rg	
Lose Calm		r
Lose Focus		u
Lose Hope		b
Losheel, Clockwork Scholar		w
Loss		wb
Loss // Profit		wb
Lossarnach Captain		w
Lost Auramancers		w
Lost Days		u
Lost Hours		b
Lost Isle Calling		u
Lost Jitte		
Lost Legacy		b
Lost Legion		b
Lost Leonin		w
Lost Monarch of Ifnir		b
Lost Order of Jarkeld		w
Lost Soul		b
Lost Vale	wubrg	
Lost Vale // Dowsing Dagger	wubrg	
Lost in Memories		r
Lost in Space		u
Lost in Thought		u
Lost in a Labyrinth		u
Lost in the Maze		u
Lost in the Mist		u
Lost in the Spirit World		u
Lost in the Woods		g
Lost to Legend		w
Lothlórien Blade		
Lothlórien Lookout		g
Lotho, Corrupt Shirriff		wb
Lotleth Giant		b
Lotleth Troll		bg
Lotus Bloom	wubrg	
Lotus Blossom	wubrg	
Lotus Cobra	wubrg	g
Lotus Field	wubrg	
Lotus Guardian	wubrg	
Lotus Path Djinn		u
Lotus Petal	wubrg	
Lotus Ring	wubrg	
Lotus Vale	wubrg	
Lotus-Eye Mystics		w
Lotusguard Disciple		w
Lotuslight Dancers		ubg
Louisoix's Sacrifice		u
Lounge	bg	
Louvaq, the Aberrant		ug
Love Song of Night and Day		w
Love on the Battlefield		ur
Lovestruck Beast		g
Lovestruck Beast // Heart's Desire		g
Lovisa Coldeyes		r
Lowland Basilisk		g
Lowland Giant		r
Lowland Oaf		r
Lowland Tracker		w
Loxodon Anchorite		w
Loxodon Battle Priest		w
Loxodon Convert		w
Loxodon Eavesdropper		g
Loxodon Gatekeeper		w
Loxodon Hierarch		wg
Loxodon Hierarch Avatar		
Loxodon Lifechanter		w
Loxodon Line Breaker		w
Loxodon Mender		w
Loxodon Mystic		w
Loxodon Partisan		w
Loxodon Peacekeeper		w
Loxodon Punisher		w
Loxodon Restorer		w
Loxodon Sergeant		w
Loxodon Smiter		wg
Loxodon Stalwart		w
Loxodon Surveyor		g
Loxodon Warhammer		
Loxodon Wayfarer		w
Loyal Apprentice		r
Loyal Cathar		w
Loyal Cathar // Unhallowed Cathar		w
Loyal Drake		u
Loyal Fire Sage		r
Loyal Gryff		w
Loyal Guardian		g
Loyal Gyrfalcon		w
Loyal Inventor		u
Loyal Pegasus		w
Loyal Retainers		w
Loyal Sentry		w
Loyal Subordinate		b
Loyal Unicorn		w
Loyal Warhound		w
Lozhan, Dragons' Legacy		ur
Lu Bu, Master-at-Arms		r
Lu Meng, Wu General		u
Lu Su, Wu Advisor		u
Lu Xun, Scholar General		u
Lucent Liminid		w
Lucid Dreams		u
Lucius the Eternal		br
Luck Bobblehead	wubrg	
Lucky Clover		
Lucky Offering		w
Lucky the Pizza Dog		g
Lucy MacLean, Positively Armed		w
Ludevic's Abomination		u
Ludevic's Abomination // Ludevic's Test Subject		u
Ludevic's Test Subject		u
Ludevic's Test Subject // Ludevic's Abomination		u
Ludevic, Necro-Alchemist		ur
Ludevic, Necrogenius		ub
Ludevic, Necrogenius // Olag, Ludevic's Hubris		ub
Lukamina, Bear Form		g
Lukamina, Crocodile Form		ug
Lukamina, Hawk Form		wg
Lukamina, Moon Druid		g
Lukamina, Scorpion Form		bg
Lukamina, Wolf Form		rg
Luke Cage, Hero for Hire		r
Luke Cage, Power Man		w
Lukka, Bound to Ruin	rg	rg
Lukka, Coppercoat Outcast		r
Lukka, Wayward Bonder		wr
Lukka, Wayward Bonder // Mila, Crafty Companion		wr
Lull		g
Lullmage Mentor		u
Lullmage's Domination		u
Lullmage's Familiar	ug	ug
Lulu, Curious Hollyphant		wu
Lulu, Forgetful Hollyphant		w
Lulu, Helpful Hollyphant		w
Lulu, Inspiring Hollyphant		wr
Lulu, Loyal Hollyphant		w
Lulu, Stern Guardian		u
Lulu, Vengeful Hollyphant		wb
Lulu, Wild Hollyphant		wg
Lumaret's Favor		g
Lumbering Battlement		w
Lumbering Falls	ug	ug
Lumbering Laundry		
Lumbering Lightshield		w
Lumbering Megasloth		g
Lumbering Satyr		g
Lumbering Worldwagon		g
Lumberknot		g
Lumen-Class Frigate		w
Lumengrid Augur		u
Lumengrid Drake		u
Lumengrid Gargoyle		
Lumengrid Sentinel		u
Lumengrid Warden		u
Luminarch Ascension		w
Luminarch Aspirant		w
Luminate Primordial		w
Luminesce		w
Luminescent Rain		g
Luminollusk		g
Luminous Angel		w
Luminous Bonds		w
Luminous Broodmoth		w
Luminous Guardian		w
Luminous Phantom		w
Luminous Phantom // Lunarch Veteran		w
Luminous Rebuke		w
Luminous Wake		w
Lumithread Field		w
Lumra, Bellow of the Woods		g
Lunar Avenger		
Lunar Convocation		wb
Lunar Force		u
Lunar Frenzy		r
Lunar Hatchling		ug
Lunar Insight		u
Lunar Mystic		u
Lunar Rejection		u
Lunarch Inquisitors		w
Lunarch Inquisitors // Avacynian Missionaries		w
Lunarch Mantle		w
Lunarch Veteran		w
Lunarch Veteran // Luminous Phantom		w
Lunatic Pandora		
Lunge		r
Lunk Errant		r
Lupari Shield		g
Lupari Shield // Karvanista, Loyal Lupari		g
Lupine Harbingers		g
Lupine Prototype		
Lupinflower Village	wc	w
Lurching Rotbeast		b
Lure		g
Lure of Prey		g
Lurebound Scarecrow		
Lurker		g
Lurker in the Deep		u
Lurking Arynx		g
Lurking Automaton		
Lurking Chupacabra		b
Lurking Crocodile		g
Lurking Deadeye		b
Lurking Evil		b
Lurking Green Dragon		g
Lurking Informant		ub
Lurking Jackals		b
Lurking Lizards		g
Lurking Nightstalker		b
Lurking Predators		g
Lurking Roper		g
Lurking Skirge		b
Lurking Spinecrawler		b
Lurrus of the Dream-Den		wb
Lush Growth		g
Lush Oasis	ug	
Lush Portico	wg	
Lust for War		r
Lutri, Pauper Otter		ur
Lutri, the Spellchaser		ur
Lux Artillery		
Lux Cannon		
Luxa River Shrine		
Luxior and Shadowspear		
Luxior, Giada's Gift		
Luxior, Ignited		
Luxknight Breacher		w
Luxurious Libation		g
Luxurious Locomotive		
Luxury Suite	br	
Lychguard		b
Lydari Druid		g
Lydari Elephant		g
Lydia Frye		ub
Lyev Decree		w
Lyev Skyknight		wu
Lyla, Holographic Assistant		u
Lymph Sliver		w
Lyna		
Lynde, Cheerful Tormentor		ubr
Lynx		g
Lyra Dawnbringer		w
Lys Alana Bowmaster		g
Lys Alana Dignitary	g	g
Lys Alana Huntmaster		g
Lys Alana Informant		g
Lys Alana Scarblade		b
Lyse Hext		wu
Lyzolda, the Blood Witch		br
Lyzolda, the Blood Witch Avatar		
Lórien Revealed		u
M'Baku, Jabari Chieftain		g
M'Odo, the Gnarled Oracle		ubg
M.O.D.O.K.		b
M.O.D.O.K., Evil Intellect		b
MACH-1, Swooping Scoundrel		b
MJ, Rising Star		w
Ma Chao, Western Warrior		r
Maalfeld Twins		b
Maarika, Brutal Gladiator		brg
Mabel's Mettle		w
Mabel, Heir to Cragflame		wr
MacCready, Lamplight Mayor		wb
Macabre Mockery		br
Macabre Reconstruction		b
Macabre Waltz		b
Mace of Disruption		w
Mace of the Valiant		w
Macetail Hystrodon		r
Machinate		u
Machine God's Effigy	u	
Machine Man, Model X-51		
Machine Over Matter		u
Machinesmith Automaton		r
Machinist's Arsenal		w
Machinist's Dismissal		u
Mad Auntie		b
Mad Dog		r
Mad Labs		
Mad Prophet		r
Mad Ratter		r
Mad Science Fair Project	wubrgc	
Madame Hydra		br
Madame Hydra, Reanimated		b
Madame Masque		b
Madame Null, Power Broker		b
Madame Vastra		ug
Madame Web, Clairvoyant		u
Madblind Mountain	r	r
Madcap Experiment		r
Madcap Skills		r
Maddening Cacophony		u
Maddening Hex		r
Maddening Imp		b
Maddening Wind		g
Madlands	br	
Madrush Cyclops		brg
Maelstrom Archangel		wubrg
Maelstrom Archangel Avatar		
Maelstrom Artisan		r
Maelstrom Artisan // Rocket Volley		r
Maelstrom Colossus		
Maelstrom Djinn		u
Maelstrom Muse		ur
Maelstrom Nexus		wubrg
Maelstrom Pulse		bg
Maelstrom Wanderer		urg
Maelstrom of the Spirit Dragon	wubrgc	
Maester Seymour		g
Maestro's Gift		ur
Maestro's Gift // Inspired Skypainter		ur
Maestros Ascendancy		ubr
Maestros Charm		ubr
Maestros Confluence		ubr
Maestros Diabolist		ubr
Maestros Initiate		ubr
Maestros Theater		
Maestros' Totally Safe Hideout	ubr	
Maeve, Insidious Singer		u
Maeve, Wearer of Many Hats		wg
Maga, Traitor to Mortals		b
Magar of the Magic Strings		br
Magda, Brazen Outlaw		r
Magda, the Hoardmaster		r
Mage Duel		g
Mage Hunter		b
Mage Hunters' Onslaught		b
Mage Siege	r	r
Mage Siege // Lindblum, Industrial Regency	r	r
Mage Slayer		rg
Mage Tower Referee		
Mage il-Vec		r
Mage's Attendant		w
Mage's Guile		u
Mage-Ring Bully		r
Mage-Ring Network	c	
Mage-Ring Responder		
Magebane Armor		
Magebane Lizard		r
Magefire Wings		ur
Mages' Contest		r
Mageta the Lion		w
Mageta's Boon		w
Magewright's Stone		
Maggot Carrier		b
Maggot Therapy		b
Magic Damper		u
Magic Designer		
Magic Missile		r
Magic Pot		
Magic Word		u
MagicConsecrated Sphinx		u
Magical Hack		u
Magical Hacker		u
Magicked Card		u
Magicked Card // Sidequest: Card Collection		u
Magister Sphinx		wub
Magister of Worth		wb
Magistrate's Scepter		
Magistrate's Veto		r
Magitek Armor		w
Magitek Infantry		w
Magitek Scythe		
Magma Burst		r
Magma Giant		r
Magma Hellion		r
Magma Jet		r
Magma Mine		
Magma Opus		ur
Magma Phoenix		r
Magma Pummeler		r
Magma Rift		r
Magma Sliver		r
Magma Spray		r
Magma Vein		r
Magmablood Archaic		r
Magmakin Artillerist		r
Magmaquake		r
Magmaroth		r
Magmasaur		r
Magmatic Channeler		r
Magmatic Chasm		r
Magmatic Core		r
Magmatic Force		r
Magmatic Galleon		r
Magmatic Hellkite		r
Magmatic Insight		r
Magmatic Scorchwing		r
Magmatic Sinkhole		r
Magmatic Sprinter		r
Magmaw		r
Magnanimous Magistrate		w
Magnetic Flux		u
Magnetic Mine		
Magnetic Mountain		r
Magnetic Snuffler		
Magnetic Theft		r
Magnetic Web		
Magnify		g
Magnifying Glass	c	
Magnigoth Sentry		g
Magnigoth Treefolk		g
Magnivore		r
Magnus the Red		ur
Magosi, the Waterveil	u	u
Magus Lucea Kane	c	urg
Magus of the Abyss		b
Magus of the Arena		r
Magus of the Balance		w
Magus of the Bazaar		u
Magus of the Bridge		b
Magus of the Candelabra		g
Magus of the Chains		b
Magus of the Coffers	b	b
Magus of the Disk		w
Magus of the Future		u
Magus of the Jar		u
Magus of the Library	c	g
Magus of the Mind		u
Magus of the Mirror		b
Magus of the Moat		w
Magus of the Moon		r
Magus of the Order		g
Magus of the Scroll		r
Magus of the Tabernacle		w
Magus of the Unseen		u
Magus of the Vineyard	g	g
Magus of the Wheel		r
Magus of the Will		b
Maha, Its Feathers Night		b
Mahadi, Emporium Master		br
Mahamoti Djinn		u
Mai and Zuko		ubr
Mai, Jaded Edge		r
Mai, Scornful Striker		b
Main Event Horizon		w
Mairsil, the Pretender		ubr
Maja, Bretagard Protector		wg
Majestic Auricorn		w
Majestic Genesis		g
Majestic Heliopterus		w
Majestic Metamorphosis		u
Majestic Myriarch		g
Major Teroh		w
Make Disappear		u
Make Mischief		r
Make Obsolete		b
Make Your Mark		wr
Make Your Move		w
Make Your Own Luck		ug
Make Yourself Useful		
Make a Stand		w
Make a Wish		g
Make a _____ Splash		u
Make an Example		b
Makeshift Battalion		w
Makeshift Binding		w
Makeshift Mannequin		b
Makeshift Mauler		u
Makeshift Munitions		r
Makindi Aeronaut		w
Makindi Griffin		w
Makindi Mesas	w	w
Makindi Mesas // Makindi Stampede	w	w
Makindi Ox		w
Makindi Patrol		w
Makindi Shieldmate		w
Makindi Sliderunner		r
Makindi Stampede	w	w
Makindi Stampede // Makindi Mesas	w	w
Malach of the Dawn		w
Malachite Golem		g
Malachite Talisman		
Malady Invoker		bg
Malady Invoker // Herbology Instructor		bg
Malakir Blood-Priest		b
Malakir Bloodwitch		b
Malakir Cullblade		b
Malakir Familiar		b
Malakir Mire	b	b
Malakir Mire // Malakir Rebirth	b	b
Malakir Rebirth	b	b
Malakir Rebirth // Malakir Mire	b	b
Malakir Soothsayer		b
Malamet Battle Glyph		g
Malamet Brawler		g
Malamet Scythe		g
Malamet Veteran		g
Malamet War Scribe		w
Malanthrope		ug
Malboro		b
Malcator's Watcher		u
Malcator, Purity Overseer		wu
Malcolm, Alluring Scoundrel		u
Malcolm, Keen-Eyed Navigator		u
Malcolm, the Eyes		ur
Malefic Scythe		b
Malevolent Awakening		b
Malevolent Chandelier		
Malevolent Hermit		u
Malevolent Hermit // Benevolent Geist		u
Malevolent Noble		b
Malevolent Rumble	c	g
Malevolent Whispers		r
Malevolent Witchkite		b
Malfegor		br
Malfegor Avatar		
Malfunction		u
Malice		ub
Malice // Spite		ub
Malicious Advice		ub
Malicious Affliction		b
Malicious Eclipse		b
Malicious Intent		r
Malicious Invader		b
Malicious Invader // Innocent Traveler		b
Malicious Malfunction		b
Malignant Growth		ug
Malignus		r
Malik, Grim Manipulator		wbr
Malleable Impostor		u
Mammoth Bellow		urg
Mammoth Growth		g
Mammoth Harness		g
Mammoth Spider		g
Mammoth Umbra		w
Man of Measure		w
Man-o'-War		u
Mana Abundance		r
Mana Bloom	wubrg	g
Mana Breach		u
Mana Cache	c	r
Mana Cannons		r
Mana Chains		u
Mana Clash		r
Mana Conference		
Mana Confluence	wubrg	
Mana Crypt	c	
Mana Cylix	wubrg	
Mana Drain	c	u
Mana Echoes	c	r
Mana Flair	r	r
Mana Flare	wubrg	r
Mana Geode	wubrg	
Mana Geyser	r	r
Mana Leak		u
Mana Leech		b
Mana Matrix		
Mana Max, Afterburner		r
Mana Maze		u
Mana Prism	wubrgc	
Mana Reflection		g
Mana Screw	c	
Mana Sculpt	c	u
Mana Seism	c	r
Mana Severance		u
Mana Short		u
Mana Skimmer		b
Mana Tithe		w
Mana Vapors		u
Mana Vault	c	
Mana Vortex		u
Mana Web		
Mana-Charged Dragon		r
Manabarbs		r
Manabond		g
Manacles of Decay		wbr
Manaforce Mace		
Manaforge Cinder	br	br
Manaform Hellkite		r
Managorger Hydra		g
Managorger Phoenix		r
Manakin	c	
Manakin and Millikin	c	
Manalith	wubrg	
Manamorphose	wubrg	rg
Manaplasm		g
Manascape Refractor		
Manaweft Sliver	wubrg	g
Mandate of Abaddon		b
Mandate of Peace		w
Mandatory Friendship Shackles		
Mandible Justiciar		w
Mandibular Kite		w
Mandroid Squadron		w
Maned Serval		w
Mangara of Corondor		w
Mangara's Blessing		w
Mangara's Equity		w
Mangara's Tome		
Mangara, the Diplomat		w
Mangled Soulrager		ur
Manglehorn		g
Manhole Cover		
Manhole Missile		r
Maniacal Rage		r
Manic Scribe		u
Manic Vandal		r
Manifest Dread		g
Manifestation Sage		ug
Manifold Insights		u
Manifold Key		
Manifold Mouse		r
Manipulate Fate		u
Mannichi, the Fevered Dream		r
Manor Gargoyle		
Manor Gate	g	
Manor Guardian		b
Manor Skeleton		b
Manriki-Gusari		
Manta Ray		u
Manta Riders		u
Manticore		b
Manticore Eternal		r
Manticore of the Gauntlet		r
Mantis Engine		
Mantis Rider		wur
Mantle of Leadership		w
Mantle of Tides		u
Mantle of Webs		g
Mantle of the Ancients		w
Mantle of the Wolf		g
Many Partings		g
Map the Frontier		g
Map the Wastes		g
Map to Lorthos's Temple		u
Mapping the Maze		u
Maraleaf Pixie	ug	ug
Maraleaf Rider		g
Maralen of the Mornsong		b
Maralen of the Mornsong Avatar		
Maralen, Fae Ascendant		ubg
Marang River Prowler		u
Marang River Regent		u
Marang River Regent // Coil and Catch		u
Marang River Skeleton		b
Marath, Will of the Wild		wrg
Marauder's Axe		
Marauding Blight-Priest		b
Marauding Boneslasher		b
Marauding Brinefang		u
Marauding Dreadship		r
Marauding Knight		b
Marauding Looter		ur
Marauding Mako		r
Marauding Maulhorn		r
Marauding Raptor		r
Marauding Sphinx		u
Maraxus		
Maraxus of Keld		r
Marble Chalice		w
Marble Diamond	w	
Marble Gargoyle		w
Marble Priest		
Marble Titan		w
March Toward Perfection		b
March from Velis Vel		u
March from the Black Gate		b
March from the Tomb		wb
March of Burgeoning Life		g
March of Otherworldly Light		w
March of Progress		u
March of Reckless Joy		r
March of Souls		w
March of Swirling Mist		u
March of Wretched Sorrow		b
March of the Canonized		w
March of the Drowned		b
March of the Machines		u
March of the Multitudes		wg
March of the Returned		b
March of the World Ooze		g
Marchesa's Decree		b
Marchesa's Emissary		u
Marchesa's Infiltrator		u
Marchesa's Smuggler		ur
Marchesa's Surprise Party		
Marchesa, Dealer of Death		ubr
Marchesa, Resolute Monarch		b
Marchesa, Resolute Monarch // Invasion of Fiora		b
Marchesa, the Black Rose		ubr
Marching Duodrone		
Marcus, Mutant Mayor		ug
Mardu Ascendancy		wbr
Mardu Banner	wbr	wbr
Mardu Blazebringer		r
Mardu Charm		wbr
Mardu Devotee	wbr	w
Mardu Hateblade		wb
Mardu Heart-Piercer		r
Mardu Hordechief		w
Mardu Monument		wbr
Mardu Outrider		b
Mardu Roughrider		wbr
Mardu Runemark		r
Mardu Scout		r
Mardu Shadowspear		b
Mardu Siegebreaker		wbr
Mardu Skullhunter		b
Mardu Strike Leader		b
Mardu Thunderkite		wbr
Mardu Warshrieker	wbr	r
Mardu Woe-Reaper		w
Margle, Cousin of Yargle		wg
Marhault Elsdragon		rg
Mari, the Killing Quill		b
Marina Vendrell		wubrg
Marina Vendrell's Grimoire		u
Marionette Apprentice		b
Marionette Master		b
Mariposa Military Base	c	
Marisi's Twinclaws		wrg
Marisi, Breaker of the Coil		wrg
Marit Lage's Slumber		u
Maritime Guard		u
Marjhan		u
Mark Ritual	b	b
Mark for Death		r
Mark of Asylum		w
Mark of Eviction		u
Mark of Fury		r
Mark of Mutiny		r
Mark of Sakiko	g	g
Mark of the Oni		b
Mark of the Vampire		b
Marked by Honor		w
Marker Beetles		g
Market		wu
Market // Farm		wu
Market Festival	wubrg	g
Market Gnome		w
Marketback Walker		
Marketwatch Phantom		w
Markov Baron		b
Markov Blademaster		r
Markov Crusader		b
Markov Dreadknight		b
Markov Enforcer		r
Markov Patrician		b
Markov Purifier		wb
Markov Retribution		r
Markov Waltzer		wr
Markov Warlord		r
Markov's Servant		b
Markov's Servant // Chosen of Markov		b
Marneus Calgar		wub
Maro		g
Maro Avatar		
Maro's Gone Nuts		g
Marrow Bats		b
Marrow Chomper		bg
Marrow Shards		w
Marrow-Gnawer		b
Marsh Boa		g
Marsh Casualties		b
Marsh Crocodile		ub
Marsh Flats		
Marsh Flitter		b
Marsh Gas		b
Marsh Goblins		br
Marsh Hulk		b
Marsh Lurker		b
Marsh Threader		w
Marsh Viper		g
Marshal of Zhalfir		wu
Marshal of the Lost		wb
Marshal's Anthem		w
Marshaling Cry		w
Marshaling the Troops		g
Marshals' Pathcruiser		wubrg
Marshdrinker Giant		g
Marshland Bloodcaster		b
Marshland Hordemaster		br
Marshmist Titan		b
Martha Jones		u
Martial Coup		w
Martial Glory		wr
Martial Impetus		w
Martial Law		w
Martyr for the Cause		w
Martyr of Ashes		r
Martyr of Bones		b
Martyr of Dusk		w
Martyr of Frost		u
Martyr of Sands		w
Martyr of Spores		g
Martyr's Bond		w
Martyr's Cause		w
Martyr's Cry		w
Martyr's Soul		w
Martyrdom		w
Martyred Rusalka		w
Martyrs of Korlis		w
Martyrs' Tomb		wb
Marut		
Marvel Boy, Noh-Varr		wr
Marvelous Melee		r
Marvin, Murderous Mimic		
Marvo, Deep Operative		ub
Marwyn's Kindred		g
Marwyn, the Nurturer	g	g
Mary Jane Watson		wg
Mary O'Kill		br
Mary Read and Anne Bonny		ur
Masako the Humorless		w
Mascot Exhibition		
Mascot Interception		r
Mask of Avacyn		
Mask of Griselbrand		b
Mask of Immolation		r
Mask of Intolerance		
Mask of Law and Grace		w
Mask of Memory		
Mask of Riddles		ub
Mask of the Jadecrafter		g
Mask of the Mimic		u
Mask of the Schemer		u
Masked Admirers		g
Masked Bandits	brg	brg
Masked Blackguard		b
Masked Gorgon		b
Masked Meower		r
Masked Vandal		g
Maskwood Nexus		
Mass Appeal		u
Mass Calcify		w
Mass Diminish		u
Mass Hysteria		r
Mass Manipulation		u
Mass Mutiny		r
Mass Polymorph		u
Mass Production		w
Mass of Ghouls		b
Mass of Mysteries		wubrg
Massacre		b
Massacre Girl		b
Massacre Girl, Known Killer		b
Massacre Totem		
Massacre Wurm		b
Massive Might		g
Massive Raid		r
Master Apothecary		w
Master Biomancer		ug
Master Chef		g
Master Decoy		w
Master Healer		w
Master Pakku		u
Master Piandao		w
Master Skald		w
Master Splicer		w
Master Symmetrist		g
Master Thief		u
Master Transmuter		u
Master Trinketeer		w
Master Warcraft		wr
Master of Arms		w
Master of Ceremonies		w
Master of Cruelties		br
Master of Dark Rites	b	b
Master of Death		ub
Master of Diversion		w
Master of Etherium		u
Master of Pearls		w
Master of Predicaments		u
Master of Waves		u
Master of Winds		u
Master of the Feast		b
Master of the Hunt		g
Master of the Pearl Trident		u
Master of the Veil		u
Master of the Wild Hunt		g
Master of the Wild Hunt Avatar		g
Master the Way		ur
Master's Call		w
Master's Guidance		g
Master's Guide-Mural		wu
Master's Guide-Mural // Master's Manufactory		wu
Master's Manufactory		wu
Master's Manufactory // Master's Guide-Mural		wu
Master's Rebuke		g
Mastercraft Raptor		r
Mastercraft Raptor // Saheeli's Lattice		r
Masterful Flourish		b
Masterful Ninja		b
Masterful Replication		u
Mastermind Plum		b
Mastermind's Acquisition		b
Masterpiece Vault		
Masterwork of Ingenuity		
Mastery of the Unseen		w
Masticore		
Masumaro, First to Live		g
Matca Rioters		g
Match the Odds		g
Math is for Blockers		r
Math is for Blockers (Plane)		
Mathas, Fiend Seeker		wbr
Mathemagics		u
Mathise, Surge Channeler		u
Matopi Golem		
Matoya, Archon Elder		u
Matsu-Tribe Birdstalker		g
Matsu-Tribe Decoy		g
Matsu-Tribe Sniper		g
Matt Murdock, Justice Seeker		w
Matter Reshaper		c
Matterbending Mage		u
Matzalantli, the Great Door	wubrg	
Matzalantli, the Great Door // The Core	wubrg	
Mauhúr, Uruk-hai Captain		br
Maul Splicer		g
Maul of the Skyclaves		w
Maulfist Doorbuster		r
Maulfist Revolutionary		g
Maulfist Squad		b
Mausoleum Guard		w
Mausoleum Harpy		b
Mausoleum Secrets		b
Mausoleum Turnkey		b
Mausoleum Wanderer		u
Maverick Thopterist		ur
Mavinda, Students' Advocate		w
Mavren Fein, Dusk Apostle		w
Maw of Kozilek		rc
Maw of the Mire		b
Maw of the Obzedat		wb
Mawcor		u
Mawloc		rg
Maximize Altitude		u
Maximize Velocity		r
Maximum Carnage	r	r
Maximum Overdrive		b
Maximus, Knight Apparent		r
May Civilization Collapse		
May of the Machine		b
May the Mana Be with You		
Mayael the Anima		wrg
Mayael the Anima Avatar		
Mayael's Aria		wrg
Mayhem Devil		br
Mayhem Patrol		r
Mayor of Avabruck		g
Mayor of Avabruck // Howlpack Alpha		g
Maze Abomination		b
Maze Behemoth		g
Maze Glider		u
Maze Rusher		r
Maze Sentinel		w
Maze Skullbomb		g
Maze of Ith		
Maze of Shadows	c	
Maze's End	c	
Maze's Mantle		g
Mazemind Tome		
Mazirek, Kraul Death Priest		bg
Mazzy, Truesword Paladin		wrg
Maître Tree		g
Me, the Immortal		urg
Meadowboon		w
Meandered Towershell		g
Meandering River	wu	
Meandering Towershell		g
Meanders Guide		w
Measure of Wickedness		b
Meat Locker		u
Meat Locker // Drowned Diner		u
Meathook Massacre II		b
Mech Hangar	wubrgc	
Mechan Assembler		u
Mechan Navigator		u
Mechan Shieldmate		u
Mechanical Glider		
Mechanical Mobster		
Mechanized Ninja Cavalry		wr
Mechanized Production		u
Mechanized Warfare		r
Mechanozoa		u
Mechtitan Core		
Meddle		u
Meddling Kids		wu
Meddling Mage		wu
Meddling Youths		wr
Medicine Bag		
Medicine Runner		wg
Meditate		u
Meditation Pools	ug	
Meditation Puzzle		w
Medomai the Ageless		wu
Medomai's Prophecy		u
Medusa, Inhuman Queen		g
Meek Attack		r
Meekstone		
Meet and Greet "Sisay"		rg
Meeting of Minds		u
Meeting of the Five	wubrg	wubrg
Mega Flare		r
Megaflora Jungle		
Megantic Sliver		g
Megatherium		g
Megatog		r
Megaton's Fate		r
Megatron, Destructive Force	c	wbr
Megatron, Destructive Force // Megatron, Tyrant	c	wbr
Megatron, Tyrant	c	wbr
Megatron, Tyrant // Megatron, Destructive Force	c	wbr
Meglonoth		wrg
Megrim		b
Meishin, the Mind Cage		u
Melancholic Poet		b
Melancholy		b
Melded Moxite		r
Meldweb Curator		u
Meldweb Strider		u
Melee		r
Melek, Izzet Paragon		ur
Melek, Reforged Researcher		ur
Melesse Spirit		w
Meletis Astronomer		u
Meletis Charlatan		u
Melira's Keepers		g
Melira's Snacks		
Melira, Sylvok Outcast		g
Melira, the Living Cure		wg
Meloku the Clouded Mirror		u
Melt Terrain		r
Melt Through		r
Meltdown		r
Melting		r
Meltstrider Eulogist		g
Meltstrider's Gear		g
Meltstrider's Resolve		g
Memnarch		u
Memnarchitect		u
Memnite		
Memorial Team Leader		r
Memorial Vault		r
Memorial to Folly	b	b
Memorial to Genius	u	u
Memorial to Glory	w	w
Memorial to Unity	g	g
Memorial to War	r	r
Memoricide		b
Memories Returning		u
Memory		u
Memory // Commit		u
Memory Bank		u
Memory Crystal		
Memory Deluge		u
Memory Drain		u
Memory Erosion		u
Memory Guardian		u
Memory Jar		
Memory Lapse		u
Memory Leak		b
Memory Plunder		ub
Memory Sluice		ub
Memory Test		
Memory Theft		b
Memory Vampire		ub
Memory Vessel		r
Memory Worm		r
Memory of Toshiro	b	b
Memory of Toshiro // Life of Toshiro Umezawa	b	b
Memory's Journey		ug
Menacing Ogre		r
Menagerie Curator	wubrg	g
Menagerie Liberator		g
Mend the Wilds		wg
Mend the Wilds // Woodland Acolyte		wg
Mendicant Core, Guidelight		wu
Mending Hands		w
Mending Touch		g
Meneldor, Swift Savior		u
Meng Huo's Horde		g
Meng Huo, Barbarian King		g
Mental Agony		b
Mental Discipline		u
Mental Journey		u
Mental Misstep		u
Mental Modulation		u
Mental Note		u
Mental Vapors		b
Mentor of Evos Isle		u
Mentor of the Meek		w
Mentor's Guidance		u
Mephidross Slime		bg
Mephidross Vampire		b
Mephit's Enthusiasm		r
Mephitic Draught		b
Mephitic Ooze		b
Mephitic Vapors		b
Mer Man		u
Mer-Ek Nightblade		b
Mercadia's Downfall		r
Mercadian Atlas		
Mercadian Bazaar	r	
Mercadian Lift		
Mercenaries		w
Mercenary Informer		w
Mercenary Knight		b
Merchant Raiders		u
Merchant Scroll		u
Merchant Ship		u
Merchant of Many Hats		b
Merchant of Secrets		u
Merchant of Truth		w
Merchant of Venom		b
Merchant of the Vale		r
Merchant of the Vale // Haggle		r
Merchant's Dockhand		u
Merciless Enforcers		b
Merciless Eternal		b
Merciless Eviction		wb
Merciless Executioner		b
Merciless Harlequin		b
Merciless Javelineer		br
Merciless Predator		r
Merciless Predator // Reckless Waif		r
Merciless Repurposing		b
Merciless Resolve		b
Mercurial Chemister		ur
Mercurial Geists		ur
Mercurial Kite		u
Mercurial Pretender		u
Mercurial Spelldancer		u
Mercurial Transformation		u
Mercy Killing		wg
Meren of Clan Nel Toth		bg
Merfolk Assassin		u
Merfolk Branchwalker		g
Merfolk Cave-Diver		u
Merfolk Coralsmith		u
Merfolk Falconer		u
Merfolk Looter		u
Merfolk Mesmerist		u
Merfolk Mistbinder		ug
Merfolk Observer		u
Merfolk Pupil		u
Merfolk Raiders		u
Merfolk Seastalkers		u
Merfolk Secretkeeper		u
Merfolk Secretkeeper // Venture Deeper		u
Merfolk Seer		u
Merfolk Skydiver		ug
Merfolk Skyscout		u
Merfolk Sovereign		u
Merfolk Spy		u
Merfolk Surveyor		g
Merfolk Thaumaturgist		u
Merfolk Traders		u
Merfolk Trickster		u
Merfolk Tunnel-Guide		ug
Merfolk Wayfinder		u
Merfolk Windrobber		u
Merfolk of the Depths		ug
Merfolk of the Pearl Trident		u
Meria's Outrider		r
Meria, Scholar of Antiquity	g	rg
Meriadoc Brandybuck		g
Merieke Ri Berit		wub
Merrow Bonegnawer		b
Merrow Commerce		u
Merrow Grimeblotter		ub
Merrow Harbinger		u
Merrow Levitator		u
Merrow Reejerey		u
Merrow Skyswimmer		wu
Merrow Wavebreakers		u
Merrow Witsniper		u
Merry Bards		r
Merry, Esquire of Rohan		wr
Merry, Warden of Isengard		wg
Merry-Go-Round		
Merseine		u
Mesa Cavalier		w
Mesa Chicken		w
Mesa Enchantress		w
Mesa Falcon		w
Mesa Lynx		w
Mesa Pegasus		w
Mesa Unicorn		w
Mesmeric Fiend		b
Mesmeric Glare		u
Mesmeric Glare // Hypnotic Sprite		u
Mesmeric Orb		
Mesmeric Sliver		u
Mesmeric Trance		u
Mesmerizing Benthid		u
Mesmerizing Dose		u
Messenger Drake		u
Messenger Falcons		wug
Messenger Hawk		ub
Messenger Jays		u
Messenger's Speed		r
Metagamer		w
Metal Fatigue		w
Metalhead		ur
Metallic Mastery		r
Metallic Mimic		
Metallic Rebuke		u
Metallic Sliver		
Metallurgeon		w
Metallurgic Summonings		u
Metalspinner's Puzzleknot		b
Metalwork Colossus		
Metalworker	c	
Metamorphic Alteration		u
Metamorphic Blast		u
Metamorphic Wurm		g
Metamorphose		u
Metamorphosis	wubrg	g
Metamorphosis Fanatic		b
Metastatic Evangel		w
Metathran Aerostat		u
Metathran Elite		u
Metathran Soldier		u
Metathran Transport		u
Metathran Zombie		ub
Meteor Blast		r
Meteor Crater		
Meteor Golem		
Meteor Shower		r
Meteor Storm		rg
Meteor Swarm		r
Meteor Sword		
Meteoric Mace		r
Meteorite	wubrg	
Methods of the Mighty		w
Meticulous Archive	wu	
Meticulous Artisan		r
Meticulous Excavation		w
Metrognome		
Metropolis Angel		wu
Metropolis Reformer		w
Metropolis Sprite		u
Metzali, Tower of Triumph	wubrg	wr
Metzali, Tower of Triumph // Path of Mettle	wubrg	wr
Mezzio Mugger		r
Miara, Thorn of the Glade		b
Miasma Demon		b
Miasmic Mummy		b
Mica, Reader of Ruins		r
Michelangelo's Technique		g
Michelangelo, Game Master		g
Michelangelo, Improviser		g
Michelangelo, Mutant BFF		g
Michelangelo, On the Scene		g
Michelangelo, Weirdness to 11		g
Michelangelo, the Heart		g
Michiko Konda, Truth Seeker		w
Michiko's Reign of Truth		w
Michiko's Reign of Truth // Portrait of Michiko		w
Micromancer		u
Microscope		
Midgar, City of Mako	b	b
Midgar, City of Mako // Reactor Raid	b	b
Midlife Upgrade		w
Midnight Angel Armor		w
Midnight Arsonist		r
Midnight Assassin		b
Midnight Banshee		b
Midnight Charm		b
Midnight Clock	u	u
Midnight Covenant		b
Midnight Crusader Shuttle		
Midnight Duelist		w
Midnight Entourage		b
Midnight Guard		w
Midnight Haunting		w
Midnight Mangler		u
Midnight Mayhem		wr
Midnight Oil		b
Midnight Pathlighter		wu
Midnight Reaper		b
Midnight Recovery		b
Midnight Ritual		b
Midnight Scavengers		b
Midnight Scavengers // Chittering Host		b
Midnight Snack		b
Midnight Tilling		g
Midsummer Revel		g
Midvast Protector		w
Might Beyond Reason		g
Might Makes Right		r
Might Sliver		g
Might Weaver		g
Might of Alara		g
Might of Murasa		g
Might of Oaks		g
Might of Old Krosa		g
Might of the Ancestors		w
Might of the Masses		g
Might of the Meek		r
Might of the Nephilim		g
Might of the Old Ways		g
Mightform Harmonizer		g
Mightstone		
Mightstone's Animation		u
Mighty Emergence		g
Mighty Leap		w
Mighty Mutanimals		w
Mighty Servant of Leuk-o		
Migloz, Maze Crusher		rg
Migrating Ketradon		g
Migration Path		g
Migratory Greathorn		g
Migratory Route		wu
Miirym, Sentinel Wyrm		urg
Mijae Djinn		r
Mijo, the Bull		r
Mikaeus, the Lunarch		w
Mikaeus, the Unhallowed		b
Mikey // Don, Party Planners		ug
Mikey // Leo, Chaos // Order		wg
Mikey // Mona, Mutant Sitters		g
Mikokoro, Center of the Sea	c	
Mila, Crafty Companion		wr
Mila, Crafty Companion // Lukka, Wayward Bonder		wr
Mild-Mannered Librarian		g
Miles "Tails" Prower		wu
Miles Morales		wrg
Miles Morales // Ultimate Spider-Man		wrg
Militant Angel		w
Militant Inquisitor		w
Militant Monk		w
Military Discipline		w
Military Intelligence		u
Militia Bugler		w
Militia Rallier		w
Militia's Pride		w
Millennial Gargoyle		
Millicent, Restless Revenant		wu
Millikin	c	
Millstone		
Mimeofacture		u
Mimeoplasm, Revered One		ubg
Mimic	wubrg	
Mimic Vat		
Miming Slime		g
Mina and Denn, Wildborn		rg
Minamo		
Minamo Scrollkeeper		u
Minamo Sightbender		u
Minamo's Meddling		u
Minamo, School at Water's Edge	u	u
Minas Morgul, Dark Fortress	b	b
Minas Tirith	w	w
Minas Tirith Garrison		u
Mind		ug
Mind // Spring		ug
Mind Bend		u
Mind Bomb		u
Mind Burst		b
Mind Carver		b
Mind Control		u
Mind Drain		b
Mind Drill Assailant		ub
Mind Extraction		b
Mind Flayer		u
Mind Funeral		ub
Mind Games		u
Mind Grind		ub
Mind Harness		u
Mind Knives		b
Mind Maggots		b
Mind Over Matter		u
Mind Peel		b
Mind Rake		b
Mind Raker		b
Mind Ravel		b
Mind Roots		bg
Mind Rot		b
Mind Sculpt		u
Mind Shatter		b
Mind Slash		b
Mind Sludge		b
Mind Spike		b
Mind Spiral		u
Mind Spring		u
Mind Stone	c	
Mind Swords		b
Mind Transfer Protocol		u
Mind Twist		b
Mind Unbound		u
Mind Warp		b
Mind Whip		b
Mind into Matter		ug
Mind's Desire		u
Mind's Dilation		u
Mind's Eye		
Mindbender Spores		g
Mindblade Render		b
Mindblaze		r
Mindbreak Trap		u
Mindclaw Shaman		r
Mindcrank		
Mindculling		u
Mindeye Drake		u
Mindful Biomancer		g
Mindlash Sliver		b
Mindleech Ghoul		b
Mindleech Mass		ub
Mindleecher		b
Mindless Automaton		
Mindless Conscription		b
Mindless Null		b
Mindlink Mech		u
Mindlock Orb		u
Mindmelter		ubc
Mindmoil		r
Mindreaver		u
Minds Aglow		u
Mindscour Dragon		u
Mindshrieker		u
Mindslaver		
Mindslaver Toolkit		
Mindslicer		b
Mindsparker		r
Mindsplice Apparatus		u
Mindspring Merfolk		u
Mindstab		b
Mindstab Thrull		b
Mindstatic		u
Mindstorm Crown		
Mindswipe		ur
Mindwarper		b
Mindwhip Sliver		b
Mindwhisker		u
Mindwrack Demon		b
Mindwrack Harpy		b
Mindwrack Liege		ur
Mine Bearer		w
Mine Collapse		r
Mine Excavation		w
Mine Is the Only Truth		
Mine Layer		r
Mine Raider		r
Mine Security		r
Mine Worker		
Mine, Mine, Mine!		g
Minecart Daredevil		r
Minecart Daredevil // Ride the Rails		r
Miner's Bane		r
Miner's Guidewing		w
Mines of Moria	r	r
Mineshaft Spider		g
Minimus Containment	wubrg	w
Minion Missile		b
Minion Reflector		
Minion of Leshrac		b
Minion of Tevesh Szat		b
Minion of the Mighty		r
Minion of the Wastes		b
Minion's Return		b
Minions' Murmurs		b
Minister of Impediments		wu
Minister of Inquiries		u
Minister of Pain		b
Ministrant of Obligation		w
Minn, Wily Illusionist		u
Minnea, Planar Tourist		wubrg
Minor Misstep		u
Minotaur Abomination		b
Minotaur Aggressor		r
Minotaur Explorer		r
Minotaur Illusionist		ur
Minotaur Skullcleaver		r
Minotaur Sureshot		r
Minotaur Tactician		r
Minotaur Warrior		r
Minotaur de Force		r
Minotaur, Roxxon CEO		b
Minsc // Boo, Timeless Heroes		rg
Minsc, Beloved Ranger		wrg
Minthara of the Absolute		wb
Minthara, Merciless Soul		wb
Mintstrosity		b
Minwu, White Mage		w
Miracle Worker		w
Miraculous Recovery		w
Mirage Mesa		
Mirage Mirror		
Mirage Mockery		u
Mirage Phalanx		r
Mirari		
Mirari's Wake	wubrg	wg
Mire Blight		b
Mire Boa		g
Mire Kavu		r
Mire Shade		b
Mire Triton		b
Mire in Misery		b
Mire's Grasp		b
Mire's Malice		b
Mire's Toll		b
Mirelurk Queen		u
Miren, the Moaning Well	c	
Miriam, Herd Whisperer		wg
Mirko Vosk, Mind Drinker		ub
Mirko, Obsessive Theorist		ub
Mirkwood Bats		b
Mirkwood Channeler		g
Mirkwood Elk		g
Mirkwood Spider		g
Mirkwood Trapper		ug
Mirozel		u
Mirran Banesplitter		r
Mirran Bardiche		w
Mirran Crusader		w
Mirran Mettle		g
Mirran Safehouse		
Mirran Spy		u
Mirrex	wubrgc	
Mirri		
Mirri the Cursed		b
Mirri the Cursed Avatar		
Mirri's Guile		g
Mirri, Cat Warrior		g
Mirri, Weatherlight Duelist		wg
Mirrodin Avenged		b
Mirrodin Besieged		u
Mirrodin's Core	wubrgc	
Mirror Box		
Mirror Entity		w
Mirror Entity Avatar		
Mirror Gallery		
Mirror Golem		
Mirror Image		u
Mirror March		r
Mirror Match		u
Mirror Mirror		
Mirror Mockery		u
Mirror Room		u
Mirror Room // Fractured Realm		u
Mirror Sheen		ur
Mirror Shield		
Mirror Strike		w
Mirror Universe		
Mirror Wall		wu
Mirror of Fate		
Mirror of Galadriel		
Mirror of Life Trapping		
Mirror of the Forebears		
Mirror-Mad Phantasm		u
Mirror-Shield Hoplite		wr
Mirror-Sigil Sergeant		w
Mirror-Style Master		r
Mirrored Depths		
Mirrored Lotus	wubrg	
Mirrorform		u
Mirrorhall Mimic		u
Mirrorhall Mimic // Ghastly Mimicry		u
Mirrormade		u
Mirrormere Guardian		g
Mirrormind Crown		
Mirrorpool	c	c
Mirrorshell Crab		u
Mirrorweave		wu
Mirrorwing Dragon		r
Mirrorwood Treefolk		wrg
Mirrorworks		
Miscalculation		u
Miscast		u
Mischief and Mayhem		g
Mischievous Catgeist		u
Mischievous Catgeist // Catlike Curiosity		u
Mischievous Chimera		ur
Mischievous Lookout		wb
Mischievous Mystic		u
Mischievous Poltergeist		b
Mischievous Pup		w
Mischievous Quanar		u
Mischievous Sneakling		ub
Misdirection		u
Mise		u
Misers' Cage		
Misery Charm		b
Misery's Shadow		b
Misfortune		brg
Misfortune Teller		b
Misfortune's Gain		w
Misguided Rage		r
Mishra		
Mishra's Bauble		
Mishra's Command		r
Mishra's Domination		r
Mishra's Factory	c	
Mishra's Foundry	c	
Mishra's Groundbreaker		
Mishra's Helix		
Mishra's Juggernaut		r
Mishra's Onslaught		r
Mishra's Research Desk		r
Mishra's Self-Replicator		
Mishra's Toy Workshop	c	
Mishra's War Machine		
Mishra's Workshop	c	
Mishra, Artificer Prodigy		ubr
Mishra, Claimed by Gix		br
Mishra, Claimed by Gix // Mishra, Lost to Phyrexia		br
Mishra, Eminent One		ubr
Mishra, Excavation Prodigy	r	r
Mishra, Lost to Phyrexia		br
Mishra, Lost to Phyrexia // Mishra, Claimed by Gix		br
Mishra, Lost to Phyrexia // Phyrexian Dragon Engine		r
Mishra, Tamer of Mak Fawa		br
Misinformation		b
Misleading Motes		u
Misleading Signpost	u	u
Miss Demeanor		w
Misshapen Fiend		b
Mission Briefing		u
Misstep		u
Missy		ubr
Mist Dancer		u
Mist Dragon		u
Mist Intruder		u
Mist Leopard		g
Mist Raven		u
Mist of Stagnation		u
Mist-Cloaked Herald		u
Mist-Syndicate Naga		u
Mistakes Were Made		g
Mistbind Clique		u
Mistblade Shinobi		u
Mistbreath Elder		g
Mistcaller		u
Mistcutter Hydra		g
Mister Cheddar, Cheese Sliver		b
Mister Fantastic		wurg
Mister Fantastic, Reed Richards		u
Mister Gutsy		
Mister Hyde, Monster Within		g
Mister Immortal		g
Mister Negative		wb
Mistfire Adept		u
Mistfire Weaver		u
Mistfolk		u
Mistford River Turtle		u
Mistform Dreamer		u
Mistform Mask		u
Mistform Mutant		u
Mistform Seaswift		u
Mistform Shrieker		u
Mistform Skyreaver		u
Mistform Sliver		u
Mistform Stalker		u
Mistform Ultimus		u
Mistform Wakecaster		u
Mistform Wall		u
Mistform Warchief		u
Mistgate Pathway	wu	
Mistgate Pathway // Hengegate Pathway	wu	
Misthios's Fury		r
Misthollow Griffin		u
Misthoof Kirin		w
Mistmeadow Council		g
Mistmeadow Skulk		w
Mistmeadow Vanisher		wu
Mistmeadow Witch		wu
Mistmoon Griffin		w
Mistral Charger		w
Mistral Singer		u
Mistrise Village	u	u
Mists of Littjara		u
Mists of Lórien		u
Mistvault Bridge	ub	
Mistveil Plains	w	w
Mistvein Borderpost	ub	ub
Mistwalker		u
Mistway Spy		u
Misty Knight, Hero for Hire		r
Misty Palms Oasis	wb	
Misty Rainforest		
Misty Salon	r	ur
Misty Salon // Smoky Lounge	r	ur
Misunderstood Trapeze Elf		
Mite Overseer		w
Mithril Coat		
Mitotic Manipulation		u
Mitotic Slime		g
Mitotic Ultimus		g
Mizzium Meddler		u
Mizzium Mortars		r
Mizzium Skin		u
Mizzium Tank		r
Mizzium Transreliquat		ur
Mizzix of the Izmagnus		ur
Mizzix's Mastery		r
Mizzix, Replica Rider		ur
Mjölnir's Might		r
Mjölnir, Hammer of Thor		r
Mjölnir, Storm Hammer		
Mm'menon, Uthros Exile		ur
Mm'menon, the Right Hand	u	u
Mnemonic Betrayal		ub
Mnemonic Deluge		u
Mnemonic Nexus		u
Mnemonic Sliver		u
Mnemonic Sphere		u
Mnemonic Wall		u
Moan of the Unhallowed		b
Moaning Spirit		b
Moaning Wall		b
Moat		w
Moat Piranhas		u
Mob		b
Mob Justice		r
Mob Lookout		ub
Mob Mentality		r
Mob Rule		r
Mob Verdict		r
Mobile Clone		u
Mobile Fort		
Mobile Garrison		
Mobile Homestead		
Mobilization		w
Mobilize		g
Mobilized District	c	
Mobilizer Mech		u
Mockery of Nature		g
Mocking Doppelganger		u
Mocking Sprite		u
Mockingbird		u
Mockingbird, Ace Agent		w
Mockingbird, Bobbi Morse		w
Model of Unity	wubrg	
Moderation		wu
Modify Memory		u
Modular Monstrosity		
Mog, Moogle Warrior		wr
Mogg Alarm		r
Mogg Assassin		r
Mogg Bombers		r
Mogg Cannon		
Mogg Conscripts		r
Mogg Fanatic		r
Mogg Flunkies		r
Mogg Hollows	rgc	
Mogg Infestation		r
Mogg Jailer		r
Mogg Maniac		r
Mogg Mob		r
Mogg Raider		r
Mogg Salvage		r
Mogg Sentry		r
Mogg Squad		r
Mogg Toady		r
Mogg War Marshal		r
Moggcatcher		r
Mogis's Favor		b
Mogis's Marauder		b
Mogis's Warhound		r
Mogis, God of Slaughter		br
Moira Brown, Guide Author		wr
Moira and Teshar		wb
Moira, Urborg Haunt		b
Mojave Desert		
Moku, Meandering Drummer		r
Mold Adder		g
Mold Demon		b
Mold Folk		b
Mold Shambler		g
Molder		g
Molder Beast		g
Molder Slug		g
Molderhulk		bg
Moldering Gym		g
Moldering Gym // Weight Room		g
Moldering Karok		bg
Moldervine Cloak		g
Moldervine Reclamation		bg
Moldgraf Millipede		g
Moldgraf Monstrosity		g
Moldgraf Scavenger		g
Mole Man, Moloid Master		g
Mole Module		
Mole Worms		b
Molecular Modifier		r
Molecule Man		
Molimo, Maro-Sorcerer		g
Molly Hayes, Runaway		r
Molt Tender	wubrg	g
Molten Birth		r
Molten Blast		r
Molten Collapse		br
Molten Disaster		r
Molten Duplication		r
Molten Echoes		r
Molten Exhale		r
Molten Firebird		r
Molten Frame		r
Molten Gatekeeper		r
Molten Hydra		r
Molten Impact		r
Molten Influence		r
Molten Lavamancer		r
Molten Man, Inferno Incarnate		r
Molten Monstrosity		r
Molten Note		wr
Molten Nursery		r
Molten Primordial		r
Molten Psyche		r
Molten Rain		r
Molten Ravager		r
Molten Rebuke		r
Molten Sentry		r
Molten Slagheap	brc	
Molten Tributary	ur	
Molten Vortex		r
Molten-Core Maestro	r	r
Molten-Tail Masticore		
Moltensteel Dragon		r
Molting Harpy		b
Molting Skin		g
Molting Snakeskin		b
Moment of Craving		b
Moment of Defiance		b
Moment of Heroism		w
Moment of Reckoning		wb
Moment of Silence		w
Moment of Triumph		w
Moment of Truth		u
Moment of Valor		w
Moment's Peace		g
Momentary Blink		wu
Momentous Fall		g
Momentum		g
Momentum Breaker		b
Momentum Rumbler		r
Momir Vig, Simic Visionary		ug
Momir Vig, Simic Visionary Avatar		
Momo's Heist		r
Momo, Friendly Flier		w
Momo, Playful Pet		w
Momo, Rambunctious Rascal		w
Mona Lisa, Ever Adaptable		g
Mona Lisa, Science Geek	wubrg	g
Monastery Flock		u
Monastery Loremaster		u
Monastery Mentor		w
Monastery Messenger		wur
Monastery Raid		r
Monastery Siege		u
Monastery Swiftspear		r
Mondassian Colony Ship		
Mondo Gecko		u
Mondrak, Glory Dominus		w
Mondronen Shaman		r
Mondronen Shaman // Tovolar's Magehunter		r
Monet, Sensei of the Sewers		bg
Mongoose Lizard		r
Mongrel Pack		g
Monica Rambeau		wr
Monica Rambeau // Photon, Living Light		wr
Moniker Mage		u
Monitor Monitor		u
Monk Class		wu
Monk Gyatso		w
Monk Idealist		w
Monk Realist		w
Monk of the Open Hand		w
Monk's Fist		
Monkey Cage		
Monkey Monkey Monkey		g
Monkey-		g
Monoist Circuit-Feeder		b
Monoist Gravliner		b
Monoist Sentry		b
Monologue Tax		w
Monomania		b
Monoskelion		
Monoxa, Midway Manager		br
Mons's Goblin Raiders		r
Mons's Goblin Waiters	r	r
Monsoon		rg
Monster Manual		g
Monster Manual // Zoological Study		g
Monster Mash-Up		b
Monster Mashup		r
Monstrify		g
Monstrosity of the Lake		u
Monstrous Carabid		br
Monstrous Emergence		g
Monstrous Growth		g
Monstrous Hound		r
Monstrous Onslaught		g
Monstrous Rage		r
Monstrous Step		g
Monstrous Vortex		g
Monstrous War-Leech		ub
Monument to Endurance		
Monument to Perfection		
Monumental Corruption		b
Monumental Henge	w	w
Moodmark Painter		b
Moogles' Valor		w
Moon Girl and Devil Dinosaur		ug
Moon Heron		u
Moon Sprite		g
Moon-Blessed Cleric		w
Moon-Boy, Dino Rider		g
Moon-Circuit Hacker		u
Moon-Eating Dog		u
Moon-Vigil Adherents		g
Moonblade Shinobi		u
Moonbow Illusionist		u
Moonfolk Puzzlemaker		u
Moonglove Changeling		b
Moonglove Extract		
Moonglove Extractor		b
Moonglove Winnower		b
Moonhold		wr
Moonlace		u
Moonlight Bargain		b
Moonlight Geist		w
Moonlight Hunt		g
Moonlit Ambusher		g
Moonlit Ambusher // Oakshade Stalker		g
Moonlit Lamenter		w
Moonlit Meditation		u
Moonlit Scavengers		u
Moonlit Strider		w
Moonlit Wake		w
Moonmist		g
Moonrage Brute		w
Moonrage Brute // Brutal Cathar		w
Moonrager's Slash		r
Moonring Island	u	u
Moonring Mirror		
Moonrise Cleric		wb
Moonrise Intruder		r
Moonrise Intruder // Village Messenger		r
Moonscarred Werewolf	g	g
Moonscarred Werewolf // Scorned Villager	g	g
Moonshadow		b
Moonshae Pixie		u
Moonshae Pixie // Pixie Dust		u
Moonshaker Cavalry		w
Moonsilver Key		
Moonsilver Spear		
Moonsnare Prototype	c	u
Moonsnare Specialist		u
Moonstone Eulogist		b
Moonstone Harbinger		b
Moonstone, Harsh Mistress		b
Moonveil Dragon		r
Moonveil Regent		r
Moonwing Moth		w
Moor Fiend		b
Moorish Cavalry		w
Moorland Drifter		w
Moorland Haunt	c	wu
Moorland Inquisitor		w
Moorland Rescuer		w
Moradin's Disciples		w
Morale		w
Morality Shift		b
Moratorium Stone		wb
Moraug, Fury of Akoum		r
Morbid Bloom		bg
Morbid Curiosity		b
Morbid Hunger		b
Morbid Opportunist		b
Morbid Plunder		b
Morbius the Living Vampire		ub
Morcant's Eyes		g
Morcant's Loyalist		bg
Mordant Dragon		r
Mordenkainen		u
Mordenkainen's Polymorph		u
Mordor Muster		b
Mordor Trebuchet		b
Mordor on the March		br
More of That Strange Oil...		u
More or Less		u
Morgue Burst		br
Morgue Theft		b
Morgue Thrull		b
Morgue Toad	ur	b
Morgul-Knife Wound		b
Moria Marauder		r
Moria Scavenger		br
Morinfen		b
Morinfen Avatar		
Moriok Reaver		b
Moriok Replica		b
Moriok Rigger		b
Moriok Scavenger		b
Moritte of the Frost		ug
Morkrut Banshee		b
Morkrut Behemoth		b
Morkrut Necropod		b
Morlun, Devourer of Spiders		b
Morning Apparition		w
Morning Apparition // Mourning Patrol		w
Morningtide		w
Morningtide's Light		w
Mornsong Aria		b
Moroii		ub
Morophon, the Boundless		wubrg
Morphic Pool	ub	
Morphic Tide		
Morphling		u
Morsel Theft		b
Morselhoarder	wubrg	rg
Morska, Undersea Sleuth		wug
Mortal Combat		b
Mortal Flesh Is Weak		
Mortal Obstinacy		w
Mortal Wound		g
Mortal's Ardor		w
Mortal's Resolve		g
Mortality Spear		bg
Mortarion, Daemon Primarch		b
Mortarpod		
Mortician Beetle		b
Mortify		wb
Mortipede		bg
Mortiphobia		b
Mortis Dogs		b
Mortivore		b
Mortuary		b
Mortuary Mire	b	
Mortus Strider		ub
Moseo, Vein's New Dean		b
Mosquito Guard		w
Moss Diamond	g	
Moss Kami		g
Moss Monster		g
Moss Viper		g
Moss-Pit Skeleton		bg
Mossbeard Ancient		g
Mossborn Hydra		g
Mossbridge Troll		g
Mosscoat Goriak		g
Mossdog		g
Mossfire Egg	rg	
Mossfire Valley	rg	
Mosstodon		g
Mosswood Dreadknight		bg
Mosswood Dreadknight // Dread Whispers		bg
Mosswort Bridge	g	g
Most Valuable Slayer		r
Most Wanted		g
Moth Herb Elixir		
Mothdust Changeling		u
Mother Bear		g
Mother Kangaroo		g
Mother of Goons		b
Mother of Runes		w
Mothers Yamazaki		wr
Mothlight Processionist		w
Mothrider Cavalry		w
Mothrider Patrol		w
Mothrider Samurai		w
Motion Sickness		u
Motivated Muralist		r
Motivated Pony		g
Mount Doom	br	br
Mount Keralia		
Mount Velus Manticore		r
Mountain	r	
Mountain Bandit		r
Mountain Goat		r
Mountain Mover		r
Mountain Stronghold		
Mountain Titan		br
Mountain Valley		
Mountain Yeti		r
Mounted Archers		w
Mounted Dreadknight		r
Mourner's Shield		
Mourner's Surprise		b
Mournful Zombie		wb
Mourning		b
Mourning Patrol		w
Mourning Patrol // Morning Apparition		w
Mourning Thrull		wb
Mournwhelk		b
Mournwillow		bg
Mouse Trapper		w
Mouser Attack!		r
Mouser Foundry		r
Mouser Mark III		ur
Mouth		g
Mouth // Feed		g
Mouth of Ronom	c	
Mouth of the Storm		u
Mouth to Mouth		u
Mowu, Loyal Companion		g
Mox Amber	wubrg	
Mox Diamond	wubrg	
Mox Emerald	g	
Mox Jasper	wubrg	
Mox Jet	b	
Mox Lotus	wubrg	
Mox Opal	wubrg	
Mox Pearl	w	
Mox Poison	wubrg	
Mox Ruby	r	
Mox Sapphire	u	
Mox Tantalite	wubrg	
Moxite Refinery		
Mr. Foxglove		wug
Mr. House, President and CEO		wbr
Mr. Monopoly, On the Go		r
Mr. Orfeo, the Boulder		brg
Mr. Wiggles, Helpful Butterfly		g
Ms. Bumbleflower		wug
Ms. Marvel, Elastic Ally		wg
Ms. Marvel, Kamala Khan		u
Mtenda Griffin		w
Mtenda Herder		w
Mtenda Lion		ug
Mu Yanling		u
Mu Yanling, Celestial Wind		u
Mu Yanling, Sky Dancer		u
Mu Yanling, Wind Rider		u
Muck Drubb		b
Muck Rats		b
Mudbrawler Cohort		r
Mudbrawler Raiders		rg
Mudbutton Clanger		r
Mudbutton Cursetosser		b
Mudbutton Torchrunner		r
Muddle the Mixture		u
Muddle, the Ever-Changing		ur
Mudflat Village	bc	b
Mudhole		r
Mudslide		r
Muerra, Trash Tactician	rg	rg
Mugging		r
Mukotai Ambusher		b
Mukotai Soulripper		b
Mul Daya Channelers	wubrg	g
Mulch		g
Muldrotha, the Gravetide		ubg
Mulldrifter		u
Multani		
Multani's Acolyte		g
Multani's Decree		g
Multani's Harmony	wubrg	g
Multani's Presence		g
Multani, Maro-Sorcerer		g
Multani, Yavimaya's Avatar		g
Multi-Headed		g
Multiclass Baldric		
Multiform Wonder		
Multiple Choice		u
Multiversal High Council		
Multiversal Incursion		u
Multiversal Passage		
Multiversal Recruitment		u
Mummy Paramount		w
Munda's Vanguard		w
Munda, Ambush Leader		wr
Mundungu		ub
Mungha Wurm		g
Munitions Enthusiast		r
Munitions Expert		br
Muraganda Eldrazi		w
Muraganda Petroglyphs		g
Muraganda Raceway	c	
Murasa		
Murasa Behemoth		g
Murasa Brute		g
Murasa Pyromancer		r
Murasa Ranger		g
Murasa Rootgrazer		wg
Murasa Sproutling		g
Murder		b
Murder Investigation		w
Murder of Crows		u
Murderer's Axe		
Murderous Betrayal		b
Murderous Compulsion		b
Murderous Cut		b
Murderous Redcap		br
Murderous Redcap Avatar		
Murderous Rider		b
Murderous Rider // Swift End		b
Murderous Spoils		b
Murdock's Crusade		w
Murgish Cemetery		b
Murk Dwellers		b
Murk Strider		u
Murkfiend Liege		ug
Murktide Regent		u
Murkwater Pathway	ub	
Murkwater Pathway // Clearwater Pathway	ub	
Murky Sewer	ub	
Murmuration		w
Murmuring Bosk	wbg	
Murmuring Mystic		u
Murmuring Phantasm		u
Murmurs from Beyond		u
Muscle Burst		g
Muscle Sliver		g
Muse Drake		u
Muse Seeker		u
Muse Vessel		
Muse Vortex		u
Muse's Encouragement		u
Museum Nightwatch		w
Mushroom Watchdogs		g
Musician		u
Must Be Knights		r
Muster the Departed		w
Mutable Explorer		g
Mutable Pupa		g
Mutagen Connoisseur		ug
Mutagen Man, Living Ooze		g
Mutagenic Growth		g
Mutalith Vortex Beast		ur
Mutant Chain Reaction		g
Mutant Surveyor		b
Mutant Town	ug	
Mutant Town Musicians		r
Mutant's Prey		g
Mutated Cultist		b
Mutational Advantage		ug
Mutavault	c	
Mutilate		b
Mutinous Massacre		br
Mutiny		r
Mutual Destruction		b
Mutual Epiphany		
Muxus, Goblin Grandee		r
Muzzio's Preparations		
Muzzio, Visionary Architect		u
Muzzle		w
Mwonvuli Acid-Moss		g
Mwonvuli Beast Tracker		g
Mwonvuli Ooze		g
My Champion Stands Supreme		
My Crushing Masterstroke		
My Deck is About a Seven		r
My First Tome		
My Followers Ascend		
My Forces Are Innumerable		
My Genius Knows No Bounds		
My Laughter Echoes		
My Precious		b
My Precious // Allure of Power		b
My Tendrils Run Deep		
My Undead Horde Awakens		
My Wealth Will Bury You		
My Will Is Irresistible		
My Wings Enfold All		
My Wish Is Your Command		
Mycelic Ballad		b
Mycoid Maze	g	g
Mycoid Maze // Twists and Turns	g	g
Mycoid Resurrection		bg
Mycoid Shepherd		wg
Mycologist		w
Mycoloth		g
Myconid Spore Tender		g
Mycosynth Fiend		g
Mycosynth Golem		
Mycosynth Lattice		
Mycosynth Wellspring		
Mycosynthwave		
Myntasha, Honored One		g
Myojin of Blooming Dawn		w
Myojin of Cleansing Fire		w
Myojin of Cryptic Dreams		u
Myojin of Grim Betrayal		b
Myojin of Infinite Rage		r
Myojin of Life's Web		g
Myojin of Night's Reach		b
Myojin of Night's Reach and Grim Betrayal		b
Myojin of Roaring Blades		r
Myojin of Seeing Winds		u
Myojin of Towering Might		g
Myr Adapter		
Myr Battlesphere		
Myr Convert	wubrg	
Myr Custodian		
Myr Enforcer		
Myr Galvanizer		
Myr Incubator		
Myr Kinsmith		
Myr Landshaper		
Myr Matrix		
Myr Mindservant		
Myr Moonvessel	c	
Myr Propagator		
Myr Prototype		
Myr Quadropod		
Myr Reservoir	c	
Myr Retriever		
Myr Scrapling		
Myr Servitor		
Myr Sire		
Myr Superion		
Myr Turbine		
Myr Welder		
Myra the Magnificent		ur
Myrel, Shield of Argive		w
Myriad Construct		
Myriad Landscape	c	
Myrkul's Edict		b
Myrkul's Invoker		b
Myrkul, Lord of Bones		wbg
Myrsmith		w
Mysidian Elder		r
Mysteries of the Deep		u
Mysterio's Mirage		u
Mysterio's Phantasm		u
Mysterio, Master of Illusion		u
Mysterious Confluence		
Mysterious Egg		
Mysterious Limousine		w
Mysterious Pathlighter		w
Mysterious Stranger		r
Mysterious Tome		u
Mysterious Tome // Chilling Chronicle		u
Mystery Key		u
Mystic Archaeologist		u
Mystic Barrier		w
Mystic Compass		
Mystic Confluence		u
Mystic Crusader		w
Mystic Decree		u
Mystic Denial		u
Mystic Doom Sandwich		
Mystic Enforcer		wg
Mystic Familiar		w
Mystic Forge		
Mystic Gate	wuc	wu
Mystic Genesis		ug
Mystic Meditation		u
Mystic Melting		g
Mystic Might		u
Mystic Monastery	wur	
Mystic Monstrosity	wubrg	
Mystic Monstrosity // Mystic Skull	wubrg	
Mystic Peak	r	r
Mystic Peak // Pinnacle Monk	r	r
Mystic Penitent		w
Mystic Redaction		u
Mystic Reflection		u
Mystic Remora		u
Mystic Repeal		g
Mystic Restraints		u
Mystic Retrieval		ur
Mystic Sanctuary	u	
Mystic Skull	wubrg	
Mystic Skull // Mystic Monstrosity	wubrg	
Mystic Skyfish		u
Mystic Snake		ug
Mystic Speculation		u
Mystic Subdual		u
Mystic Veil		u
Mystic Visionary		w
Mystic Zealot		w
Mystic of the Hidden Way		u
Mystical Dispute		u
Mystical Teachings		ub
Mystical Tether		w
Mystical Tutor		u
Mystifying Maze	c	
Myth Realized		w
Myth Unbound		g
Mythic Proportions		g
Mythos of Brokkos		ubg
Mythos of Illuna		urg
Mythos of Nethroi		wbg
Mythos of Snapdax		wbr
Mythos of Vadrok		wur
Mythweaver Poq		g
Mzed, Mercenary Leader		r
Márton Stromgald		r
N'Yami-Class Mother Ship		
Naar Isle		
Naban, Dean of Iteration		u
Nacatl Hunt-Pride		wrg
Nacatl Outlander		rg
Nacatl Savage		g
Nacatl War-Pride		g
Nacre Talisman		
Nadaar, Selfless Paladin		w
Nadier's Nightblade		b
Nadier, Agent of the Duskenel		b
Nadir Kraken		u
Nadu, Winged Wisdom		ug
Nael, Avizoa Aeronaut		ug
Nafs Asp		g
Naga Eternal		u
Naga Fleshcrafter		u
Naga Oracle		u
Naga Vitalist	wubrg	g
Nagao, Bound by Honor		w
Nagging Thoughts		u
Nah Yeah		u
Nah Yeah // Yeah Nah		u
Nahiri's Binding		w
Nahiri's Lithoforming		r
Nahiri's Machinations		wr
Nahiri's Resolve		wr
Nahiri's Sacrifice		r
Nahiri's Stoneblades		r
Nahiri's Warcrafting		r
Nahiri's Wrath		r
Nahiri, Forged in Fury		wr
Nahiri, Heir of the Ancients		wr
Nahiri, Storm of Stone		wr
Nahiri, the Harbinger		wr
Nahiri, the Lithomancer		w
Nahiri, the Unforgiving		wr
Naiad of Hidden Coves		u
Najal, the Storm Runner		ur
Najeela, the Blade-Blossom		wubrg
Nakaya Shade		b
Naked Singularity		wubrg
Nakia, Wakandan Operative		g
Naktamun		
Naktamun Lorespinner		r
Naktamun Lorespinner // Wheel of Fortune		r
Naktamun Shines Again		w
Nalathni Dragon		r
Nalfeshnee		r
Nalia de'Arnise		wb
Namazu Trader		b
Name Dropping		g
Nameless Conqueror		r
Nameless Conqueror // The Shattered States Era		r
Nameless Inversion		b
Nameless One		u
Nameless Race		b
Naming Screen		w
Namor the Sub-Mariner		u
Namor, Atlantean King		wu
Namor, Scourge of the Seas		u
Namora, the Sea Queen		u
Nanoform Sentinel		u
Nanogene Conversion		u
Nantuko Blightcutter		g
Nantuko Calmer		g
Nantuko Cultivator		g
Nantuko Disciple		g
Nantuko Elder	gc	g
Nantuko Husk		b
Nantuko Mentor		g
Nantuko Monastery	c	wg
Nantuko Shade		b
Nantuko Shaman		g
Nantuko Shrine		g
Nantuko Slicer		bg
Nantuko Tracer		g
Nantuko Vigilante		g
Naomi, Pillar of Order		wb
Narci, Fable Singer		wbg
Narcissism		g
Narcolepsy		u
Narcomoeba		u
Nardole, Resourceful Cyborg	u	u
Narfi, Betrayer King		ub
Narnam Cobra		g
Narnam Renegade		g
Narod, the Beige Flower		wub
Narrow Escape		w
Narrow-Minded Baloney Fireworks		
Narset Transcendent		wu
Narset of the Ancient Way	wur	wur
Narset's Rebuke	wur	r
Narset's Reversal		u
Narset, Enlightened Exile		wur
Narset, Enlightened Master		wur
Narset, Jeskai Waymaster		wur
Narset, Parter of Veils		u
Narstad Scrapper		
Naru Meha, Master Wizard		u
Narwhal		u
Nascent Metamorph		u
Nashi, Illusion Gadgeteer		ubg
Nashi, Moon Sage's Scion		b
Nashi, Moon's Legacy		ubg
Nashi, Searcher in the Dark		ub
Nassari, Dean of Expression		ur
Nassari, Dean of Expression // Uvilda, Dean of Perfection		ur
Nasty End		b
Nath of the Gilt-Leaf		bg
Nath's Buffoon		b
Nath's Elite		g
Nathan Drake, Treasure Hunter		ubr
Natural Affinity		g
Natural Balance		g
Natural Connection		g
Natural Emergence		rg
Natural End		g
Natural Obsolescence		g
Natural Order		g
Natural Reclamation		g
Natural Selection		g
Natural Spring		g
Natural State		g
Natural Unity		g
Naturalize		g
Naturalize 2		g
Naturalize the Phyresis		g
Nature Demands an Offering		
Nature Shields Its Own		
Nature's Blessing		wg
Nature's Chant		wg
Nature's Chosen		g
Nature's Claim		g
Nature's Cloak		g
Nature's Embrace	wubrg	g
Nature's Kiss		g
Nature's Lore		g
Nature's Panoply		g
Nature's Resurgence		g
Nature's Revolt		g
Nature's Rhythm		g
Nature's Ruin		b
Nature's Spiral		g
Nature's Way		g
Nature's Will		g
Nature's Wrath		g
Naughty		wb
Naughty // Nice		wb
Nausea		b
Nautiloid Ship		
Nav Squad Commandos		w
Navigation Orb		
Navigator's Compass		
Navigator's Ruin		u
Naya		
Naya Battlemage		wrg
Naya Charm		wrg
Naya Hushblade		wrg
Naya Panorama	c	
Naya Sojourners		wrg
Naya Soulbeast		g
Nazahn, Revered Bladesmith		wg
Nazar, the Velvet Fang		b
Nazgûl		b
Nazgûl Battle-Mace		
Near-Death Experience		w
Nearby Planet		
Nearheath Chaplain		w
Nearheath Pilgrim		w
Nearheath Stalker		r
Nebelgast Beguiler		w
Nebelgast Herald		u
Nebelgast Intruder		u
Nebuchadnezzar		ub
Nebula Dragon		r
Neck Breaker		r
Neck Breaker // Breakneck Rider		r
Neck Snap		w
Neck Tangle		
Necklace of Girion	g	g
Necra Disciple	wubrg	wbg
Necra Sanctuary		b
Necratog		b
Necravolver		wbg
Necrite		b
Necro-Impotence		b
Necrobite		b
Necroblossom Snarl	bg	
Necrodominance		b
Necroduality		u
Necrogen Censer		
Necrogen Communion		b
Necrogen Mists		b
Necrogen Rotpriest		bg
Necrogen Scudder		b
Necrogen Spellbomb		b
Necrogenesis		bg
Necrogoyf		b
Necrologia		b
Necromancer's Assistant		b
Necromancer's Covenant		wb
Necromancer's Familiar		b
Necromancer's Magemark		b
Necromancer's Stockpile		b
Necromancy		b
Necromantic Selection		b
Necromantic Summons		b
Necromantic Thirst		b
Necromaster Dragon		ub
Necromentia		b
Necron Deathmark		b
Necron Monolith		
Necron Overlord		b
Necropanther		wb
Necropede		
Necroplasm		b
Necropolis		
Necropolis Fiend		b
Necropolis Regent		b
Necropolis of Azar		b
Necropotence		b
Necropotence Avatar		
Necropouncer		
Necrosavant		b
Necroskitter		b
Necrosquito		b
Necrosynthesis		b
Necrotic Fumes		b
Necrotic Hex		b
Necrotic Ooze		b
Necrotic Plague		b
Necrotic Sliver		wb
Necrotic Wound		b
Nectar Faerie		b
Need for Speed		r
Need for Speed (Not the Odyssey One)		r
Needle Drop		r
Needle Specter		b
Needle Spires	wr	wr
Needle Storm		g
Needlebite Trap		b
Needlebug		
Needlepeak Spider		r
Needleshot Gourna		g
Needlethorn Drake		ug
Needletooth Pack		g
Needletooth Raptor		r
Needleverge Pathway	wr	
Needleverge Pathway // Pillarverge Pathway	wr	
Neera, Wild Mage		ur
Neerdiv, Devious Diver		u
Nef-Crop Entangler		r
Nefarious Imp		b
Nefarious Lich		b
Nefarox, Overlord of Grixis		b
Nefashu		b
Negate		u
Negative Zone Portal		
Neglected Heirloom		
Neglected Heirloom // Ashmouth Blade		
Neglected Manor	wb	
Neheb, Dreadhorde Champion	r	r
Neheb, the Eternal	r	r
Neheb, the Worthy		br
Neighborhood Guardian		w
Neko-Te		
Nekrataal		b
Nekrataal Avatar		b
Nekusar, the Mindrazer		ubr
Nelly Borca, Impulsive Accuser		wr
Nema Siltlurker		g
Nemata, Grove Guardian		g
Nemata, Primeval Warden		bg
Nemesis Mask		
Nemesis Phoenix		r
Nemesis Trap		b
Nemesis of Mortals		g
Nemesis of Reason		ub
Neo Exdeath, Dimension's End		bg
Neo Exdeath, Dimension's End // Exdeath, Void Warlock		bg
Neoform		ug
Neonate's Rush		r
Nephalia		
Nephalia Academy	c	
Nephalia Drownyard	c	ub
Nephalia Moondrakes		u
Nephalia Seakite		u
Nephalia Smuggler		u
Nerd Rage		u
Nerf War		ur
Neriv, Crackling Vanguard		wbr
Neriv, Heart of the Storm		wbr
Nervous Gardener		g
Nessian Asp		g
Nessian Boar		g
Nessian Courser		g
Nessian Demolok		g
Nessian Game Warden		g
Nessian Hornbeetle		g
Nessian Wanderer		g
Nessian Wilds Ravager		g
Nest Invader	c	g
Nest Robber		r
Nest of Scarabs		b
Nested Ghoul		b
Nested Shambler		b
Nesting Bot		w
Nesting Dovehawk		w
Nesting Dragon		r
Nesting Grounds	c	
Nesting Instinct		ug
Nesting Instinct // Pearl Lake Warden		ug
Nesting Wurm		g
Netcaster Spider		g
Nether Horror		b
Nether Shadow		b
Nether Spirit		b
Nether Traitor		b
Nether Void		b
Netherborn Altar		b
Netherborn Phalanx		b
Netherese Puzzle-Ward		u
Nethergoyf		b
Nethroi, Apex of Death		wbg
Netter en-Dal		w
Nettle Drone		r
Nettle Guard		w
Nettle Sentinel		g
Nettle Swine		g
Nettlecyst		
Nettletooth Djinn		g
Nettlevine Blight		b
Nettling Curse		br
Nettling Host		w
Nettling Imp		b
Nettling Nuisance		b
Network Disruptor		u
Network Marauder		u
Network Terminal	wubrg	
Neural Network		
Neurok Commando		u
Neurok Familiar		u
Neurok Hoversail		
Neurok Invisimancer		u
Neurok Prodigy		u
Neurok Replica		u
Neurok Spy		u
Neurok Stealthsuit		u
Neurok Transmuter		u
Neutralize		u
Neutralize the Guards		b
Neutralizing Blast		u
Nev, the Practical Dean		g
Neva, Stalked by Nightmares		wb
Never		b
Never // Return		b
Never Happened		b
Neverending Torment		b
Nevermaker		u
Nevermind		r
Nevermore		w
Neverwinter Dryad		g
Neverwinter Hydra		g
Nevinyrral's Disk		
Nevinyrral, Urborg Tyrant		wub
New Argive		
New Benalia	w	
New Blood		b
New Frontiers		g
New Generation's Technique		g
New Horizons	wubrg	g
New Magic Game Plus		
New Master of Arms		w
New New York		
New Perspectives		u
New Player's Journey		
New Prahv Guildmage		wu
New Way Forward		wur
News Helicopter		
Nexos	c	g
Next of Kin		g
Nexus Mentality		u
Nexus Wardens		g
Nexus of Becoming		
Nexus of Fate		u
Neyali, Suns' Vanguard		wr
Neyam Shai Murad		wb
Neyith of the Dire Hunt		rg
Nezahal, Primal Tide		u
Nezumi Bladeblesser		b
Nezumi Bone-Reader		b
Nezumi Cutthroat		b
Nezumi Freewheeler		wb
Nezumi Freewheeler // Hideous Fleshwheeler		wb
Nezumi Graverobber		b
Nezumi Graverobber // Nighteyes the Desecrator		b
Nezumi Informant		b
Nezumi Linkbreaker		b
Nezumi Prowler		b
Nezumi Road Captain		b
Nezumi Road Captain // Okiba Reckoner Raid		b
Nezumi Ronin		b
Nezumi Shadow-Watcher		b
Nezumi Shortfang		b
Nezumi Shortfang // Stabwhisker the Odious		b
Niall Silvain		g
Niambi, Beloved Protector		wu
Niambi, Esteemed Speaker		wu
Niambi, Faithful Healer		wu
Nibelheim Aflame		r
Niblis of Dusk		u
Niblis of Frost		u
Niblis of the Breath		u
Niblis of the Mist		w
Niblis of the Urn		w
Nicanzil, Current Conductor		ug
Nice		wb
Nice // Naughty		wb
Nick Fury, Agent of S.H.I.E.L.D.		wubrg
Nick Fury, Spymaster		w
Nick Valentine, Private Eye		u
Nico Minoru, Runaway		r
Nicol Bolas		ubr
Nicol Bolas, Dragon-God		ubr
Nicol Bolas, God-Pharaoh		ubr
Nicol Bolas, Planeswalker		ubr
Nicol Bolas, the Arisen		ubr
Nicol Bolas, the Arisen // Nicol Bolas, the Ravager		ubr
Nicol Bolas, the Deceiver		ubr
Nicol Bolas, the Ravager		ubr
Nicol Bolas, the Ravager // Nicol Bolas, the Arisen		ubr
Night		wb
Night // Day		wb
Night Brushwagg Ringmaster		
Night Clubber		b
Night Dealings		b
Night Incarnate		b
Night Market		
Night Market Aeronaut		b
Night Market Guard		
Night Market Lookout		b
Night Nurse, Healer of Heroes		w
Night Out in Vegas		b
Night Revelers		r
Night Scythe		
Night Shift of the Living Dead		b
Night Soil		g
Night Terrors		b
Night of Souls' Betrayal		b
Night of the Flying Merfolk		u
Night of the Sweets' Revenge	g	g
Night's Whisper		b
Nightbird's Clutches		r
Nightblade Brigade		b
Nightclub Bouncer		u
Nightcreep		b
Nightdrinker Moroii		b
Nighteyes the Desecrator		b
Nighteyes the Desecrator // Nezumi Graverobber		b
Nightfall Predator		rg
Nightfall Predator // Daybreak Ranger		rg
Nightfire Giant		br
Nightguard Patrol		w
Nighthawk Scavenger		b
Nighthawk, Dark Defender		w
Nighthaze		b
Nighthowler		b
Nightkin Ambusher		ub
Nightmare		b
Nightmare Incursion		b
Nightmare Lash		
Nightmare Moon		b
Nightmare Moon // Princess Luna		b
Nightmare Shepherd		b
Nightmare Sower		b
Nightmare Unmaking		b
Nightmare Void		b
Nightmare's Thirst		b
Nightmares and Daydreams		u
Nightmarish End		b
Nightpack Ambusher		g
Nightscape Apprentice		ubr
Nightscape Battlemage		ubr
Nightscape Familiar		b
Nightscape Master		ubr
Nightshade Assassin		b
Nightshade Dryad	wubrgc	g
Nightshade Harvester		b
Nightshade Peddler		g
Nightshade Schemers		b
Nightshade Seer		b
Nightshade Stinger		b
Nightsky Mimic		wb
Nightsnare		b
Nightsoil Kami		g
Nightsquad Commando		b
Nightstalker Engine		b
Nightveil Predator		ub
Nightveil Specter		ub
Nightveil Sprite		u
Nightwhorl Hermit		u
Nightwind Glider		w
Nightwing Shade		b
Nihil Spellbomb		b
Nihilistic Glee		b
Nihilith		b
Nihiloor		wub
Nikara, Lair Scavenger		b
Nikko-Onna		w
Niko Aris		wu
Niko Defies Destiny	wu	wu
Niko, Light of Hope		wu
Nikya of the Old Ways	wubrg	rg
Nils, Discipline Enforcer		w
Nim Abomination		b
Nim Deathmantle		
Nim Devourer		b
Nim Grotesque		b
Nim Lasher		b
Nim Mongoose		b
Nim Replica		b
Nim Shambler		b
Nim Shrieker		b
Nimana Sell-Sword		b
Nimana Skitter-Sneak		b
Nimana Skydancer		b
Nimble Birdsticker		r
Nimble Brigand		u
Nimble Hobbit		w
Nimble Innovator		u
Nimble Larcenist		wub
Nimble Mongoose		g
Nimble Obstructionist		u
Nimble Pilferer		b
Nimble Thopterist		u
Nimble Trapfinder		u
Nimble-Blade Khenra		r
Nimbleclaw Adept		u
Nimblewright Schematic		
Nimbus Champion		u
Nimbus Maze	wuc	
Nimbus Naiad		u
Nimbus Swimmer		ug
Nimbus Wings		w
Nimbus of the Isles		u
Nimraiser Paladin		b
Nimrodel Watcher		u
Nin, the Pain Artist		ur
Nine Lives		w
Nine-Fingers Keene		ubg
Nine-Lives Familiar		b
Nine-Ringed Bo		
Nine-Tail White Fox		u
Ninja		b
Ninja Pizza	wubrg	g
Ninja Teen		b
Ninja of the Deep Hours		u
Ninja of the Hand		b
Ninja of the New Moon		b
Ninja's Blades		b
Ninja's Kunai		
Ninth Bridge Patrol		w
Nip Gwyllion		wb
Nira, Hellkite Duelist		wubrg
Nirkana Assassin		b
Nirkana Cutthroat		b
Nirkana Revenant	b	b
Nishoba Brawler		g
Nissa Revane		g
Nissa of Shadowed Boughs		bg
Nissa's Chosen		g
Nissa's Defeat		g
Nissa's Encouragement		g
Nissa's Expedition		g
Nissa's Judgment		g
Nissa's Pilgrimage		g
Nissa's Renewal		g
Nissa's Revelation		g
Nissa's Triumph		g
Nissa's Zendikon		g
Nissa, Ascended Animist		g
Nissa, Genesis Mage		g
Nissa, Nature's Artisan		g
Nissa, Resurgent Animist	wubrg	g
Nissa, Sage Animist		g
Nissa, Sage Animist // Nissa, Vastwood Seer		g
Nissa, Steward of Elements		ug
Nissa, Vastwood Seer		g
Nissa, Vastwood Seer // Nissa, Sage Animist		g
Nissa, Vital Force		g
Nissa, Voice of Zendikar		g
Nissa, Who Shakes the World	g	g
Nissa, Worldsoul Speaker		g
Nissa, Worldwaker		g
Nita, Forum Conciliator		wb
Niv-Mizzet Reborn		wubrg
Niv-Mizzet, Dracogenius		ur
Niv-Mizzet, Guildpact		wubrg
Niv-Mizzet, Parun		ur
Niv-Mizzet, Supreme		wubrg
Niv-Mizzet, Visionary		ur
Niv-Mizzet, the Firemind		ur
Niveous Wisps		w
Nivix Barrier		u
Nivix Cyclops		ur
Nivix Guildmage		ur
Nivix, Aerie of the Firemind	c	ur
Nivmagus Elemental		ur
Nix		u
No Escape		u
No Mercy		b
No More		wr
No More // Gallifrey Falls		wr
No More Lies		wu
No One Left Behind		b
No One Will Hear Your Cries		
No Quarter		r
No Rest for the Wicked		b
No Secret Is Hidden from Me		
No Way Out		
No Witnesses		w
No-Dachi		
No-Regrets Egret		u
Nobilis of War		wr
Noble Banneret		w
Noble Benefactor		u
Noble Elephant		w
Noble Heritage		w
Noble Hierarch	wug	g
Noble Ox		w
Noble Panther		wg
Noble Purpose		w
Noble Quarry		g
Noble Stand		w
Noble Steeds		w
Noble Templar		w
Noble Vestige		w
Noble's Purse		
Nobody		ur
Noctis, Heir Apparent		wub
Noctis, Prince of Lucis		wub
Nocturnal Feeder		b
Nocturnal Hunger		b
Nocturnal Raid		b
Nocturno of Myra's Marvels		b
Noetic Scales		
Noggin Whack		b
Noggle Bandit		ur
Noggle Bridgebreaker		ur
Noggle Hedge-Mage		ur
Noggle Ransacker		ur
Noggle Robber		rg
Noggle the Mind		u
Nogi, Draco-Zealot		r
Noise Marine		r
Nomad Decoy		w
Nomad Mythmaker		w
Nomad Outpost	wbr	
Nomad Stadium	w	w
Nomadic Elf	wubrg	g
Nomads en-Kor		w
Nomads' Assembly		w
Non-Human Cannonball		r
Noose Constrictor		g
Noosegraf Mob		b
Norika Yamazaki, the Poet		w
Norin and Feldon		r
Norin the Wary		r
Norin, Swift Survivalist		r
Norman Osborn		ubr
Norman Osborn // Green Goblin		ubr
Norn's Annex		w
Norn's Choirmaster		w
Norn's Decree		w
Norn's Disassembly		w
Norn's Dominion		
Norn's Fetchling		w
Norn's Inquisitor		w
Norn's Seedcore		
Norn's Wellspring		w
Norritt		b
North Pole Gates	wu	
North Pole Patrol		u
North Pole Research Base		
North Star		
North Wind Avatar		ur
Northampton Farm	c	
Northern Air Temple		b
Northern Paladin		w
Norwood Archers		g
Norwood Priestess		g
Norwood Ranger		g
Norwood Riders		g
Norwood Warrior		g
Nostalgic Dreams		g
Nosy Goblin		r
Not Dead After All		b
Not Forgotten		w
Not of This World		
Not on My Watch		w
Nothic		b
Nothing Can Stop Me Now		
Notion Rain		ub
Notion Thief		ub
Notorious Assassin		b
Notorious Sliver War		
Notorious Throng		u
Nourish		g
Nourishing Shoal		g
Nova Chaser		r
Nova Cleric		w
Nova Flame		r
Nova Hellkite		r
Nova Pentacle		
Novablast Wurm		wg
Novel Nunchaku		g
Novellamental		u
Novice Dissector		b
Novice Inspector		w
Novice Knight		w
Novice Occultist		b
Novijen Sages		u
Novijen, Heart of Progress	c	ug
Now I Know My ABC's		u
Now THIS Is Aether Racing		r
Now You See Me . . .		w
Now for Wrath, Now for Ruin!		w
Nowhere to Run		b
Noxious Assault		g
Noxious Bayou	bg	
Noxious Dragon		b
Noxious Field		b
Noxious Gearhulk		b
Noxious Ghoul		b
Noxious Grasp		b
Noxious Groodion		b
Noxious Hatchling		bg
Noxious Hydra Breath		
Noxious Newt	g	g
Noxious Revival		g
Noxious Toad		b
Noxious Vapors		b
Noyan Dar, Roil Shaper		wu
Noyd, Keeper of the Void		b
Nucklavee		ur
Nuclear Fallout		b
Nuisance Engine		
Nuka-Cola Vending Machine		
Nuka-Nuke Launcher		
Null Brooch		
Null Caller		b
Null Chamber		w
Null Champion		b
Null Elemental Blast		c
Null Group Biological Assets		r
Null Profusion		b
Null Rod		
Nulldrifter		u
Nullhide Ferox		g
Nullify		u
Nullmage Advocate		g
Nullmage Shepherd		g
Nullpriest of Oblivion		b
Nullstone Gargoyle		
Nulltread Gargantuan		ug
Numa, Joraga Chieftain		g
Numai Outcast		b
Number Crunch		u
Numbing Dose		u
Numbing Jellyfish		u
Numot, the Devastator		wur
Nurgle's Conscription		b
Nurgle's Rot		b
Nurturer Initiate		g
Nurturing Bristleback		g
Nurturing Licid		g
Nurturing Peatland	bg	
Nurturing Pixie		w
Nurturing Presence		w
Nut Collector		g
Nutrient Block		
Nykthos Paragon		w
Nykthos, Shrine to Nyx	c	
Nyla, Shirshu Sleuth		b
Nylea's Colossus		g
Nylea's Disciple		g
Nylea's Emissary		g
Nylea's Forerunner		g
Nylea's Huntmaster		g
Nylea's Intervention		g
Nylea's Presence		g
Nylea, God of the Hunt		g
Nylea, Keen-Eyed		g
Nymris, Oona's Trickster		ub
Nyssa of Traken		u
Nyx		
Nyx Herald		g
Nyx Infusion		b
Nyx Lotus		
Nyx Weaver		bg
Nyx-Fleece Ram		w
Nyxathid		b
Nyxbloom Ancient		g
Nyxborn Behemoth		g
Nyxborn Brute		r
Nyxborn Colossus		g
Nyxborn Courser		w
Nyxborn Eidolon		b
Nyxborn Hydra		g
Nyxborn Marauder		b
Nyxborn Rollicker		r
Nyxborn Seaguard		u
Nyxborn Shieldmate		w
Nyxborn Triton		u
Nyxborn Unicorn		w
Nyxborn Wolf		g
O'aka, Traveling Merchant		u
O-Kagachi Made Manifest		wubrg
O-Kagachi Made Manifest // The Kami War		wubrg
O-Kagachi, Vengeful Kami		wubrg
O-Naginata		
Oak Street Innkeeper		g
Oaken Boon		g
Oaken Boon // Tuinvale Treefolk		g
Oaken Brawler		w
Oaken Power Suit		
Oaken Siren	u	u
Oakenform		g
Oakgnarl Warrior		g
Oakhame Adversary		g
Oakhame Ranger		wg
Oakhame Ranger // Bring Back		wg
Oakheart Dryads		g
Oakhollow Village	gc	g
Oakshade Stalker		g
Oakshade Stalker // Moonlit Ambusher		g
Oashra Cultivator		g
Oasis		
Oasis Gardener	wubrg	
Oasis Ritualist	wubrg	g
Oasis of Renewal		ubg
Oath of Ajani		wg
Oath of Chandra		r
Oath of Druids		g
Oath of Eorl		wr
Oath of Ghouls		b
Oath of Gideon		w
Oath of Jace		u
Oath of Kaya		wb
Oath of Lieges		w
Oath of Liliana		b
Oath of Lim-Dûl		b
Oath of Mages		r
Oath of Nissa		g
Oath of Scholars		u
Oath of Teferi		wu
Oath of the Ancient Wood		g
Oath of the Grey Host		b
Oathkeeper, Takeno's Daisho		
Oathsworn Giant		w
Oathsworn Knight		b
Oathsworn Vampire		b
Ob Nixilis Reignited		b
Ob Nixilis of the Black Oath		b
Ob Nixilis's Cruelty		b
Ob Nixilis, Captive Kingpin		br
Ob Nixilis, Unshackled		b
Ob Nixilis, the Adversary		br
Ob Nixilis, the Fallen		b
Ob Nixilis, the Hate-Twisted		b
Obeka, Brute Chronologist		ubr
Obeka, Splitter of Seconds		ubr
Obelisk Spider		bg
Obelisk of Alara		wubrg
Obelisk of Bant	wug	
Obelisk of Esper	wub	
Obelisk of Grixis	ubr	
Obelisk of Jund	brg	
Obelisk of Naya	wrg	
Obelisk of Undoing		
Obelisk of Urd		
Oblation		w
Obliterate		r
Obliterating Bolt		r
Oblivion		ub
Oblivion // Consign		ub
Oblivion Crown		b
Oblivion Ring		w
Oblivion Sower		
Oblivion Stone		
Oblivion Strike		b
Oblivion's Hunger		b
Oblivious Bookworm		ug
Oboro Breezecaller		u
Oboro Envoy		u
Oboro, Palace in the Clouds	u	
Obosh, the Preypiercer		br
Obscura Ascendancy		wub
Obscura Charm		wub
Obscura Confluence		wub
Obscura Initiate		wub
Obscura Interceptor		wub
Obscura Polymorphist		wu
Obscura Storefront		
Obscuring Aether		g
Obscuring Haze		g
Observant Alseid		w
Observed Stasis		u
Obsessive Astronomer		r
Obsessive Collector		u
Obsessive Pursuit		b
Obsessive Search		u
Obsessive Skinner		g
Obsessive Stitcher		ub
Obsianus Golem		
Obsidian Acolyte		w
Obsidian Battle-Axe		
Obsidian Charmaw		rc
Obsidian Fireheart		r
Obsidian Giant		r
Obsidian Obelisk	wubrgc	
Obstinate Baloth		g
Obstinate Familiar		r
Obstinate Gargoyle		wb
Obuun, Mul Daya Ancestor		wrg
Obyra's Attendants		u
Obyra's Attendants // Desperate Parry		u
Obyra, Dreaming Duelist		ub
Obzedat's Aid		wb
Obzedat, Ghost Council		wb
Occult Epiphany		u
Occupation of Kulrath	r	r
Occupation of Llanowar		g
Oceanus Dragon		u
Ocelot Pride		w
Ochran Assassin		bg
Ochre Jelly		g
Octavia, Living Thesis		u
Octo Opus		u
Octomancer		ug
Octoprophet		u
Octopus Form		u
Octopus Umbra		u
Ocular Halo		wu
Oculus		u
Oculus Whelp		u
Oddly Uneven		w
Oddric, Lunar Marquis	c	b
Odds		wur
Odds // Ends		wur
Odious Trow		bg
Odious Witch		b
Odious Witch // Ragged Recluse		b
Odric's Outrider		w
Odric, Blood-Cursed		wr
Odric, Lunarch Marshal		w
Odric, Master Tactician		w
Odunos River Trawler		wb
Odylic Wraith		b
Of Herbs and Stewed Rabbit		w
Of One Mind		u
Off Balance		w
Offalsnout		b
Offender at Large		r
Offer Immortality		b
Offering to Asha		wu
Officious Interrogation		wu
Offspring's Revenge		wbr
Oft-Nabbed Goat		b
Oggyar Battle-Seer		ur
Oglor, Devoted Assistant		u
Ognis, the Dragon's Lash		brg
Ogre Arsonist		r
Ogre Battlecaster		r
Ogre Battledriver		r
Ogre Berserker		r
Ogre Chitterlord		r
Ogre Enforcer		r
Ogre Errant		r
Ogre Gatecrasher		r
Ogre Geargrabber		r
Ogre Jailbreaker		b
Ogre Leadfoot		r
Ogre Marauder		b
Ogre Menial		r
Ogre Recluse		r
Ogre Resister		r
Ogre Savant		ur
Ogre Sentry		r
Ogre Shaman		r
Ogre Siegebreaker		br
Ogre Slumlord		b
Ogre Taskmaster		r
Ogre Warrior		r
Ogre's Cleaver		
Ogre-Head Helm		r
Ohabi Caleria		wg
Ohran Frostfang		g
Ohran Viper		g
Ohran Yeti		r
Oil-Gorger Troll		g
Oildeep Gearhulk		ub
Oilskelion		
Ojer Axonil, Deepest Might	r	r
Ojer Axonil, Deepest Might // Temple of Power	r	r
Ojer Kaslem, Deepest Growth	g	g
Ojer Kaslem, Deepest Growth // Temple of Cultivation	g	g
Ojer Pakpatiq, Deepest Epoch	u	u
Ojer Pakpatiq, Deepest Epoch // Temple of Cyclical Time	u	u
Ojer Taq, Deepest Foundation	w	w
Ojer Taq, Deepest Foundation // Temple of Civilization	w	w
Oji, the Exquisite Blade		wu
Ojutai Exemplars		w
Ojutai Interceptor		u
Ojutai Monument	wu	wu
Ojutai's Breath		u
Ojutai's Command		wu
Ojutai's Summons		u
Ojutai, Soul of Winter		wu
Okaun, Eye of Chaos		r
Oketra the True		w
Oketra's Attendant		w
Oketra's Avenger		w
Oketra's Last Mercy		w
Oketra's Monument		
Okiba Reckoner Raid		b
Okiba Reckoner Raid // Nezumi Road Captain		b
Okiba Salvage		b
Okiba-Gang Shinobi		b
Okina Nightwatch		g
Okina, Temple to the Grandfathers	g	g
Okk		r
Oko's Accomplices		u
Oko's Hospitality		ug
Oko, Lorwyn Liege		ug
Oko, Lorwyn Liege // Oko, Shadowmoor Scion		ug
Oko, Shadowmoor Scion		ug
Oko, Shadowmoor Scion // Oko, Lorwyn Liege		ug
Oko, Thief of Crowns		ug
Oko, the Ringleader		ug
Oko, the Trickster		ug
Okoye, Dora Milaje Leader		w
Okoye, Mighty and Adored		wg
Ol' Buzzbark		rg
Olag, Ludevic's Hubris		ub
Olag, Ludevic's Hubris // Ludevic, Necrogenius		ub
Old Flitterfang		b
Old Fogey		g
Old Ghastbark		wg
Old Gnawbone		g
Old Guard		w
Old Hob, Alleycat Blues		wr
Old Man Willow		bg
Old Man of the Sea		u
Old One Eye		g
Old Rutstein		bg
Old Stickfingers		bg
Old Way Phyrexian		b
Old-Fashioned Vampire		b
Old-Growth Dryads		g
Old-Growth Educator		bg
Old-Growth Grove	bg	bg
Old-Growth Grove // Revitalizing Repast	bg	bg
Old-Growth Troll	g	g
Oliphaunt		r
Olivia Voldaren		br
Olivia's Attendants		r
Olivia's Bloodsworn		br
Olivia's Dragoon		b
Olivia's Midnight Ambush		b
Olivia's Wrath		b
Olivia, Crimson Bride		br
Olivia, Mobilized for War		br
Olivia, Opulent Outlaw		wbr
Ollenbock Escort		w
Olog-hai Crusher		r
Oloro, Ageless Ascetic		wub
Oltec Archaeologists		w
Oltec Cloud Guard		w
Oltec Matterweaver		w
Olórin's Searing Light		wr
Omarthis, Ghostfire Initiate		
Omashu City	rg	
Omega Myr		
Omega, Heartless Evolution		ug
Omen		u
Omen Hawker	uc	u
Omen Machine		
Omen of Fire		r
Omen of the Dead		b
Omen of the Forge		r
Omen of the Hunt		g
Omen of the Sea		u
Omen of the Sun		w
Omenpath Instability		
Omenpath Journey		g
Omenpath to Naya	wrg	
Omenport Vigilante		w
Omenspeaker		u
Ominous Asylum	br	
Ominous Cemetery	c	
Ominous Harvest		b
Ominous Lockbox		u
Ominous Parcel		
Ominous Roost		u
Ominous Seas		u
Ominous Sphinx		u
Ominous Traveler		
Omit Variables		ub
Omit Variables // Paradox Shaper		ub
Omnath, Locus of All	wubrg	wubrg
Omnath, Locus of Creation	wurg	wurg
Omnath, Locus of Mana		g
Omnath, Locus of Rage		rg
Omnath, Locus of the Roil		urg
Omni-Changeling		u
Omni-Cheese Pizza	wubrg	
Omnibian		ug
Omniclown Colossus		r
Omniclown Colossus // Pie-roclasm		r
Omnipresent Impostor		
Omniscience		u
Omnispell Adept		u
Omnivorous Flytrap		g
Omo, Queen of Vesuva		ug
On Alert		w
On Alert // Silverflame Squire		w
On Serra's Wings		w
On Thin Ice		w
On Wings of Gold		w
On the Job		w
On the Trail		g
Onakke Catacomb		
Onakke Javelineer		r
Onakke Oathkeeper		w
Onakke Ogre		r
Once More with Feeling		w
Once Upon a Time		g
Once and Future		g
Ondu Champion		r
Ondu Cleric		w
Ondu Giant		g
Ondu Greathorn		w
Ondu Inversion	w	w
Ondu Inversion // Ondu Skyruins	w	w
Ondu Knotmaster		wb
Ondu Knotmaster // Throw a Line		wb
Ondu Rising		w
Ondu Skyruins	w	w
Ondu Skyruins // Ondu Inversion	w	w
Ondu Spiritdancer		w
Ondu War Cleric		w
One Does Not		u
One Dozen Eyes		g
One Last Job		w
One Ring to Rule Them All		b
One Thousand Lashes		wb
One With the Wind		u
One of the Pack		g
One of the Pack // Solitary Hunter		g
One with Death		b
One with Nature		g
One with Nothing		b
One with the Kami		g
One with the Machine		u
One with the Multiverse		u
One with the Stars		u
One-Clown Band		r
One-Eyed Scarecrow		
Oneirophage		u
Ongoing Investigation		ug
Oni Possession		b
Oni of Wild Places		r
Oni of Wild Places Avatar		
Oni-Cult Anvil		br
Only Blood Ends Your Nightmares		
Only I Know What Awaits		
Only the Best		w
Only the Best // Collectigull		w
Onslaught		r
Onulet		
Onward		wr
Onward // Victory		wr
Onyx Goblet		b
Onyx Mage		b
Onyx Talisman		
Ood Sphere		
Oona's Blackguard		b
Oona's Gatewarden		ub
Oona's Grace		u
Oona's Prowler		b
Oona, Queen of the Fae		ub
Ooze Flux		g
Ooze Garden		g
Ooze Patrol		g
Ooze Spill		u
Oozeavite		g
Opal Acrolith		w
Opal Archangel		w
Opal Avenger		w
Opal Caryatid		w
Opal Champion		w
Opal Gargoyle		w
Opal Guardian		w
Opal Lake Gatekeepers		u
Opal Palace	wubrgc	
Opal Titan		w
Opal-Eye, Konda's Yojimbo		w
Opalescence		w
Opaline Bracers		
Opaline Sliver		wu
Opaline Unicorn	wubrg	
Open Fire		r
Open into Wonder		u
Open the Armory		w
Open the Gates		g
Open the Graves		b
Open the Omenpaths	wubrg	r
Open the Vaults		w
Open the Way		g
Opening Ceremony	wubrgc	r
Opera Love Song		r
Operations Officer		w
Ophidian		u
Ophidian Eye		u
Ophiomancer		b
Opportunist		r
Opportunistic Dragon		r
Opportunity		u
Opposition		u
Opposition Agent		b
Oppression		b
Oppressive Rays		w
Oppressive Will		u
Opt		u
Optical Optimizer		
Optimistic Scavenger		w
Optimus Prime, Autobot Leader		wur
Optimus Prime, Autobot Leader // Optimus Prime, Hero		wur
Optimus Prime, Hero		wur
Optimus Prime, Hero // Optimus Prime, Autobot Leader		wur
Optimus Prime, Inspiring Leader		wr
Opulent Clomper		g
Opulent Palace	ubg	
Oracle		
Oracle en-Vec		w
Oracle of Bones		r
Oracle of Dust		u
Oracle of Mul Daya		g
Oracle of Nectars		wg
Oracle of Tragedy		u
Oracle of the Alpha		u
Oracle's Attendants		w
Oracle's Gift		u
Oracle's Gift // Jadzi, Steward of Fate		u
Oracle's Insight		u
Oracle's Restoration		g
Oracle's Vault		
Orah, Skyclave Hierophant		wb
Oran-Rief Hydra		g
Oran-Rief Invoker		g
Oran-Rief Ooze		g
Oran-Rief Recluse		g
Oran-Rief Survivalist		g
Oran-Rief, the Vastwood	g	
Orator of Ojutai		w
Oraxid		u
Orazca Frillback		g
Orazca Puzzle-Door		u
Orazca Raptor		r
Orazca Relic	c	
Orb of Dragonkind	wubrg	r
Orb of Dreams		
Orb of Origin	wubrg	
Orbital Plunge		r
Orbs of Warding		
Orbweaver Kumo		g
Orc General		r
Orc Sureshot		b
Orca, Siege Demon		br
Orchard Elemental		g
Orchard Spirit		g
Orchard Strider		g
Orchard Warden		g
Orcish Artillery		r
Orcish Bloodpainter		r
Orcish Bowmasters		b
Orcish Cannonade		r
Orcish Cannoneers		r
Orcish Captain		r
Orcish Catapult		r
Orcish Conscripts		r
Orcish Farmer		r
Orcish Healer		brg
Orcish Hellraiser		r
Orcish Librarian		r
Orcish Lumberjack	rg	r
Orcish Mechanics		r
Orcish Medicine		b
Orcish Mine		r
Orcish Oriflamme		r
Orcish Paratroopers		r
Orcish Settlers		r
Orcish Siegemaster		r
Orcish Spy		r
Orcish Squatters		r
Orcish Squatters Avatar	c	
Orcish Vandal		r
Orcish Veteran		r
Orcus, Prince of Undeath		br
Ordeal of Erebos		b
Ordeal of Heliod		w
Ordeal of Nylea		g
Ordeal of Purphoros		r
Ordeal of Thassa		u
Order		wr
Order // Chaos		wr
Order of Leitbur		w
Order of Midnight		b
Order of Midnight // Alter Fate		b
Order of Sacred Dusk		wb
Order of Succession		u
Order of Whiteclay		w
Order of Yawgmoth		b
Order of the Alabaster Host		wu
Order of the Alabaster Host // Order of the Mirror		wu
Order of the Ebon Hand		b
Order of the Golden Cricket		w
Order of the Mirror		wu
Order of the Mirror // Order of the Alabaster Host		wu
Order of the Sacred Bell		g
Order of the Sacred Torch		w
Order of the Stars		w
Order of the White Shield		w
Ordered Migration		wu
Orderly Plaza	wu	wu
Orderly Plaza // Suppression Ray	wu	wu
Ordinary Pony		w
Ordruun Commando		wr
Ordruun Mentor		wr
Ordruun Veteran		wr
Ore Gorger		r
Ore-Rich Stalactite	r	r
Ore-Rich Stalactite // Cosmium Catalyst	r	r
Ore-Scale Guardian		r
Oread of Mountain's Blaze		r
Oreplate Pangolin		r
Oreskos Explorer		w
Oreskos Sun Guide		w
Oreskos Swiftclaw		w
Organ Grinder		b
Organ Harvest	b	b
Organ Hoarder		u
Organic Extinction		w
Orgg		r
Ori, Plate Stacker		w
Origin Spellbomb		w
Origin of Black Widow		b
Origin of Captain America		w
Origin of Iron Man		u
Origin of Metalbending		g
Origin of Spider-Man		w
Origin of Thor		r
Origin of the Avengers		w
Origin of the Hidden Ones		r
Origin of the Hulk		g
Original Skullclamp		
Orim		
Orim's Chant		w
Orim's Cure		w
Orim's Prayer		w
Orim's Thunder		wr
Orim's Touch		w
Orim, Samite Healer		w
Oriq Loremage		b
Oriss, Samite Guardian		w
Ormacar, Relic Wraith		ub
Ormendahl, Profane Prince	c	
Ormendahl, Profane Prince // Westvale Abbey	c	
Ormendahl, the Corrupter		b
Ormendahl, the Corrupter // Jerren, Corrupted Bishop		b
Ormos, Archive Keeper		u
Ornamental Courage		g
Ornate Imitations		ug
Ornate Kanzashi		
Ornery Dilophosaur		g
Ornery Goblin		r
Ornery Kudu		g
Ornery Tumblewagg		g
Ornitharch		w
Ornithopter		
Ornithopter of Paradise	wubrg	
Orochi Colony		
Orochi Eggwatcher		g
Orochi Eggwatcher // Shidako, Broodmistress		g
Orochi Hatchery		
Orochi Leafcaller	wubrg	g
Orochi Merge-Keeper	g	g
Orochi Ranger		g
Orochi Soul-Reaver		b
Orochi Sustainer	g	g
Oroku Saki, Shredder Rising		b
Oros, the Avenger		wbr
Orphans of the Wheat		w
Orthion, Hero of Lavabrink		r
Orthodoxy Enforcer		w
Orvar, the All-Form		u
Orysa, Tide Choreographer		u
Orzhov Advokist		w
Orzhov Basilica	wb	
Orzhov Charm		wb
Orzhov Cluestone	wb	wb
Orzhov Enforcer		b
Orzhov Euthanist		b
Orzhov Guildgate	wb	
Orzhov Guildmage		wb
Orzhov Keyrune	wb	wb
Orzhov Locket	wb	wb
Orzhov Pontiff		wb
Orzhov Racketeers		b
Orzhov Signet	wb	
Orzhova		
Orzhova, the Church of Deals	c	wb
Osai Vultures		w
Oscorp Industries	ubr	
Oscorp Research Team		u
Osgir, the Reconstructor		wr
Osgood, Operation Double	c	u
Oskar, Rubbish Reclaimer		ub
Osseous Exhale		w
Osseous Sticktwister		b
Ossification		w
Ossuary Rats		b
Osteomancer Adept		b
Ostiary Thrull		wb
Ostracize		b
Ostrich-Horse		g
Oswald Fiddlebender		w
Otaria		
Otarian Juggernaut		
Otawara, Soaring City	u	u
Oteclan Landmark		w
Oteclan Landmark // Oteclan Levitator		w
Oteclan Levitator		w
Oteclan Levitator // Oteclan Landmark		w
Oteclán		
Otepec Huntmaster		r
Otharri, Suns' Glory		wr
Othelm, Sigardian Outcast		wg
Otherworld Atlas		
Otherworldly Escort		w
Otherworldly Gaze		u
Otherworldly Journey		w
Otherworldly Outburst		r
Otrimi, the Ever-Playful		ubg
Otter-Penguin		u
Otterball Antics		u
Oubliette		b
Ouphe Vandals		g
Our Market Research Shows That Players Like Really Long Card Names So We Made this Card to Have the Absolute Longest Card Name Ever Elemental		g
Oura, the Imitator		ub
Ouroboroid		g
Oust		w
Out Cold		u
Out of Air		u
Out of Bounds		u
Out of Time		w
Out of Town		w
Out of the Tombs		b
Out of the Way		u
Outbreak		b
Outcaster Greenblade		g
Outcaster Trailblazer	wubrg	g
Outfitted Jouster		br
Outflank		w
Outland Boar		rg
Outland Colossus		g
Outland Liberator		g
Outland Liberator // Frenzied Trapbreaker		g
Outlaw Medic		w
Outlaw Stitcher		u
Outlaws' Fury		r
Outlaws' Merriment		wr
Outmaneuver		r
Outmuscle		g
Outnumber		r
Outpace Oblivion		r
Outpost Siege		r
Outrage Shaman		r
Outrageous Robbery		b
Outrider en-Kor		w
Outrider of Jhess		u
Outwit		u
Ovalchase Daredevil		b
Ovalchase Dragster		
Over My Dead Bodies		b
Over the Edge		g
Over the Top		r
Overabundance	wubrg	rg
Overbeing of Myth		ug
Overblaze		r
Overburden		u
Overcharged Amalgam		u
Overclocked Electromancer		r
Overcome		g
Overcooked		r
Overeager Apprentice	b	b
Overencumbered		w
Overflowing Basin	ug	
Overflowing Insight		u
Overgrown Arch		g
Overgrown Armasaur		g
Overgrown Battlement	g	g
Overgrown Estate		wbg
Overgrown Farmland	wg	
Overgrown Pest		g
Overgrown Tomb	bg	
Overgrown Zealot	wubrg	g
Overgrowth	g	g
Overgrowth Elemental		g
Overkill		b
Overlaid Terrain	wubrg	g
Overload		r
Overloaded Mage-Ring		u
Overloaded Mage-Ring // Invasion of Vryn		u
Overlord of the Balemurk		b
Overlord of the Boilerbilges		r
Overlord of the Floodpits		u
Overlord of the Hauntwoods		g
Overlord of the Mistmoors		w
Overmaster		r
Overpowering Attack		r
Overprotect		g
Override		u
Overrule		wu
Overrun		g
Overseer of Vault 76		w
Overseer of the Damned		b
Oversimplify		ug
Oversold Cemetery		b
Oversoul of Dusk		wg
Overt Operative		b
Overtaker		u
Overture	u	u
Overture // Jidoor, Aristocratic Capital	u	u
Overwhelm		g
Overwhelmed Apprentice		u
Overwhelmed Archivist		u
Overwhelmed Archivist // Archive Haunt		u
Overwhelming Denial		u
Overwhelming Encounter		g
Overwhelming Forces		b
Overwhelming Instinct		g
Overwhelming Intellect		u
Overwhelming Remorse		b
Overwhelming Splendor		w
Overwhelming Stampede		g
Overwhelming Surge		r
Overwhelming Victory		r
Overzealous Muscle		b
Ovika, Enigma Goliath		ur
Ovinize		u
Ovinomancer		u
Oviya Pashiri, Sage Lifecrafter		g
Oviya, Automech Artisan		g
Ow		b
Owen Grady, Raptor Trainer		rg
Owl Familiar		u
Owlbear		g
Owlbear Cub		g
Owlbear Shepherd		g
Owlin Historian		w
Owlin Shieldmage		wb
Owlin Spiralmancer		u
Ox Drover		w
Ox of Agonas		r
Oxidda Daredevil		r
Oxidda Finisher		r
Oxidda Golem		
Oxidda Scrapmelter		r
Oxidize		g
Oyaminartok, Polar Werebear	u	ug
Oyobi, Who Split the Heavens		w
Ozai's Cruelty		b
Ozai, the Phoenix King		br
Ozolith, the Shattered Spire		g
Ozox, the Clattering King		b
Pacesetter Paragon		r
Pacification Array		
Pacifism		w
Pack Attack		r
Pack Guardian		g
Pack Hunt		g
Pack Leader		w
Pack Mastiff		r
Pack Rat		b
Pack a Punch		wr
Pack a Punch // Kirol, History Buff		wr
Pack's Betrayal		r
Pack's Disdain		b
Pack's Favor		g
Packsong Pup		g
Pact Weapon		b
Pact of Negation		u
Pact of the Serpent		b
Pact of the Titan		r
Pactdoll Terror		b
Padeem, Consul of Innovation		u
Page, Loose Leaf	c	
Pain		br
Pain // Suffering		br
Pain 101		b
Pain Distributor		r
Pain Kami		r
Pain Magnification		br
Pain Seer		b
Pain for All		r
Pain's Reward		b
Painbringer		b
Painful Bond		b
Painful Lesson		b
Painful Memories		b
Painful Quandary		b
Painful Truths		b
Painiac		r
Painsmith		b
Painted Bluffs	wubrgc	
Painter's Servant		
Painter's Studio		r
Painter's Studio // Defaced Gallery		r
Painwracker Oni		b
Pair o' Dice Lost		g
Paired Tactician		w
Pako, Arcane Retriever		rg
Palace Familiar		u
Palace Guard		w
Palace Jailer		w
Palace Sentinels		w
Palace Siege		b
Paladin Class		w
Paladin Danse, Steel Maverick		w
Paladin Elizabeth Taggerdy		wr
Paladin en-Vec		w
Paladin of Atonement		w
Paladin of Prahv		w
Paladin of Predation		g
Paladin of the Bloodstained		w
Paladin's Arms		w
Paladin's Shield		w
Palani's Hatcher		rg
Palantír of Orthanc		
Palazzo Archers		g
Pale Bears		g
Pale Moon		u
Pale Recluse		wg
Pale Rider of Trostad		b
Pale Wayfarer		w
Paleoloth		g
Paleontologist's Pick-Axe		
Paleontologist's Pick-Axe // Dinosaur Headdress		
Paliano		
Paliano Vanguard		w
Paliano, the High City	wubrg	
Palinchron		u
Palisade Giant		w
Palladia-Mors		wrg
Palladia-Mors, the Ruiner		wrg
Palladium Myr	c	
Palliation Accord		wu
Pallid Mycoderm		w
Pallimud		r
Pampered Loamfrill		g
Panacea		
Pandemonium		r
Pandora's Box		
Pang Tong, "Young Phoenix"		w
Panglacial Shinobi		u
Panglacial Wurm		g
Pangosaur		g
Panharmonicon		
Panic		r
Panic Attack		r
Panic Spellbomb		r
Panicked Altisaur		r
Panicked Bystander		wb
Panicked Bystander // Cackling Culprit		wb
Panoptic Mirror		
Panoptic Projektor		
Panopticon		
Panther Habit		
Panther Pounce		w
Panther Robot		
Panther Warriors		g
Pantlaza, Sun-Favored		wrg
Papalymo Totolymo		wb
Paper Tiger		
Papercraft Decoy		
Paperfin Rascal		u
Paradigm Shift		u
Paradigm Shifter	wubrg	ur
Paradise Druid	wubrg	g
Paradise Mantle	wubrg	
Paradise Plume		
Paradox Engine		
Paradox Gardens	ug	ug
Paradox Haze		u
Paradox Shaper		ub
Paradox Shaper // Omit Variables		ub
Paradox Surveyor		ug
Paradox Zone		g
Paradoxical Outcome		u
Paragon of Eternal Wilds		g
Paragon of Fierce Defiance		r
Paragon of Gathering Mists		u
Paragon of Modernity		
Paragon of New Dawns		w
Paragon of Open Graves		b
Paragon of the Amesha		wubrg
Parallax Dementia		b
Parallax Inhibitor		
Parallax Nexus		b
Parallax Tide		u
Parallax Wave		w
Parallectric Feedback		r
Parallel Evolution		g
Parallel Lives		g
Parallel Thoughts		u
Paralyze		b
Paralyzing Grasp		u
Paramecia Coloniex		b
Paranoid Delusions		ub
Paranoid Parish-Blade		w
Paranormal Analyst		u
Parapet		w
Parapet Thrasher		r
Parapet Watchers		wu
Paraselene		w
Parasitic Bond		b
Parasitic Grasp		b
Parasitic Impetus		b
Parasitic Implant		b
Parasitic Strix		u
Parcel Myr		u
Parcelbeast		ug
Parch		r
Pardic Arsonist		r
Pardic Collaborator		br
Pardic Dragon		r
Pardic Firecat		r
Pardic Lancer		r
Pardic Miner		r
Pardic Swordsmith		r
Pardic Wanderer		
Parhelion II		w
Parhelion Patrol		w
Pariah		w
Pariah's Shield		
Parish-Blade Trainee		w
Park Bleater		w
Park Heights Maverick		g
Park Heights Pegasus		wg
Park Map		
Park Re-Entry		w
Parker Luck		b
Parnesse, the Subtle Brush		ubr
Paroxysm		r
Part Water		u
Part the Veil		u
Part the Waterveil		u
Parting Gust		w
Parting Thoughts		b
Party Crasher		r
Party Dude		g
Party Thrasher		r
Pashalik Mons		r
Pass the Torch		r
Passageway Seer		b
Passenger Ferry		u
Passionate Archaeologist		r
Passwall Adept		u
Past in Flames		r
Patagia Golem		
Patagia Tiger		w
Patagia Viper		ug
Patch Up		w
Patched Plaything		w
Patchplate Resolute		w
Patchwork Automaton		
Patchwork Banner	wubrg	
Patchwork Beastie		g
Patchwork Crawler		u
Patchwork Gnomes		
Path of Ancestry	wubrg	
Path of Anger's Flame		r
Path of Annihilation	wubrgc	g
Path of Bravery		w
Path of Discovery		g
Path of Mettle	wubrg	wr
Path of Mettle // Metzali, Tower of Triumph	wubrg	wr
Path of Peace		w
Path of Peril		wb
Path of the Animist		g
Path of the Enigma		u
Path of the Ghosthunter		w
Path of the Pyromancer	r	r
Path of the Schemer		b
Path to Exile		w
Path to Redemption		w
Path to the Festival		g
Path to the World Tree		wubrg
Pathbreaker Ibex		g
Pathbreaker Wurm		g
Pathfinding Axejaw		g
Pathmaker Initiate		r
Pathrazer of Ulamog		
Paths of Tuinvale		u
Pathway Arrows		
Patient Naturalist		g
Patient Rebuilding		u
Patient Turtle		g
Patient Zero		b
Patriar's Humiliation		w
Patriar's Seal	wubrg	
Patriarch's Bidding		b
Patriarch's Desire		b
Patrician Geist		u
Patrician's Scorn		w
Patriot, Shield Wielder		w
Patriot, Young Avenger		wr
Patrol Hound		w
Patrol Signaler		w
Patrolling Peacemaker		w
Patron Wizard		u
Patron of the Akki		r
Patron of the Arts		r
Patron of the Kitsune		w
Patron of the Moon		u
Patron of the Nezumi		b
Patron of the Orochi		g
Patron of the Valiant		w
Patron of the Vein		b
Patron of the Wild		g
Pattern Matcher		
Pattern of Rebirth		g
Paupers' Cage		
Pause for Reflection		g
Pavel Maliki		br
Pawn of Ulamog	c	b
Pawpatch Formation		g
Pawpatch Recruit		g
Pay No Heed		w
Pay Tribute to Me		
Peace Strider		
Peace Talks		w
Peace and Quiet		w
Peace of Mind		w
Peacekeeper		w
Peacekeeper Avatar		
Peacewalker Colossus		w
Peach Garden Oath		w
Peak Eruption		r
Pearl Collector		wb
Pearl Dragon		w
Pearl Lake Ancient		u
Pearl Lake Warden		ug
Pearl Lake Warden // Nesting Instinct		ug
Pearl Medallion		
Pearl Shard		w
Pearl of Wisdom		u
Pearl-Ear, Imperial Advisor		w
Pearled Unicorn		w
Pearlspear Courier		w
Peat Bog	b	
Peculiar Lighthouse	ur	
Pedal to the Metal		r
Pedantic Learning		u
Peek		u
Peel Out	rg	g
Peel from Reality		u
Peema Aether-Seer		g
Peema Outrider		g
Peema Trailblazer		g
Peer Past the Veil		rg
Peer Pressure		u
Peer Review		wu
Peer Review // Prudent Fateseer		wu
Peer Through Depths		u
Peer into the Abyss		b
Peerless Recycling		g
Peerless Ropemaster		u
Peerless Samurai		r
Pegasus Charger		w
Pegasus Courser		w
Pegasus Guardian		w
Pegasus Guardian // Rescue the Foal		w
Pegasus Refuge		w
Pegasus Stampede		w
Peggy Carter, Secret Agent		w
Pelakka Caverns	b	b
Pelakka Caverns // Pelakka Predation	b	b
Pelakka Predation	b	b
Pelakka Predation // Pelakka Caverns	b	b
Pelakka Wurm		g
Pelargir Survivor	wubrg	u
Pelt Collector		g
Pemmin's Aura		u
Penance		w
Pendant of Prosperity		
Pendelhaven	g	
Pendelhaven Elder		g
Pendrell Drake		u
Pendrell Flux		u
Pendrell Mists		u
Pendulum of Patterns		
Pennon Blade		
Penregon Besieged		b
Penregon Strongbull		r
Pensive Minotaur		r
Pensive Professor		u
Pentad Prism	wubrg	
Pentagram of the Ages		
Pentarch Paladin		w
Pentarch Ward		w
Pentavus		
Penumbra Bobcat		g
Penumbra Kavu		g
Penumbra Spider		g
Penumbra Umbra		g
Penumbra Wurm		g
People of the Woods		g
Pep, Raucous Raider	wubrg	rg
Peppersmoke		b
Perception Bobblehead	wubrg	
Perch Protection		w
Peregrin Took		g
Peregrination		g
Peregrine Drake		u
Peregrine Griffin		w
Peregrine Mask		
Perennation		wbg
Perennial Behemoth		g
Perennial Gravewarden		bg
Perfect Intimidation		b
Perfected Form		u
Perfected Form // Aberrant Researcher		u
Perforating Artist		br
Perforator Crocodile		b
Perhaps You've Met My Cohort		
Peri Brown		w
Perigee Beckoner		b
Perilous Forays		g
Perilous Iteration		rg
Perilous Landscape	c	wur
Perilous Myr		
Perilous Predicament		b
Perilous Research		u
Perilous Shadow		b
Perilous Snare		w
Perilous Vault		
Perilous Voyage		u
Perimeter Captain		w
Perimeter Enforcer		w
Perimeter Patrol		g
Perimeter Sergeant		w
Perish		b
Perish the Thought		b
Permafrost Trap		u
Permeating Mass		g
Permission Denied		wu
Pernicious Deed		bg
Perpetual Timepiece		
Perplex		ub
Perplexing Chimera		u
Perplexing Test		u
Perrie, the Pulverizer		wug
Persecute		b
Persecute Artist		b
Persist		b
Persistent Constrictor		b
Persistent Marshstalker		b
Persistent Nightmare		u
Persistent Nightmare // Startled Awake		u
Persistent Petitioners		u
Persistent Specimen		b
Person of Interest		r
Personal Decoy		wu
Personal Incarnation		w
Personal Sanctuary		w
Personal Tutor		u
Personify		w
Persuasion		u
Persuasive Interrogators		b
Pest Control		wb
Pest Friend		bg
Pest Friend // Lluwen, Exchange Student		bg
Pest Infestation		g
Pest Mascot		bg
Pest Problem		r
Pest Problem // Ratcatcher Trainee		r
Pest Rescuer		g
Pest Summoning		bg
Pestbrood Sloth		g
Pestered Wellguard		u
Pestermite		u
Pestilence		b
Pestilence Demon		b
Pestilence Rats		b
Pestilent Cauldron		bg
Pestilent Cauldron // Restorative Burst		bg
Pestilent Haze		b
Pestilent Kathari		br
Pestilent Souleater		b
Pestilent Spirit		b
Pestilent Syphoner		b
Pestilent Wolf		g
Pests of Honor		w
Pet Avengers		g
Pet Project		
Petalmane Baku	wubrg	g
Petals of Insight		u
Peter Parker		wug
Peter Parker // Amazing Spider-Man		wug
Peter Parker's Camera		
Petra Sphinx		w
Petradon		r
Petrahydrox		ur
Petravark		r
Petrified Field	c	
Petrified Hamlet	c	
Petrified Plating		g
Petrified Wood-Kin		g
Petrify		w
Petrifying Meddler		u
Petting Zookeeper		g
Petty Larceny		b
Petty Revenge		bg
Petty Revenge // Disruptive Stormbrood		bg
Petty Theft		u
Petty Theft // Brazen Borrower		u
Pewter Golem		b
Phabine, Boss's Confidant		wrg
Phage the Untouchable		b
Phage the Untouchable Avatar		
Phalanx Formation		w
Phalanx Leader		w
Phalanx Tactics		w
Phalanx Vanguard		w
Phantasmagorian		b
Phantasmal Abomination		u
Phantasmal Bear		u
Phantasmal Dragon		u
Phantasmal Dreadmaw		u
Phantasmal Extraction		b
Phantasmal Fiend		ub
Phantasmal Forces		u
Phantasmal Form		u
Phantasmal Image		u
Phantasmal Mount		u
Phantasmal Shieldback		u
Phantasmal Sphere		u
Phantasmal Terrain		u
Phantatog		wu
Phantom Beast		u
Phantom Blade		b
Phantom Carriage		u
Phantom Centaur		g
Phantom Flock		w
Phantom General		w
Phantom Interference		u
Phantom Monster		u
Phantom Nantuko		g
Phantom Ninja		u
Phantom Nishoba		wg
Phantom Nomad		w
Phantom Steed		u
Phantom Tiger		g
Phantom Train		b
Phantom Warrior		u
Phantom Whelp		u
Phantom Wings		u
Phantom Wurm		g
Pharagax Giant		r
Pharaoh Rama-Tut		u
Pharika's Chosen		b
Pharika's Cure		b
Pharika's Disciple		g
Pharika's Libation		b
Pharika's Mender		bg
Pharika's Spawn		b
Pharika, God of Affliction		bg
Phase Dolphin		u
Phelddagrif		wug
Phelia, Exuberant Shepherd		w
Phenax, God of Deception		ub
Phenomenon Investigators		ub
Pheres-Band Brawler		g
Pheres-Band Centaurs		g
Pheres-Band Raiders		g
Pheres-Band Thunderhoof		g
Pheres-Band Tromper		g
Pheres-Band Warchief		g
Phial of Galadriel	wubrg	
Phila, Unsealed		wubrg
Phlage, Titan of Fire's Fury		wr
Phobian Phantasm		b
Phoebe, Head of S.N.E.A.K.		ub
Phoenix Chick		r
Phoenix Down		w
Phoenix Fleet Airship		b
Phoenix Heart		r
Phoenix of Ash		r
Phoenix of Iteration		ur
Phoenix, Warden of Fire		wr
Phoenix, Warden of Fire // Joshua, Phoenix's Dominant		wr
Phone a Friend		u
Phosphorescent Feast		g
Photo Op		b
Photon Blast Barrage		r
Photon, Lady of Light		w
Photon, Living Light		wr
Photon, Living Light // Monica Rambeau		wr
Photon, Mighty Marvel	wubrg	r
Phthisis		b
Phylactery Lich		b
Phylath, World Sculptor		rg
Phyresis		b
Phyresis Outbreak		b
Phyresis Roach		g
Phyrexia's Core	c	
Phyrexian Adapter		u
Phyrexian Altar	wubrg	
Phyrexian Archivist		
Phyrexian Arena		b
Phyrexian Atlas	wubrg	
Phyrexian Awakening		w
Phyrexian Battleflies		b
Phyrexian Bloodstock		b
Phyrexian Boon		b
Phyrexian Broodlings		b
Phyrexian Broodstar		u
Phyrexian Censor		w
Phyrexian Chimney Imp		b
Phyrexian Colossus		
Phyrexian Crusader		b
Phyrexian Cytoshaper		g
Phyrexian Debaser		b
Phyrexian Defiler		b
Phyrexian Delver		b
Phyrexian Denouncer		b
Phyrexian Devourer		
Phyrexian Digester		
Phyrexian Dragon Engine		r
Phyrexian Dragon Engine // Mishra, Lost to Phyrexia		r
Phyrexian Dreadnought		
Phyrexian Driver		b
Phyrexian Espionage		ub
Phyrexian Esthetician		r
Phyrexian Etchings		b
Phyrexian Fleshgorger		b
Phyrexian Furnace		
Phyrexian Gargantua		b
Phyrexian Ghoul		b
Phyrexian Gremlins		b
Phyrexian Grimoire		
Phyrexian Harvester		r
Phyrexian Hulk		
Phyrexian Hydra		g
Phyrexian Incubator		
Phyrexian Infiltrator		ub
Phyrexian Ingester		u
Phyrexian Ironfoot		
Phyrexian Ironworks		r
Phyrexian Juggernaut		
Phyrexian Lens	wubrg	
Phyrexian Librarian		b
Phyrexian Marauder		
Phyrexian Metamorph		u
Phyrexian Midway Bamboozle		
Phyrexian Missionary		wb
Phyrexian Monitor		b
Phyrexian Negator		b
Phyrexian Obliterator		b
Phyrexian Ornithopter		
Phyrexian Pegasus		w
Phyrexian Plaguelord		b
Phyrexian Portal		
Phyrexian Processor		
Phyrexian Prowler		b
Phyrexian Purge		br
Phyrexian Rager		b
Phyrexian Reaper		b
Phyrexian Rebirth		w
Phyrexian Reclamation		b
Phyrexian Revoker		
Phyrexian Scrapyard	c	
Phyrexian Scriptures		b
Phyrexian Scuta		b
Phyrexian Seedling		g
Phyrexian Skyflayer		wr
Phyrexian Skyflayer // Harried Artisan		wr
Phyrexian Slayer		b
Phyrexian Snowcrusher		
Phyrexian Soulgorger		
Phyrexian Splicer		
Phyrexian Swarmlord		g
Phyrexian Totem	b	b
Phyrexian Tower	bc	
Phyrexian Tribute		b
Phyrexian Triniform		
Phyrexian Tyranny		ubr
Phyrexian Unlife		w
Phyrexian Vatmother		b
Phyrexian Vault		
Phyrexian Vindicator		w
Phyrexian Vivisector		b
Phyrexian Walker		
Phyrexian War Beast		
Phyrexian Warhorse		wb
Phytoburst		g
Phytohydra		wg
Phytotitan		g
Pia Nalaar		r
Pia Nalaar, Chief Mechanic		urg
Pia Nalaar, Consul of Revival		wr
Pia and Kiran Nalaar		r
Pia's Revolution		r
Pianna, Nomad Captain		w
Picard, Steadfast Captain		w
Pick Up the Pace		r
Pick Your Poison		g
Pick the Brain		b
Pick-a-Beeble		
Picklock Prankster		u
Picklock Prankster // Free the Fae		u
Picnic Ruiner		rg
Picnic Ruiner // Stolen Goodies		rg
Pictures of Spider-Man		g
Pie-Eating Contest		g
Pie-roclasm		r
Pie-roclasm // Omniclown Colossus		r
Piece It Together		u
Pieces of the Puzzle		u
Pierce Strider		
Pierce the Sky		g
Piercing Exhale		g
Piercing Light		w
Piercing Rays		w
Pietra, Crafter of Clowns		wr
Piety		w
Piety Charm		w
Piggy Bank		r
Pigment Storm		r
Pigment Wrangler		r
Pigment Wrangler // Striking Palette		r
Pikemen		w
Pile On		b
Pileated Provisioner		w
Pilfer		b
Pilfered Plans		ub
Pilfering Hawk		u
Pilfering Imp		b
Pilgrim of Justice		w
Pilgrim of Virtue		w
Pilgrim of the Ages		w
Pilgrim of the Fires		
Pilgrim's Eye		
Pili-Pala	wubrg	
Pillage		r
Pillage the Bog		bg
Pillaging Horde		r
Pillar Launch		g
Pillar Tombs of Aku		b
Pillar of Flame		r
Pillar of Light		w
Pillar of Origins	wubrg	
Pillar of War		
Pillar of the Paruns	wubrg	
Pillardrop Rescuer		w
Pillardrop Warden		r
Pillarfield Ox		w
Pillarverge Pathway	wr	
Pillarverge Pathway // Needleverge Pathway	wr	
Pillory of the Sleepless		wb
Pin Collection		w
Pin Collector's Booth		
Pin Trading		
Pin to the Earth		u
Pincer Spider		g
Pincher Beetles		g
Pinchy McStingbutt		b
Pine Barrens	bgc	
Pine Walker		g
Pinecrest Ridge	rgc	
Pinion Feast		g
Pink Horror		ur
Pinkie Pie		wr
Pinnacle Emissary		ur
Pinnacle Kill-Ship		
Pinnacle Monk	r	r
Pinnacle Monk // Mystic Peak	r	r
Pinnacle Starcage		w
Pinnacle of Rage		r
Pinpoint Avalanche		r
Pious Evangel		w
Pious Evangel // Wayward Disciple		w
Pious Interdiction		w
Pious Kitsune		w
Pious Warrior		w
Pious Wayfarer		w
Pip-Boy 3000		
Piper Wright, Publick Reporter		u
Piper of the Swarm		b
Piper's Melody		g
Pippa, Duchess of Dice		ug
Pippin's Bravery		g
Pippin, Guard of the Citadel		wu
Pippin, Warden of Isengard		bg
Pipsqueak, Rebel Strongarm		w
Pir's Whim		g
Pir, Imaginative Rascal		g
Piracy		u
Piracy Charm		u
Piranha Fly		u
Piranha Marsh	b	
Pirate Hat		u
Pirate Peddlers		b
Pirate Ship		u
Pirate's Cutlass		
Pirate's Landing		r
Pirate's Pillage		r
Pirate's Prize		u
Pirated Copy		u
Pirk, Heroic Captain		wu
Piru, the Volatile		wbr
Piston Sledge		
Piston-Fist Cyclops		ur
Pistus Strike		g
Pit Automaton	c	
Pit Fight		rg
Pit Imp		b
Pit Keeper		b
Pit Raptor		b
Pit Scorpion		b
Pit Spawn		b
Pit Trap		
Pit of Offerings	wubrgc	
Pitchburn Devils		r
Pitchstone Wall		r
Pitfall Trap		w
Pith Driller		b
Pithing Needle		
Pithing Spyglass		
Pitiless Carnage		b
Pitiless Fists		g
Pitiless Gorgon		bg
Pitiless Horde		b
Pitiless Plunderer		b
Pitiless Pontiff		wb
Pitiless Vizier		b
Pixie Dust		u
Pixie Dust // Moonshae Pixie		u
Pixie Guide		u
Pixie Illusionist		ug
Pixie Queen		g
Pizza Face, Gastromancer		bg
Placid Rottentail		g
Plagiarize		u
Plagon, Lord of the Beach		wu
Plague Beetle		b
Plague Belcher		b
Plague Boiler		bg
Plague Dogs		b
Plague Drone		b
Plague Engineer		b
Plague Fiend		b
Plague Mare		b
Plague Myr	c	
Plague Nurse		g
Plague Rats		b
Plague Reaver		b
Plague Sliver		b
Plague Spitter		b
Plague Spores		br
Plague Stinger		b
Plague Wight		b
Plague Wind		b
Plague Witch		b
Plague of Vermin		b
Plaguebearer		b
Plaguecrafter		b
Plaguecrafter's Familiar		b
Plagued Rusalka		b
Plaguemaw Beast		g
Plain Walker		w
Plains	w	
Plan the Heist		u
Planar Ally		w
Planar Atlas	c	
Planar Birth		w
Planar Bridge		
Planar Chaos		r
Planar Cleansing		w
Planar Collapse		w
Planar Despair		b
Planar Disruption		w
Planar Engineering		g
Planar Gate		
Planar Genesis		ug
Planar Guide		w
Planar Incision		u
Planar Nexus	wubrgc	
Planar Outburst		w
Planar Overlay		u
Planar Portal		
Planar Void		b
Plane-Merge Elf		g
Planebound Accomplice		r
Planequake		r
Planeswalker's Favor		g
Planeswalker's Fury		r
Planeswalker's Mirth		w
Planeswalker's Mischief		u
Planeswalker's Scorn		b
Planeswalkerificate	r	r
Planetarium of Wan Shi Tong		
Planetary Annihilation		r
Planewide Celebration		g
Planewide Disaster		
Plant Beans		g
Plant Beans // Beanstalk Wurm		g
Plant Elemental		g
Plant Tadpoles		u
Plant Tadpoles // Illithid Harvester		u
Plant a Sapling		g
Plant a Sapling // Fully-Grown Treefolk		g
Plargg and Nassari		r
Plargg, Dean of Chaos		wr
Plargg, Dean of Chaos // Augusta, Dean of Order		wr
Plasm Capture	wubrg	ug
Plasma Bolt		r
Plasma Caster		r
Plasma Elemental		u
Plasma Jockey		r
Plasmancer		b
Plate Armor		w
Plate Spinning		u
Plateau	wr	
Plated Crusher		g
Plated Geopede		r
Plated Kilnbeast		rg
Plated Kilnbeast // Bonded Herdbeast		rg
Plated Onslaught		w
Plated Pegasus		w
Plated Rootwalla		g
Plated Seastrider		u
Plated Slagwurm		g
Plated Sliver		w
Plated Spider		g
Plated Wurm		g
Platinum Angel		
Platinum Angel Avatar		
Platinum Emperion		
Platinum Persecutor		
Platoon Dispenser		w
Platypus-Bear		ug
Plaxcaster Frogling		ug
Plaxmanta		ug
Play of the Game		w
Play with Fire		r
Playable Delusionary Hydra		
Playful Shove		r
Playtest Wish		
Plaza of Harmony	wubrgc	
Plaza of Heroes	wubrgc	
Plea for Guidance		w
Plea for Power		u
Pledge of Loyalty		w
Pledge of Unity		wg
Plot Armor		g
Plots That Span Centuries		
Plover Knights		w
Plow Through		g
Plow Through Reito		w
Plow Under		g
Plumb the Forbidden		b
Plumecreed Escort		u
Plumecreed Mentor		wu
Plumes of Peace		wu
Plumeveil		wu
Plummet		g
Plunder		r
Plundered Statue		
Plunderer's Prize		u
Plundering Barbarian		r
Plundering Pirate		r
Plundering Predator		r
Plunge into Darkness		b
Plunge into Winter		w
Poet's Quill		b
Poetic Ingenuity		r
Point the Way		g
Point to the Scoreboard		u
Pointed Discussion		b
Pointy Finger of Doom		
Poised Practitioner		w
Poison Arrow		b
Poison Dart Frog	wubrg	g
Poison the Blade		g
Poison the Cup		b
Poison the Waters		b
Poison the Well		br
Poison-Blade Mentor		b
Poison-Tip Archer		bg
Poisonbelly Ogre		b
Poisoner's Apprentice		b
Pokey, the Scallywagg		ur
Pol Jamaar, Illusionist		u
Polar Kraken		u
Polis Crusher		rg
Polis the Planeshifter		wubrg
Political Trickery		u
Political Triumph		w
Pollen Lullaby		w
Pollen Remedy		w
Pollen-Shield Hare		wg
Pollen-Shield Hare // Hare Raising		wg
Pollenbright Druid		g
Pollenbright Wings		wg
Polliwallop		g
Polluted Bonds		b
Polluted Cistern		b
Polluted Cistern // Dim Oubliette		b
Polluted Dead		b
Polluted Delta		
Polluted Mire	b	
Pollywog Prodigy		u
Pollywog Symbiote		u
Polterheist		br
Polukranos Reborn		wg
Polukranos Reborn // Polukranos, Engine of Ruin		wg
Polukranos, Engine of Ruin		wg
Polukranos, Engine of Ruin // Polukranos Reborn		wg
Polukranos, Unchained		bg
Polukranos, World Eater		g
Polygoyf		g
Polygraph Orb		b
Polymorph		u
Polymorphist's Jest		u
Polymorphous Rush		u
Polyraptor		g
Pompeii		
Pompous Gadabout		g
Pond Prophet		ug
Ponder		u
Pondering Mage		u
Pongify		u
Pontiff of Blight		wb
Ponyback Brigade		wbr
Pool Resources		u
Pool of Vigorous Growth		g
Pooling Venom		b
Pools of Becoming		
Pop Quiz		u
Poppet Factory		u
Poppet Factory // Poppet Stitcher		u
Poppet Stitcher		u
Poppet Stitcher // Poppet Factory		u
Popular Egotist		b
Popular Entertainer		r
Porcelain Gallery		w
Porcelain Gallery // Dollmaker's Shop		w
Porcelain Legionnaire		w
Porcelain Zealot		w
Porcine Portent		wb
Porcine Portent // Lend a Ham		wb
Porcuparrot		r
Pore Over the Pages		u
Porphyry Nodes		w
Port Inspector		u
Port Razer		r
Port Town	wu	
Port of Karfell	u	ub
Portable Hole		w
Portal Mage		u
Portal Manipulator		wu
Portal of Sanctuary		u
Portal to Phyrexia		
Portcullis		
Portcullis Vine		g
Portent		u
Portent Tracker		g
Portent of Betrayal		r
Portent of Calamity		u
Portrait of Michiko		w
Portrait of Michiko // Michiko's Reign of Truth		w
Possessed Aven		ub
Possessed Barbarian		br
Possessed Centaur		bg
Possessed Goat		w
Possessed Nomad		wb
Possessed Portal		
Possessed Skaab		ub
Possession Engine		u
Possibility Storm		r
Possibility Technician		r
Postmortem Lunge		b
Postmortem Professor		b
Potatoes		
Pothole Mole		g
Potion of Healing		w
Potioner's Trove	wubrg	
Poultice Sliver		w
Poultrygeist		b
Pounce		g
Pouncing Cheetah		g
Pouncing Jaguar		g
Pouncing Kavu		r
Pouncing Lynx		w
Pouncing Shoreshark		u
Pouncing Wurm		g
Powder Ganger		r
Powder Keg		
Power Armor		
Power Artifact		u
Power Boost		r
Power Conduit		
Power Depot	wubrgc	
Power Fist		g
Power Leak		u
Power Level Analyzer		
Power Matrix		
Power Pack		wurg
Power Plant Worker		
Power Play		
Power Sink		u
Power Struggle		u
Power Surge		r
Power Taint		u
Power Without Equal		
Power Word Kill		b
Power of Fire		r
Power of Persuasion		u
Powerbalance		r
Powerful Broker		g
Powerleech		g
Powerstone Engineer		w
Powerstone Fracture		b
Powerstone Minefield		wr
Powerstone Shard	c	
Pox		b
Pox Plague		b
Poxwalkers		b
Practical Research		ur
Practiced Offense		w
Practiced Scrollsmith		wr
Practiced Tactics		w
Pradesh Gypsies		g
Praetor's Counsel		g
Praetor's Grasp		b
Praetorhoof Behemoth		g
Prahv		
Prahv, Spires of Order	c	wu
Prairie Dog		w
Prairie Stream	wu	
Prairie Survivalist		w
Prakhata Club Security		b
Prakhata Pillar-Bug		b
Pramikon, Sky Rampart		wur
Prava of the Steel Legion		w
Prayer of Binding		w
Pre-War Formalwear		w
Preacher		w
Preacher of the Schism		b
Precinct Captain		w
Precipitous Drop		b
Precise Strike		r
Precision Bolt		r
Precognition		u
Precognition Field		u
Precognitive Perception		u
Precursor Golem		
Predation Steward		g
Predator Dragon		r
Predator Ooze		g
Predator's Gambit		b
Predator's Howl		g
Predator's Rapport		g
Predator's Strike		g
Predator, Flagship		
Predators' Hour		b
Predatory Advantage		rg
Predatory Focus		g
Predatory Hunger		g
Predatory Impetus		g
Predatory Nightstalker		b
Predatory Rampage		g
Predatory Sliver		g
Predatory Sludge		b
Predatory Urge		g
Predatory Wurm		g
Predict		u
Preeminent Captain		w
Preemptive Strike		u
Preening Champion		u
Preferred Selection		g
Prehistoric Pet		w
Prehistoric Turtlesaurus		g
Premature Burial		b
Preordain		u
Prepare		wg
Prepare // Fight		wg
Preponderant Pearl		u
Preposterous Proportions		g
Prescient Chimera		u
Presence of Gond		g
Presence of the Master		w
Presence of the Wise		w
Present Arms		u
Present Arms // Decorated Knight		u
Press for Answers		u
Press into Service		r
Press the Advantage		g
Press the Enemy		u
Pressure Point		w
Preston Garvey, Minuteman	wubrg	wrg
Preston's Stage		
Preston, the Vanisher		w
Presumed Dead		b
Pretender's Claim		b
Pretending Poxbearers		wb
Prey Upon		g
Prey's Vengeance		g
Preyseizer Dragon		r
Price of Beauty		b
Price of Beauty // Conceited Witch		b
Price of Betrayal		b
Price of Fame		b
Price of Freedom		r
Price of Glory		r
Price of Knowledge		b
Price of Loyalty		r
Price of Progress		r
Prickle Faeries		b
Prickle Faeries // Invasion of Eldraine		b
Prickleboar		r
Prickly Boggart		b
Prickly Marmoset		r
Prickly Pair		r
Pride Guardian		w
Pride Sovereign		wg
Pride of Conquerors		w
Pride of Lions		g
Pride of the Clouds		wu
Pride of the Perfect		b
Pride of the Road		w
Prideful Feastling		wb
Prideful Parent		w
Pridemalkin		g
Priest of Ancient Lore		w
Priest of Fell Rites		wb
Priest of Forgotten Gods	b	b
Priest of Gix	b	b
Priest of Iroas		wr
Priest of Possibility		w
Priest of Titania	g	g
Priest of Urabrask	r	r
Priest of Yawgmoth	b	b
Priest of the Blessed Graf		w
Priest of the Blood Rite		b
Priest of the Crossing		w
Priest of the Haunted Edge		b
Priest of the Wakening Sun		w
Priests of Norn		w
Primal Adversary		g
Primal Amulet	wubrg	
Primal Amulet // Primal Wellspring	wubrg	
Primal Bellow		g
Primal Beyond	wubrgc	
Primal Boost		g
Primal Clay		
Primal Cocoon		g
Primal Command		g
Primal Druid		g
Primal Elder Kitty		
Primal Empathy		ug
Primal Forcemage		g
Primal Frenzy		g
Primal Growth		g
Primal Huntbeast		g
Primal Might		g
Primal Order		g
Primal Plasma		u
Primal Prayers		g
Primal Rage		g
Primal Surge		g
Primal Vigor		g
Primal Visitation		rg
Primal Wellspring	wubrg	
Primal Wellspring // Primal Amulet	wubrg	
Primal Whisperer		g
Primalcrux		g
Primaris Chaplain		wb
Primaris Eliminator		b
Primary Research		w
Prime Minister's Cabinet Room		
Prime Speaker Vannifar		ug
Prime Speaker Zegana		ug
Primetime Suspect		g
Primeval Bounty		g
Primeval Force		g
Primeval Herald		g
Primeval Light		g
Primeval Protector		g
Primeval Shambler		b
Primeval Spawn		wubrg
Primeval Titan		g
Primevals' Glorious Rebirth		wb
Primitive Etchings		g
Primitive Justice		rg
Primo, the Unbounded		ug
Primoc Escapee		u
Primordial Gnawer		b
Primordial Hydra		g
Primordial Mist		u
Primordial Ooze		r
Primordial Pachyderm		g
Primordial Plasm		g
Primordial Plasm // Invasion of Muraganda		g
Primordial Sage		g
Primordial Wurm		g
Prince Imrahil the Fair		wu
Prince of Thralls		ubr
Princess Lucrezia	u	ub
Princess Luna		b
Princess Luna // Nightmare Moon		b
Princess Snowfall		wr
Princess Twilight Sparkle		wubrg
Princess Yue	c	u
Printlifter Ooze		g
Priority Avenger		w
Priority Boarding		r
Prishe's Wanderings		g
Prism Array		wubrg
Prism Ring		
Prismabasher		g
Prismari Apprentice		ur
Prismari Campus	ur	
Prismari Charm		ur
Prismari Command		ur
Prismari Pianist		r
Prismari Pledgemage		ur
Prismari, the Inspiration		ur
Prismatic Boon		wu
Prismatic Circle		w
Prismatic Dragon		w
Prismatic Ending		w
Prismatic Geoscope	wubrg	
Prismatic Lace		u
Prismatic Lens	wubrgc	
Prismatic Omen		g
Prismatic Strands		w
Prismatic Undercurrents		g
Prismatic Vista		
Prismatic Ward		w
Prismatic Wardrobe		w
Prismite	wubrg	
Prismwake Merrow		u
Prison Barricade		w
Prison Break		b
Prison Realm		w
Prison Sentence		w
Prison Term		w
Prisoner's Dilemma		r
Pristine Angel		w
Pristine Skywise		wu
Pristine Talisman	c	
Private Eye		wu
Private Research		u
Privileged Position		wg
Prize Pig	wubrg	g
Prize Wall		u
Prized Amalgam		ub
Prized Elephant		wg
Prized Griffin		w
Prized Statue		
Prized Unicorn		g
Prizefight		g
Prizefighter Construct		
Probability Flux		
Probe		ub
Problematic Volcano		r
Processing Plant	wubc	
Processor Assault		r
Proclamation of Rebirth		w
Procrastinate		u
Proctor's Gaze		ug
Prodigal Pyromancer		r
Prodigal Sorcerer		u
Prodigal Sorcerer Avatar		
Prodigious Growth		g
Prodigy's Prototype		wu
Profane Command		b
Profane Insight		b
Profane Insight // Foulmire Knight		b
Profane Memento		
Profane Prayers		b
Profane Procession	wubrg	wb
Profane Procession // Tomb of the Dusk Rose	wubrg	wb
Profane Transfusion		b
Profane Tutor		b
Profaner of the Dead		u
Professional Face-Breaker		r
Professional Wrestler		g
Professor Dellian Fel		bg
Professor Hojo		g
Professor Hulk		u
Professor Onyx		b
Professor Zei, Anthropologist		ur
Professor of Symbology		w
Professor of Zoomancy		g
Professor's Warning		b
Proficient Pyrodancer		r
Profit		wb
Profit // Loss		wb
Profound Journey		w
Proft's Eidetic Memory		u
Progenitor Exarch		w
Progenitor Mimic		ug
Progenitor's Icon	wubrg	
Progenitus		wubrg
Prognostic Sphinx		u
Prohibit		u
Project Deathlok Soldier		b
Projektor Inspector		u
Prologue to Phyresis		u
Promise of Aclazotz		b
Promise of Aclazotz // Foul Rebirth		b
Promise of Bunrei		w
Promise of Loyalty		w
Promise of Power		b
Promise of Tomorrow		w
Promised Kannushi		g
Promising Duskmage		b
Promising Stairs		u
Promising Stairs // Central Elevator		u
Promising Vein	c	
Prompto Argentum		r
Prop Room		w
Prop Room // Dazzling Theater		w
Propaganda		u
Propagator Drone	c	g
Propagator Primordium		g
Propeller Pioneer		w
Proper Burial		w
Proper Laboratory Attire		
Prophecy		w
Prophet of Distortion		uc
Prophet of Kruphix		ug
Prophet of the Peak		
Prophet of the Scarab		u
Prophetic Bolt		ur
Prophetic Flamespeaker		r
Prophetic Prism	wubrg	
Prophetic Ravings		r
Prophetic Titan		ur
Proposal		w
Prosper, Tome-Bound		br
Prosperity		u
Prosperity Tycoon		w
Prosperous Bandit		r
Prosperous Innkeeper		g
Prosperous Partnership		wr
Prosperous Pirates		u
Prosperous Thief		u
Prossh, Skyraider of Kher		brg
Prosthetic Injector		
Protean Hulk		g
Protean Hydra		g
Protean Raider		ur
Protean Thaumaturge		u
Protean War Engine		wr
Protect		wu
Protect // Serve		wu
Protect the Negotiators		wu
Protection Magic		w
Protection Racket		b
Protection of the Hekma		w
Protective Bubble		u
Protective Parents		w
Protective Response		w
Protective Sphere		w
Protector of Gondor		w
Protector of the Crown		w
Protector of the Wastes		w
Proteus Machine		
Proteus Staff		u
Protocol Knight		u
Protomatter Powder		wu
Prototype Portal		
Prototype X-8		ub
Proud Mentor		w
Proud Pack-Rhino		w
Proud Wildbonder		rg
Proven Combatant		u
Providence		w
Providence of Night		wubrg
Provisions Merchant		g
Provoke		g
Provoke the Trolls		r
Prowcatcher Specialist		r
Prowess of the Fair		b
Prowl, Pursuit Vehicle		w
Prowl, Pursuit Vehicle // Prowl, Stoic Strategist		w
Prowl, Stoic Strategist		w
Prowl, Stoic Strategist // Prowl, Pursuit Vehicle		w
Prowler's Helm		
Prowler, Clawed Thief		ub
Prowler, Misguided Mentor		g
Prowling Caracal		w
Prowling Felidar		w
Prowling Geistcatcher		b
Prowling Nightstalker		b
Prowling Pangolin		b
Prowling Serpopard		g
Prudent Fateseer		wu
Prudent Fateseer // Peer Review		wu
Prying Blade		
Prying Eyes		u
Prying Questions		b
Psemilla, Meletian Poet		w
Pseudodragon Familiar		u
Psionic Blast		u
Psionic Entity		u
Psionic Gift		u
Psionic Pulse		u
Psionic Pulse // Sapphire Dragon		u
Psionic Ritual		u
Psionic Sliver		u
Psionic Snoop		u
Psychatog		ub
Psychic Allergy		u
Psychic Barrier		u
Psychic Battle		u
Psychic Corrosion		u
Psychic Drain		ub
Psychic Frog		ub
Psychic Impetus		u
Psychic Intrusion		ub
Psychic Membrane		u
Psychic Miasma		b
Psychic Network		u
Psychic Overload		u
Psychic Paper		
Psychic Pickpocket		u
Psychic Possession		u
Psychic Puppetry		u
Psychic Purge		u
Psychic Rebuttal		u
Psychic Spear		b
Psychic Spiral		u
Psychic Strike		ub
Psychic Surgery		u
Psychic Symbiont		ub
Psychic Theft		u
Psychic Trance		u
Psychic Transfer		u
Psychic Venom		u
Psychic Vortex		u
Psychic Whorl		b
Psychogenic Probe		
Psychomancer		b
Psychosis Crawler		
Psychotic Episode		b
Psychotic Fury		r
Psychotic Haze		b
Psychotrope Thallid		g
Pterafractyl		ug
Pteramander		u
Pterodon Knight		w
Pteron Ghost		w
PuPu UFO		
Public Enemy		u
Public Execution		b
Public Thoroughfare	wubrg	
Puca's Covenant		g
Puca's Eye		
Puca's Mischief		u
Puffer Extract		
Pugnacious Hammerskull		g
Pugnacious Pugilist		r
Pull		wbr
Pull // Push		wbr
Pull Through the Weft		g
Pull Under		b
Pull from Eternity		w
Pull from Tomorrow		u
Pull from the Deep		u
Pull from the Grave		b
Pull of the Mist Moon		wu
Pulling Teeth		b
Pulmonic Sliver		w
Pulsar Squadron Ace		w
Pulsating Illusion		u
Pulse Tracker		b
Pulse of Llanowar		g
Pulse of Murasa		g
Pulse of the Dross		b
Pulse of the Fields		w
Pulse of the Forge		r
Pulse of the Grid		u
Pulse of the Hunter Maze		g
Pulse of the Tangle		g
Pulsemage Advocate		w
Pulverize		r
Pummeler for Hire		g
Pumpkin Bombardment		br
Pumpkin Bombs		r
Punctuate		r
Puncture Blast		r
Puncture Bolt		r
Puncturing Blow		r
Puncturing Light		w
Punish Ignorance		wub
Punish the Enemy		r
Punishing Fire		r
Punishing Punch		g
Punishment		wbg
Punishment // Crime		wbg
Punk Frogs		ug
Puny Snack		bg
Puny Snack // Gingerbread Hunter		bg
Puppet Conjurer		ub
Puppet Master		u
Puppet Master, String Puller		r
Puppet Raiser		b
Puppet Strings		
Puppet's Verdict		r
Puppeteer		u
Puppeteer Clique		b
Pure		wrg
Pure // Simple		wrg
Pure Intentions		w
Pure Reflection		w
Purelace		w
Puresight Merrow		wu
Puresteel Angel		
Puresteel Paladin		w
Purestrain Genestealer		g
Purgatory		wb
Purge		w
Purge the Profane		wb
Purging Scythe		
Purging Stormbrood		wb
Purging Stormbrood // Absorb Essence		wb
Purify		w
Purify the Grave		w
Purifying Dragon		r
Purity		w
Purphoros's Emissary		r
Purphoros's Intervention		r
Purphoros, Bronze-Blooded		r
Purphoros, God of the Forge		r
Purple Dragon Punks	r	r
Purple Pentapus		b
Purple Worm		g
Purple-Crystal Crab		u
Purraj of Urborg		b
Pursue Glory		r
Pursue the Past		wr
Pursued Whale		u
Pursued by Something		
Pursuit of Flight		ur
Pursuit of Knowledge		w
Pus Kami		b
Push		wbr
Push // Pull		wbr
Push Your Luck		
Push the Limit		r
Put Away		u
Putrefaction		b
Putrefax		g
Putrefy		bg
Putrefying Rotboar		b
Putrid Cyclops		b
Putrid Goblin		b
Putrid Hexhag		b
Putrid Imp		b
Putrid Leech		bg
Putrid Pals		bg
Putrid Raptor		b
Putrid Warrior		wb
Pygmy Allosaurus		g
Pygmy Giant		r
Pygmy Hippo	c	ug
Pygmy Kavu		g
Pygmy Pyrosaur		r
Pygmy Razorback		g
Pygmy Troll		g
Pyknite		g
Pym Particles		u
Pym Technologies	ug	
Pyramid of the Pantheon	wubrg	
Pyramids		
Pyre Charger		r
Pyre Hound		r
Pyre Spawn		r
Pyre Zombie		br
Pyre of Heroes		
Pyre of the World Tree		r
Pyre of the World Tree // Invasion of Kaldheim		r
Pyre-Sledge Arsonist		r
Pyreheart Wolf		r
Pyreswipe Hawk		r
Pyretic Charge		r
Pyretic Hunter		r
Pyretic Prankster		br
Pyretic Prankster // Glistening Goremonger		br
Pyretic Rebirth		br
Pyretic Ritual	r	r
Pyrewild Shaman		r
Pyrewood Gearhulk		rg
Pyric Salamander		r
Pyrite Spellbomb		r
Pyroblast		r
Pyroceratops		r
Pyroclasm		r
Pyroclast Consul		r
Pyroclastic Elemental		r
Pyroclastic Hellion		r
Pyroconvergence		r
Pyrogoyf		r
Pyrohemia		r
Pyrokinesis		r
Pyromancer Ascension		r
Pyromancer's Assault		r
Pyromancer's Gauntlet		
Pyromancer's Goggles	r	
Pyromancer's Swath		r
Pyromancy		r
Pyromancy 101		r
Pyromania		r
Pyromantic Pilgrim		r
Pyromatics		r
Pyrophobia		r
Pyrostatic Pillar		r
Pyrotechnic Performer		r
Pyrotechnics		r
Pyrrhic Blast		r
Pyrrhic Revival		wb
Pyrrhic Strike		w
Python		b
Pyxis of Pandemonium		
Qal Sisma Behemoth		r
Qala, Ajani's Pridemate		w
Qarsi Deceiver	c	u
Qarsi High Priest		b
Qarsi Revenant		b
Qarsi Sadist		b
Qasali Ambusher		wg
Qasali Pridemage		wg
Qasali Slingers		g
Qilin's Blessing		w
Qiqirn Merchant		u
Quag Feast		b
Quag Sickness		b
Quag Vampires		b
Quagmire		b
Quagmire Druid		bg
Quagmire Lamprey		b
Quagnoth		g
Quake, Agent of S.H.I.E.L.D.		w
Quakebringer		r
Quakefoot Cyclops		r
Quakestrider Ceratops		g
Quaketusk Boar		r
Quandrix Apprentice		ug
Quandrix Campus	ug	
Quandrix Charm		ug
Quandrix Command		ug
Quandrix Cultivator		ug
Quandrix Pledgemage		ug
Quandrix, the Proof		ug
Quantum Entanglement		w
Quantum Misalignment		u
Quantum Reduction		u
Quantum Riddler		u
Quarantine Field		w
Quarrel's End		r
Quarry Beetle		g
Quarry Colossus		w
Quarry Hauler		g
Quartzwood Crasher		rg
Quarum Trench Gnomes		r
Quash		u
Quasiduplicate		u
Queen Allenal of Ruadach		wg
Queen Brahne		r
Queen Kayla bin-Kroog		wr
Queen Marchesa		wbr
Queen Mother Ramonda		w
Queen of Ice		u
Queen of Ice // Rage of Winter		u
Queen's Agent		b
Queen's Bay Paladin		b
Queen's Bay Soldier		b
Queen's Commission		w
Quench		u
Quenchable Fire		ur
Quest Compleated Beast		b
Quest for Ancient Secrets		u
Quest for Pure Flame		r
Quest for Renewal		g
Quest for Ula's Temple		u
Quest for the Gemblades		g
Quest for the Goblin Lord		r
Quest for the Gravelord		b
Quest for the Holy Relic		w
Quest for the Necropolis		b
Quest for the Nihil Stone		b
Questing Beast		g
Questing Cosplayer		g
Questing Druid		rg
Questing Druid // Seek the Beast		rg
Questing Phelddagrif		wug
Question Elemental?		u
Questionable Cuisine		b
Queue of Beetles		r
Queza, Augur of Agonies		wub
Quick Draw		r
Quick Fixer		b
Quick Sliver		g
Quick Study		u
Quick-Draw Dagger		
Quick-Draw Katana		
Quick-Stick Lick Trick		
Quickbeam, Upstart Ent		g
Quickbeast Amulet		wg
Quickchange		u
Quicken		u
Quickening Licid		w
Quickling		u
Quicksand	c	
Quicksand Whirlpool		w
Quicksilver Amulet		
Quicksilver Behemoth		u
Quicksilver Dagger		ur
Quicksilver Dragon		u
Quicksilver Elemental		u
Quicksilver Fisher		u
Quicksilver Fountain		
Quicksilver Gargantuan		u
Quicksilver Geyser		u
Quicksilver Lapidary		ur
Quicksilver Sea		
Quicksilver Servitor		u
Quicksilver Wall		u
Quicksilver, Brash Blur		r
Quicksilver, Pietro Maximoff		r
Quicksilver, Speedster		ur
Quicksmith Genius		r
Quicksmith Rebel		r
Quicksmith Spy		u
Quiet Contemplation		u
Quiet Disrepair		g
Quiet Purity		w
Quiet Speculation		u
Quietus Spike		
Quill-Blade Laureate		w
Quill-Blade Laureate // Twofold Intent		w
Quill-Slinger Boggart		b
Quilled Charger		r
Quilled Greatwurm		g
Quilled Slagwurm		g
Quilled Sliver		w
Quilled Wolf		g
Quillmane Baku		u
Quillspike		bg
Quina, Qu Gourmet		g
Quinjet Technician	r	r
Quintessential Katana		w
Quintorius Kand	r	wr
Quintorius, Field Historian		wr
Quintorius, History Chaser		wr
Quintorius, Loremaster		wr
Quirion Beastcaller		g
Quirion Druid		g
Quirion Dryad		g
Quirion Elves	g	g
Quirion Explorer	wubrg	g
Quirion Ranger		g
Quirion Sentinel	wubrg	g
Quirion Trailblazer		g
Quistis Trepe		u
Qumulox		u
Qutrub Forayer		b
R // D's Secret Lair	c	
RMS Titanic		r
Rabanastre, Royal City	wr	
Rabaroo Troop		w
Rabbit Battery		r
Rabbit Response		w
Rabble Rousing		w
Rabble-Rouser		r
Rabid Attack		b
Rabid Bite		g
Rabid Bloodsucker		b
Rabid Elephant		g
Rabid Gnaw		r
Rabid Rats		b
Rabid Wolverines		g
Rabid Wombat		g
Raccoon Rallier		r
Racecourse Fury		r
Racers' Ring	rg	rg
Racers' Scoreboard		
Rack and Ruin		r
Racketeer Boss		rg
Rackling		
Rad Rascal		r
Radagast the Brown		g
Radagast, Wizard of Wilds		ug
Raddic, Tal Zealot		wb
Radha's Firebrand		r
Radha, Coalition Warlord		rg
Radha, Heart of Keld		rg
Radha, Heir to Keld	rg	rg
Radiant Destiny		w
Radiant Epicure		b
Radiant Essence		wg
Radiant Flames		r
Radiant Fountain	c	
Radiant Grace		w
Radiant Grace // Radiant Restraints		w
Radiant Grove	wg	
Radiant Kavu		wrg
Radiant Lotus		
Radiant Performer		r
Radiant Purge		w
Radiant Restraints		w
Radiant Restraints // Radiant Grace		w
Radiant Scrollwielder		wr
Radiant Smite		w
Radiant Solar		w
Radiant Strike		w
Radiant Summit	wr	
Radiant's Dragoons		w
Radiant's Judgment		w
Radiant, Archangel		w
Radiant, Serra Archangel		w
Radiate		r
Radiating Lightning		r
Radical Idea		u
Radioactive Man		b
Radioactive Spider		g
Radjan Spirit		g
Radstorm		u
Raff Capashen, Ship's Mage		wu
Raff, Weatherlight Stalwart		wu
Raffine's Guidance		w
Raffine's Informant		w
Raffine's Silencer		b
Raffine's Tower	wub	
Raffine, Scheming Seer		wub
Rafi, Retro Racer	r	r
Rafiq of the Many		wug
Raft Security Officer		w
Rafter Demon		br
Rag Dealer		b
Rag Man		b
Ragamuffin Raptor		g
Ragamuffyn		b
Ragavan, Nimble Pilferer		r
Rage Extractor		r
Rage Forger		r
Rage Nimbus		r
Rage Reflection		r
Rage Thrower		r
Rage Weaver		r
Rage of Purphoros		r
Rage of Winter		u
Rage of Winter // Queen of Ice		u
Rage-Scarred Berserker		b
Rageblood Shaman		r
Ragefire		r
Ragefire Hellkite		r
Rageform		r
Ragemonger		br
Raggadragga, Goreguts Boss		rg
Ragged Playmate		r
Ragged Recluse		b
Ragged Recluse // Odious Witch		b
Ragged Veins		b
Raging Battle Mouse		r
Raging Bull		r
Raging Cougar		r
Raging Goblin		r
Raging Goblinoids		r
Raging Gorilla		r
Raging Kavu		rg
Raging Kronch		r
Raging Minotaur		r
Raging Poltergeist		r
Raging Ravine	rg	rg
Raging Redcap		r
Raging Regisaur		rg
Raging River		r
Raging Spirit		r
Raging Swordtooth		rg
Ragnar		wug
Ragnarok, Divine Deliverance		bg
Ragnarok, Divine Deliverance // Fang, Fearless l'Cie		b
Ragnarok, Divine Deliverance // Vanille, Cheerful l'Cie		bg
Ragost, Deft Gastronaut		wr
Rags		ub
Rags // Riches		ub
Rahilda, Feral Outlaw		r
Rahilda, Feral Outlaw // Rahilda, Wanted Cutthroat		r
Rahilda, Wanted Cutthroat		r
Rahilda, Wanted Cutthroat // Rahilda, Feral Outlaw		r
Raid Bombardment		r
Raiders' Allegiance		
Raiders' Karve		
Raiders' Spoils		b
Raiders' Wake		b
Raiding Nightstalker		b
Raiding Party		r
Raiding Schemes		rg
Railway Brawler		g
Rain of Blades		w
Rain of Daggers		b
Rain of Embers		r
Rain of Filth	b	b
Rain of Gore		br
Rain of Revelation		u
Rain of Riches		r
Rain of Rust		r
Rain of Salt		r
Rain of Tears		b
Rain of Thorns		g
Rain-Slicked Copse	ug	
Rainbow Crow		u
Rainbow Dash	wubrg	wr
Rainbow Efreet		u
Rainbow Knights		w
Rainbow Vale	wubrg	
Rainveil Rejuvenator	g	g
Raise Dead		b
Raise Dead // Cheerful Osteomancer		b
Raise the Alarm		w
Raise the Draugr		b
Raise the Palisade		u
Raise the Past		w
Raised by Giants		g
Raised by Wolves		g
Raiyuu, Storm's Edge		wr
Raka Disciple		wur
Raka Sanctuary		r
Rakalite		
Rakavolver		wur
Rakdos Augermage		br
Rakdos Cackler		br
Rakdos Carnarium	br	
Rakdos Charm		br
Rakdos Cluestone	br	br
Rakdos Drake		b
Rakdos Firewheeler		br
Rakdos Guildgate	br	
Rakdos Guildmage		br
Rakdos Headliner		br
Rakdos Ickspitter		br
Rakdos Joins Up		br
Rakdos Keyrune	br	br
Rakdos Locket	br	br
Rakdos Pit Dragon		r
Rakdos Ragemutt		br
Rakdos Ringleader		br
Rakdos Riteknife		br
Rakdos Roustabout		br
Rakdos Shred-Freak		br
Rakdos Signet	br	
Rakdos Trumpeter		br
Rakdos the Defiler		br
Rakdos's Return		br
Rakdos, Lord of Riots		br
Rakdos, Patron of Chaos		br
Rakdos, the Muscle		br
Rakdos, the Showstopper		br
Rakeclaw Gargantuan		wrg
Raking Canopy		g
Raking Claws		r
Rakish Crew		b
Rakish Heir		r
Rakish Revelers	wrg	wrg
Rakish Scoundrel		bg
Rakka Mar		r
Raksha Golden Cub		w
Raksha Golden Cub Avatar		
Rakshasa Deathdealer		bg
Rakshasa Debaser		b
Rakshasa Gravecaller		b
Rakshasa Vizier		ubg
Rakshasa's Bargain		ubg
Rakshasa's Disdain		u
Rakshasa's Secret		b
Ral Zarek		ur
Ral Zarek, Guest Lecturer		b
Ral and the Implicit Maze		r
Ral's Dispersal		u
Ral's Outburst		ur
Ral's Reinforcements		r
Ral's Staticaster		ur
Ral's Vanguard		
Ral, Caller of Storms		ur
Ral, Crackling Wit		ur
Ral, Izzet Viceroy		ur
Ral, Leyline Prodigy		r
Ral, Leyline Prodigy // Ral, Monsoon Mage		r
Ral, Monsoon Mage		r
Ral, Monsoon Mage // Ral, Leyline Prodigy		r
Ral, Storm Conduit		ur
Rally		w
Rally Maneuver		w
Rally at the Hornburg		r
Rally for the Throne		w
Rally of Wings		w
Rally the Ancestors		w
Rally the Forces		r
Rally the Galadhrim		ug
Rally the Horde		r
Rally the Monastery		w
Rally the Peasants		wr
Rally the Ranks		w
Rally the Righteous		wr
Rally the Troops		w
Rally to Battle		w
Rallying Roar		w
Ram Through		g
Rambling Possum		g
Rambunctious Mutt		w
Ramirez DePietro		ub
Ramirez DePietro, Pillager		ub
Rammas Echor, Ancient Shield		w
Ramos, Dragon Engine	wubrg	
Ramosian Captain		w
Ramosian Commander		w
Ramosian Greatsword		r
Ramosian Lieutenant		w
Ramosian Rally		w
Ramosian Revivalist		w
Ramosian Sergeant		w
Ramosian Sky Marshal		w
Rampage of the Clans		g
Rampage of the Valkyries		wb
Rampaging Aetherhood		g
Rampaging Baloths		g
Rampaging Brontodon		g
Rampaging Ceratops		r
Rampaging Classmate		r
Rampaging Cyclops		r
Rampaging Ferocidon		r
Rampaging Geoderm		rg
Rampaging Growth		g
Rampaging Hippo		g
Rampaging Monument		
Rampaging Raptor		r
Rampaging Rendhorn		g
Rampaging Soulrager		r
Rampaging Spiketail		b
Rampaging Ursaguana		g
Rampaging War Mammoth		r
Rampaging Werewolf		r
Rampaging Werewolf // Tormented Pariah		r
Rampaging Yao Guai		g
Rampant Elephant		wg
Rampant Frogantua		g
Rampant Growth		g
Rampant Growth // Studious First-Year		g
Rampant Rejuvenator		g
Rampant, Growth		g
Rampart Architect		g
Rampart Crawler		b
Rampart Smasher		rg
Ramroller		
Ramses Overdark		ub
Ramses, Assassin Lord		ub
Ramunap Excavator		g
Ramunap Hydra		g
Ramunap Ruins	rc	r
Ran and Shaw		r
Ranar the Ever-Watchful		wu
Rancid Earth		b
Rancid Rats		b
Rancor		g
Rancorous Archaic		
Random Encounter		r
Ranger Class		g
Ranger Squadron		w
Ranger en-Vec		wg
Ranger of Eos		w
Ranger's Firebrand		r
Ranger's Guile		g
Ranger's Hawk		w
Ranger's Longbow		g
Ranger's Merit		g
Ranger's Merit // Ursine Guide		g
Ranger's Path		g
Ranger-Captain of Eos		w
Rangers of Ithilien		u
Rangers' Aetherhive		ug
Rangers' Refueler		u
Ranging Raptors		g
Rank Officer		b
Rank and File		b
Rankle and Torbran		br
Rankle's Prank		b
Rankle, Master of Pranks		b
Rankle, Master of Pranksters		b
Rankle, Pitiless Trickster		b
Ransack		u
Ransack the Lab		b
Ransack, the Lab		b
Ransom Note		
Rapacious Dragon		r
Rapacious Guest		b
Rapacious One	c	r
Raph // Leo, Sibling Rivals		wr
Raph // Mikey, Troublemakers		rg
Raph's Bravado		r
Raphael's Technique		r
Raphael, Fiendish Savior		br
Raphael, Most Attitude		r
Raphael, Ninja Destroyer	r	r
Raphael, Tag Team Tough		r
Raphael, Tough Turtle		r
Raphael, the Muscle		r
Raphael, the Nightwatcher		r
Rapid Augmenter		ur
Rapid Decay		b
Rapid Fire		w
Rapid Hybridization		u
Rapid Prototyper		
Rapid Rescue		g
Rapier Wit		w
Rappelling Scouts		w
Raptor Companion		w
Raptor Hatchling		r
Rapturous Moment	ur	ur
Rare-B-Gone		br
Rarity		wu
Rasaad yn Bashir		w
Rasaad, Dragon Monk		wu
Rasaad, Monk of Selûne		w
Rasaad, Radiant Monk		w
Rasaad, Shadow Monk		wb
Rasaad, Sylvan Monk		wg
Rasaad, Warrior Monk		wr
Rashel, Fist of Torm		w
Rashida Scalebane		w
Rashka the Slayer		w
Rashmi and Ragavan		urg
Rashmi, Eternities Crafter		ug
Rasputin Dreamweaver	c	wu
Rasputin, the Oneiromancer	c	wu
Rassilon, the War President		ub
Rat Colony		b
Rat King, Pale Piper		b
Rat King, Verminister		b
Rat Out		b
Rat in the Hat		b
Rat of God		b
Ratadrabik of Urborg		wb
Ratatwotwo		w
Ratcatcher		b
Ratcatcher Trainee		r
Ratcatcher Trainee // Pest Problem		r
Ratchet Bomb		
Ratchet, Field Medic		w
Ratchet, Field Medic // Ratchet, Rescue Racer		w
Ratchet, Rescue Racer		w
Ratchet, Rescue Racer // Ratchet, Field Medic		w
Rath's Edge	c	
Rathi Assassin		b
Rathi Dragon		r
Rathi Fiend		b
Rathi Intimidator		b
Rathi Trapper		b
Ratonhnhaké꞉ton		wub
Rats of Rath		b
Rats' Feast		b
Rattleback Apothecary		b
Rattleblaze Scarecrow		
Rattlechains		u
Rattleclaw Mystic	urg	g
Raubahn, Bull of Ala Mhigo		r
Raucous Audience	g	g
Raucous Carnival	wr	
Raucous Entertainer		g
Raucous Theater	br	
Raugrin Crystal	wur	
Raugrin Triome	wur	
Raul, Trouble Shooter		ub
Ravaged Highlands	wubrg	
Ravager Wurm		rg
Ravager of the Fells		rg
Ravager of the Fells // Huntmaster of the Fells		rg
Ravager's Mace		br
Ravages of War		w
Ravaging Blaze		r
Ravaging Horde		r
Ravaging Riftwurm		g
Raven Clan War-Axe		wr
Raven Eagle		b
Raven Familiar		u
Raven Guild Initiate		u
Raven Guild Master		u
Raven Wings		
Raven of Fell Omens		b
Raven's Crime		b
Raven's Run		
Raven's Run Dragoon		wg
Ravener		ug
Ravenform		u
Ravenloft Adventurer		b
Ravenous Amulet		
Ravenous Baboons		r
Ravenous Baloth		g
Ravenous Bloodseeker		r
Ravenous Chupacabra		b
Ravenous Daggertooth		g
Ravenous Demon		b
Ravenous Demon // Archdemon of Greed		b
Ravenous Giant		r
Ravenous Gigamole		b
Ravenous Gigantotherium		g
Ravenous Harpy		b
Ravenous Intruder		r
Ravenous Leucrocota		g
Ravenous Lindwurm		g
Ravenous Necrotitan		b
Ravenous Pursuit		g
Ravenous Rats		b
Ravenous Robots		r
Ravenous Rotbelly		b
Ravenous Sailback		g
Ravenous Skirge		b
Ravenous Slime		g
Ravenous Squirrel		bg
Ravenous Trap		b
Ravenous Tyrannosaurus		rg
Ravenous Vampire		b
Ravine Raider		b
Raving Dead		b
Raving Oni-Slave		b
Raving Visionary		u
Ravnica at War		w
Ravos, Soultender		wb
Ray Fillet, Man Ray		u
Ray Fillet, Wave Warrior		u
Ray of Command		u
Ray of Dissolution		w
Ray of Distortion		w
Ray of Enfeeblement		b
Ray of Erasure		u
Ray of Frost		u
Ray of Revelation		wg
Ray of Ruin		b
Rayami, First of the Fallen		ubg
Rayblade Trooper		w
Rayne, Academy Chancellor		u
Razaketh's Rite		b
Razaketh, the Foulblooded		b
Raze		r
Raze the Effigy		r
Raze to the Ground		r
Razia's Purification		wr
Razia, Boros Archangel		wr
Razing Snidd		br
Razor Barrier		w
Razor Boomerang		
Razor Demon		b
Razor Golem		
Razor Hippogriff		w
Razor Pendulum		
Razor Rings		w
Razor Swine		r
Razorclaw Bear		g
Razorfield Rhino		
Razorfield Ripper		w
Razorfield Thresher		
Razorfin Abolisher		u
Razorfin Hunter		ur
Razorfoot Griffin		w
Razorgrass Ambush	w	w
Razorgrass Ambush // Razorgrass Field	w	w
Razorgrass Field	w	w
Razorgrass Field // Razorgrass Ambush	w	w
Razorgrass Invoker		g
Razorgrass Screen		
Razorjaw Oni		b
Razorkin Hordecaller		r
Razorkin Needlehead		r
Razorlash Transmogrant		b
Razormane Masticore		
Razortide Bridge	wu	
Razortip Whip		
Razortooth Rats		b
Razortrap Gorge	br	
Razorverge Thicket	wg	
Razzle-Dazzler		u
Reach Through Mists		u
Reach for the Sky		g
Reach of Branches		g
Reach of Shadows		b
Reach the Horizon		g
Reactor Raid	b	b
Reactor Raid // Midgar, City of Mako	b	b
Read the Bones		b
Read the Runes		u
Read the Tides		u
Ready		wbg
Ready // Willing		wbg
Ready to Rumble		r
Reality		ug
Reality // Illusion		ug
Reality Acid		u
Reality Anchor		g
Reality Heist		u
Reality Hemorrhage		r
Reality Is Mine to Control		
Reality Ripple		u
Reality Scramble		r
Reality Shaping		
Reality Shift		u
Reality Smasher		c
Reality Spasm		u
Reality Strobe		u
Reality Twist		wubrg
Really Charming Prince		u
Really Epic Punch		g
Realm Razer		wrg
Realm Seekers		g
Realm of Koh	b	b
Realm-Cloaked Giant		w
Realm-Cloaked Giant // Cast Off		w
Realm-Scorcher Hellkite	wubrg	r
Realmbreaker's Grasp		w
Realmbreaker, the Invasion Tree		
Realms Befitting My Majesty		
Realms Uncharted		g
Realmwalker		g
Realmwright		u
Reanimate		b
Reanimate // Grave Researcher		b
Reap		g
Reap Intellect		ub
Reap What Is Sown		wg
Reap and Sow		g
Reap the Past		rg
Reap the Seagraf		ub
Reaper King		wubrg
Reaper King Avatar		
Reaper from the Abyss		b
Reaper of Flight Moonsilver		w
Reaper of Night		b
Reaper of Night // Harvest Fear		b
Reaper of Sheoldred		b
Reaper of the Wilds		bg
Reaper's Scythe		b
Reaper's Talisman		b
Reaping Willow		wb
Reaping the Graves		b
Reaping the Rewards		w
Rearing Embermare		r
Reason		ug
Reason // Believe		ug
Reasonable Doubt		u
Reassembling Skeleton		b
Reave Soul		b
Reaver Ambush		b
Reaver Drone		b
Reaver Titan		
Rebbec, Architect of Ascension		w
Rebel Informer		b
Rebel Salvo		r
Rebellion of the Flamekin		r
Rebellious Captives		g
Rebellious Strike		w
Rebirth		g
Reborn Hero		w
Reborn Hope		wg
Rebound		u
Rebuff the Wicked		w
Rebuild		u
Rebuild the City		brg
Rebuke		w
Rebuking Ceremony		g
Recalibrate		u
Recall		u
Recantation		u
Reciprocate		w
Reckless Abandon		r
Reckless Air Strike		r
Reckless Amplimancer		g
Reckless Assault		br
Reckless Barbarian	r	r
Reckless Blaze	r	r
Reckless Brute		r
Reckless Bushwhacker		r
Reckless Charge		r
Reckless Cohort		r
Reckless Crew		r
Reckless Detective		r
Reckless Embermage		r
Reckless Endeavor		r
Reckless Fireweaver		r
Reckless Handling		r
Reckless Imp		b
Reckless Impulse		r
Reckless Lackey		r
Reckless Ogre		r
Reckless One		r
Reckless Pangolin		g
Reckless Pyrosurfer		r
Reckless Racer		r
Reckless Rage		r
Reckless Ransacking		r
Reckless Reveler		r
Reckless Ringleader		r
Reckless Scholar		u
Reckless Spite		b
Reckless Stormseeker		r
Reckless Stormseeker // Storm-Charged Slasher		r
Reckless Velocitaur		r
Reckless Waif		r
Reckless Waif // Merciless Predator		r
Reckless Wurm		r
Reckoner Bankbuster		
Reckoner Shakedown		b
Reckoner's Bargain		b
Reclaim		g
Reclaim the Wastes		g
Reclaiming Vines		g
Reclamation		wg
Reclamation Sage		g
Reclusive Artificer		ur
Reclusive Taxidermist	wubrg	g
Reclusive Wight		b
Recoil		ub
Recollect		g
Recommission		w
Recon Craft Theta		
Reconnaissance		w
Reconnaissance Mission		u
Reconstruct History		wr
Reconstructed Thopter		
Reconstruction		u
Record Store		
Recoup		r
Recover		b
Recross the Paths		g
Recruit Instructor		wr
Recruit the Worthy		w
Recruiter of the Guard		w
Recruitment Drive		w
Recruitment Officer		w
Recumbent Bliss		w
Recuperate		w
Recurring Insight		u
Recurring Nightmare		b
Recycla-bird		u
Recycle		g
Red Cliffs Armada		u
Red Death, Shipwrecker	r	ur
Red Dragon		r
Red Elemental Blast		r
Red Ghost, Intangible Genius		ur
Red Guardian, Super-Soldier		w
Red Herring		r
Red Hulk		r
Red Mage's Rapier		r
Red Mana Battery	r	
Red Priest of Yawgmoth	r	r
Red Room Recruit		b
Red Scarab		w
Red Sun's Twilight		r
Red Sun's Zenith		r
Red Tiger Mechan		r
Red Ward		w
Red XIII, Proud Warrior		rg
Red and Black Legac		br
Red-Hot Hottie		r
Redcap Gutter-Dweller		r
Redcap Heelslasher		r
Redcap Melee		r
Redcap Raiders		r
Redcap Thief		r
Redeem		w
Redeem the Lost		w
Redemption Arc		w
Redemption Choir		w
Redemptor Dreadnought		
Redirect		u
Redirect Lightning		r
Rediscover the Way		wur
Redoubled Stormsinger		r
Redress Fate		w
Redrock Sentinel		
Redshift, Rocketeer Chief	wubrg	rg
Redtooth Genealogist		g
Redtooth Vanguard		g
Reduce		ur
Reduce // Rubble		ur
Reduce in Stature		u
Reduce to Ashes		r
Reduce to Dreams		u
Reduce to Memory		w
Redwood Treefolk		g
Reed Richards, Smartest Man		u
Reef Pirates		u
Reef Roads	u	u
Reef Shaman		u
Reef Worm		u
Reenact the Crime		u
Reezug, the Bonecobbler		b
Referee Squad		u
Refibrillator		
Reflect Damage		wr
Reflecting Mirror		
Reflecting Pool	wubrg	
Reflection Net		wu
Reflection of Kiki-Jiki		r
Reflection of Kiki-Jiki // Fable of the Mirror-Breaker		r
Reflections of Littjara		u
Reflective Gate	wubrgc	
Reflective Golem		
Reflective Rimekin		u
Reflector Mage		wu
Reflex Sliver		g
Reflexes		r
Refocus		u
Reforge the Soul		r
Refraction Elemental		r
Refraction Elemental // Invasion of Karsus		r
Refraction Trap		w
Refresh		g
Refreshing Elixir		
Refreshing Rain		g
Refurbish		w
Refurbished Familiar		b
Refuse		ur
Refuse // Cooperate		ur
Refuse to Yield		w
Refute		u
Regal Behemoth	wubrg	g
Regal Bloodlord		wb
Regal Bunnicorn		w
Regal Caracal		w
Regal Force		g
Regal Imperiosaur		g
Regal Leosaur		wr
Regal Sliver		w
Regal Unicorn		w
Regathan Firecat		r
Regenerate		g
Regeneration		g
Regenerations Restored		wu
Regenesis		g
Regent's Authority		w
Regicide		b
Regisaur Alpha		rg
Regna's Sanction		w
Regna, the Redeemer		w
Regress		u
Regrowth		g
Regrowth // Emeritus of Abundance		g
Rehearsed Debater		w
Reidane, God of the Worthy		w
Reidane, God of the Worthy // Valkmira, Protector's Shield		w
Reign of Chaos		r
Reign of Terror		b
Reign of the Pit		b
Reigning Victor		wbr
Reincarnation		g
Reinforced Bulwark		
Reinforced Ronin		r
Reinforcements		w
Reins of Power		u
Reins of the Vinesteed		g
Reinterpret		ur
Reiterate		r
Reiterating Bolt		r
Reito Lantern		
Reito Sentinel		
Reiver Demon		b
Reject		u
Reject Imperfection		u
Rejoin the Fight		b
Rejoinder		w
Rejoinder // Elite Interceptor		w
Rejuvenate		g
Rejuvenating Springs	ug	
Rejuvenation Chamber		
Reki, the History of Kamigawa		g
Rekindled Flame		r
Rekindling Phoenix		r
Reknit		wg
Relearn		u
Release		wur
Release // Catch		wur
Release the Ants		r
Release the Dogs		w
Release the Gremlins		r
Release to Memory		w
Release to the Wind		u
Relentless Advance		u
Relentless Assault		r
Relentless Dead		b
Relentless Hunter		rg
Relentless Pursuit		g
Relentless Raptor		wr
Relentless Rats		b
Relentless Rohirrim		r
Relentless Skaabs		u
Relentless X-ATM092		
Relic Amulet		
Relic Axe		
Relic Bane		b
Relic Barrier		
Relic Bind		u
Relic Crush		g
Relic Golem		
Relic Putrescence		b
Relic Retriever		r
Relic Robber		r
Relic Runner		u
Relic Seeker		w
Relic Sloth		wr
Relic Vial		
Relic Ward		w
Relic of Legends	wubrg	
Relic of Progenitus		
Relic of Sauron	ubr	
Relic's Roar		u
Relics of the Rubblebelt		g
Relief Captain		w
Reliquary Monk		w
Reliquary Tower	c	
Relive the Past		wg
Relm's Sketching		u
Reluctant Dounguard		w
Reluctant Role Model		w
Rem Karolus, Stalwart Slayer		wr
Remand		u
Remedy		w
Remember the Fallen		w
Remembrance		w
Reminisce		u
Remnant Elemental		r
Remnant of the Rising Star	g	g
Remnant of the Rising Star // Jugan Defends the Temple	g	g
Remodel		g
Remorseful Cleric		w
Remorseless Punishment		b
Remote Farm	w	
Remote Isle	u	
Remove		u
Remove Enchantments		w
Remove Soul		u
Renari, Merchant of Marvels		u
Renata, Called to the Hunt		g
Rend Flesh		b
Rend Spirit		b
Rendclaw Trow		bg
Render Inert		b
Render Silent		wu
Render Speechless		wb
Rending Flame		r
Rending Vines		g
Rending Volley		r
Rendmaw, Creaking Nest		bg
Renegade Bull		r
Renegade Demon		b
Renegade Doppelganger		u
Renegade Firebrand		r
Renegade Freighter		
Renegade Krasis		g
Renegade Map		
Renegade Rallier		wg
Renegade Reaper		b
Renegade Silent		u
Renegade Tactics		r
Renegade Troops		r
Renegade Warlord		r
Renegade Wheelsmith		wr
Renegade's Getaway		b
Renet, Temporal Apprentice		u
Renewal		g
Renewed Faith		w
Renewed Solidarity		w
Renewing Dawn		w
Renewing Touch		g
Reno and Rude		b
Renounce		w
Renounce the Guilds		w
Renowned Weaponsmith	c	u
Renowned Weaver		g
Rent Is Due		w
Repair and Recharge		w
Reparations		wu
Repay in Kind		b
Repeal		u
Repeat Offender		b
Repeated Reverberation		r
Repeating Barrage		r
Repel		u
Repel Calamity		w
Repel Intruders		wu
Repel the Abominable		w
Repel the Darkness		w
Repel the Vile		w
Repentance		w
Repentant Blacksmith		w
Repentant Vampire		b
Repercussion		r
Replenish		w
Replenish // Eiganjo Dynastorian		w
Replicate		ug
Replicate // Repudiate		ug
Replicating Ring	wubrg	
Replicating Terror		b
Replication Specialist		u
Replication Technique		u
Repopulate		g
Repository Skaab		u
Reprieve		w
Reprisal		w
Reprobation		w
Reprocess		b
Reptil, Dinomorpher		g
Reptilian Recruiter		r
Reptilian Reflection		r
Repudiate		ug
Repudiate // Replicate		ug
Repulse		u
Repulsive Mutation		ug
Repulsor Blast		r
Repulsor Bots		u
Repulsor Rays		r
Repurposing Bay		u
Reputable Merchant		wbg
Requiem Angel		w
Requiem Monolith		b
Requisition Raid		w
Requiting Hex		b
Reroute		r
Reroute Systems		w
Rescind		u
Rescue		u
Rescue Leopard		r
Rescue Retriever		w
Rescue Skiff		w
Rescue from the Underworld		b
Rescue the Foal		w
Rescue the Foal // Pegasus Guardian		w
Rescue, Pepper Potts		u
Rescuer Chwinga		w
Rescuer Sphinx		u
Resculpt		u
Research		urg
Research // Development		urg
Research Assistant		u
Research Thief		u
Research the Deep		u
Resentful Revelation		b
Reservoir Kraken		u
Reservoir Walker		
Reset		u
Reshape		u
Reshape the Earth		g
Resilient Khenra		g
Resilient Roadrunner		r
Resilient Wanderer		w
Resistance Fighter		w
Resistance Reunited		w
Resistance Skywarden		r
Resistance Squad		w
Resize		g
Resolute Archangel		w
Resolute Blademaster		wr
Resolute Reinforcements		w
Resolute Rejection		w
Resolute Rider		wb
Resolute Strike		w
Resolute Survivors		wr
Resolute Veggiesaur		g
Resolute Watchdog		w
Resonance Technician		ur
Resonating Lute	wubrg	ur
Resounding Roar		wrg
Resounding Scream		ubr
Resounding Silence		wug
Resounding Thunder		brg
Resounding Wave		wub
Resourceful Collector		rg
Resourceful Defense		w
Resourceful Return		b
Respite		g
Resplendent Angel		w
Resplendent Griffin		wu
Resplendent Marshal		w
Resplendent Mentor		w
Response		wr
Response // Resurgence		wr
Rest for the Weary		w
Rest in Peace		w
Restart Sequence		b
Restless Anchorage	wu	wu
Restless Apparition		wb
Restless Bivouac	wr	wr
Restless Bloodseeker		b
Restless Bloodseeker // Bloodsoaked Reveler		b
Restless Bones		b
Restless Cottage	bg	bg
Restless Dead		b
Restless Dreams		b
Restless Fortress	wb	wb
Restless Prairie	wg	wg
Restless Reef	ub	ub
Restless Ridgeline	rg	rg
Restless Spire	ur	ur
Restless Vents	br	br
Restless Vinestalk	ug	ug
Restock		g
Restoration Angel		w
Restoration Gearsmith		wb
Restoration Magic		w
Restoration Seminar		w
Restoration Specialist		w
Restorative Burst		bg
Restorative Burst // Pestilent Cauldron		bg
Restorative Technique		g
Restore		g
Restore Balance		w
Restore Relic		wr
Restore Relic // Lorehold Archivist		wr
Restore the Peace		wu
Restrain		w
Restricted Office		wu
Restricted Office // Lecture Hall		wu
Resupply		w
Resurgence		wr
Resurgence // Response		wr
Resurgent Belief		w
Resurrected Cultist		b
Resurrection		w
Resurrection Orb		
Resuscitate		g
Retaliate		w
Retaliation		g
Retaliator Griffin		wrg
Retched Wretch		b
Retether		w
Rethink		u
Retraced Image		u
Retract		u
Retraction Helix		u
Retreat to Coralhelm		u
Retreat to Emeria		w
Retreat to Hagra		b
Retreat to Kazandu		g
Retreat to Valakut		r
Retribution		r
Retribution of the Ancients		b
Retribution of the Meek		w
Retributive Wand		
Retrieval Agent		u
Retrieve		g
Retrieve Prey		g
Retrieve Prey // Tlincalli Hunter		g
Retrieve the Esper		u
Retriever Phoenix		r
Retro-Mutation		u
Retrofitted Transmogrant		b
Retrofitter Foundry		
Retromancer		r
Retto, Family Racer		g
Return		b
Return // Never		b
Return Triumphant		w
Return Upon the Tide		b
Return from Extinction		b
Return from the Wilds		g
Return of the Mole Man		g
Return of the Nightstalkers		b
Return of the Wildspeaker		g
Return the Favor		r
Return the Past		r
Return to Action		b
Return to Battle		b
Return to Dust		w
Return to Nature		g
Return to the Earth		g
Return to the Ranks		w
Return to the Sewers		u
Returned Centaur		b
Returned Pastcaller		wr
Returned Phalanx		ub
Returned Reveler		b
Reunion of the House		w
Rev, Tithe Extractor		b
Revealing Eye		b
Revealing Eye // Concealing Curtains		b
Revealing Wind		g
Reveillark		w
Reveille Squad		w
Reveka, Wizard Savant		u
Revel Ruiner		b
Revel in Riches		b
Revel in Silence		wr
Revel in Silence // Flamescroll Celebrant		wr
Revel of the Fallen God		rg
Revelation		g
Revelation of Power		w
Revelsong Horn		
Revenant		b
Revenant Patriarch		wb
Revenge		wb
Revenge // Revival		wb
Revenge of Ravens		b
Revenge of the Drowned		u
Revenge of the Hunted		g
Revenge of the Rats		b
Reverberate		r
Reverberating Summons		r
Reverberation		u
Revered Dead		w
Revered Elder		w
Revered Unicorn		w
Reverence		w
Reverent Hoplite		w
Reverent Hunter		g
Reverent Mantra		w
Reverent Silence		g
Reversal of Fortune		r
Reverse Damage		w
Reverse Engineer		u
Reverse Ninja		b
Reverse Polarity		w
Reverse the Polarity		u
Reverse the Sands		w
Revitalize		w
Revitalizing Repast	bg	bg
Revitalizing Repast // Old-Growth Grove	bg	bg
Revival		wb
Revival // Revenge		wb
Revival Experiment		bg
Revival of the Ancestors		wbg
Revive		g
Revive the Fallen		b
Revive the Shire		g
Revivify		w
Reviving Dose		w
Reviving Melody		g
Reviving Vapors		wu
Revoke Demise		b
Revoke Existence		w
Revoke Privileges		w
Revolutionary Rebuff		u
Revolutionist		r
Reward the Faithful		w
Rewards of Diversity		w
Reweave		u
Rewind		u
Rewrite History		u
Rex, Cyber-Hound		wu
Reya Dawnbringer		w
Reyav, Master Smith		wr
Reyhan, Last of the Abzan		bg
Rhet-Crop Spearmaster		w
Rhet-Tomb Mystic		u
Rhino's Rampage		rg
Rhino, Barreling Brute		rg
Rhino, Terrible Trampler		g
Rhino-		w
Rhizome Lurcher		bg
Rhoda, Geist Avenger		w
Rhonas the Indomitable		g
Rhonas's Last Stand		g
Rhonas's Monument		
Rhonas's Stalwart		g
Rhox		g
Rhox Bodyguard		wg
Rhox Brute		rg
Rhox Charger		g
Rhox Faithmender		w
Rhox Maulers		g
Rhox Meditant		w
Rhox Oracle		g
Rhox Pikemaster		w
Rhox Pummeler		g
Rhox Veteran		w
Rhox War Monk		wug
Rhuk, Hexgold Nabber		r
Rhys the Exiled		bg
Rhys the Redeemed		wg
Rhys, the Evermore		w
Rhystic Cave		
Rhystic Circle		w
Rhystic Deluge		u
Rhystic Lightning		r
Rhystic Scrying		u
Rhystic Shield		w
Rhystic Study		u
Rhystic Syphon		b
Rhystic Tutor		b
Rhythm of the Wild		rg
Rhythmic Water Vortex		u
Ria Ivor, Bane of Bladehold		wb
Rib Cage Spider		g
Ribald Shanty		r
Ribbon Snake		u
Ribbons		br
Ribbons // Cut		br
Ribbons of Night		ub
Ribbons of the Reikai		u
Ribskiff		
Ribtruss Roaster		g
Richard Garfield, Ph.D.		u
Riches		ub
Riches // Rags		ub
Richlau, Headmaster		wu
Rick Jones, Destined Sidekick		g
Rickety Gazebo	wubrg	g
Rickety Gazebo // Greenhouse	wubrg	g
Ricochet		r
Ricochet Trap		r
Rictus Robber		b
Riddle Gate Gargoyle		wu
Riddle of Lightning		r
Riddleform		u
Riddlekeeper		u
Riddlemaster Sphinx		u
Riddles in the Dark		u
Riddlesmith		u
Ride Down		wr
Ride Guide		w
Ride the Avalanche		ug
Ride the Rails		r
Ride the Rails // Minecart Daredevil		r
Ride the Shoopuf		g
Ride's End		w
Rideable Mantis		w
Rider in Need		w
Rider in Need // Lonesome Unicorn		w
Riders of Gavony		w
Riders of Rohan		wr
Riders of the Mark		r
Ridge Rannet		r
Ridged Kusite		b
Ridgeline Rager		r
Ridgescale Tusker		g
Ridgetop Raptor		r
Riding Red Hare		w
Riding the Dilu Horse		g
Rielle, the Everwise		ur
Rienne, Angel of Rebirth		wrg
Rift	c	
Rift Bolt		r
Rift Elemental		r
Rift Sower	wubrg	g
Riftburst Hellion		rg
Riftmarked Knight		w
Riftstone Portal	wgc	
Riftsweeper		g
Riftwing Cloudskate		u
Rig for War		r
Rigging Runner		r
Righteous Aura		w
Righteous Authority		wu
Righteous Avengers		w
Righteous Blow		w
Righteous Cause		w
Righteous Charge		w
Righteous Confluence		w
Righteous Fury		w
Righteous Indignation		w
Righteous Valkyrie		w
Righteous War		wb
Righteousness		w
Rigo, Streetwise Mentor		wug
Rikku, Resourceful Guardian		u
Riku and Riku		urg
Riku of Many Paths		urg
Riku of Two Reflections		urg
Rile		r
Riling Dawnbreaker		w
Riling Dawnbreaker // Signaling Roar		w
Rilsa Rael, Kingpin		ub
Rime Chill		u
Rime Dryad		g
Rime Tender		g
Rime Transfusion		b
Rimebound Dead		b
Rimefeather Owl		u
Rimefire Torque		u
Rimefur Reindeer		w
Rimehorn Aurochs		g
Rimekin Recluse		u
Rimescale Dragon		r
Rimeshield Frost Giant		u
Rimewall Protector		u
Rimewind Cryomancer		u
Rimewind Taskmage		u
Rimewood Falls	ug	
Rimrock Knight		r
Rimrock Knight // Boulder Rush		r
Rin and Seri, Inseparable		wrg
Rin and Seri, Inseparabler		wrg
Ring Out		u
Ring of Evos Isle		
Ring of Gix		
Ring of Immortals		
Ring of Kalonia		
Ring of Ma'rûf		
Ring of Renewal		
Ring of Three Wishes		
Ring of Thune		
Ring of Valkas		
Ring of Xathrid		
Ring of the Lucii	c	
Ringing Strike Mastery		u
Rings a Bell		u
Rings of Brighthearth		
Ringsight		ub
Ringskipper		u
Ringwarden Owl		u
Ringwraiths		b
Rinoa Heartilly		wg
Rinoa, Angel Wing		w
Rinta, Cousin of Sitka		u
Rionya, Fire Dancer		r
Riot Control		w
Riot Devils		r
Riot Gear		
Riot Piker		r
Riot Ringleader		r
Riot Spikes		br
Rip Apart		wr
Rip the Seams		wu
Rip the Seams // Threadbind Clique		wu
Rip to Pieces		
Rip, Spawn Hunter		wg
Rip-Clan Crasher		rg
Riparian Tiger		g
Ripchain Razorkin		r
Ripclaw Wrangler		b
Riphook Raider		g
Riphook Raider // Hookhand Mariner		g
Ripjaw Raptor		g
Ripples of Potential		u
Ripples of Undeath		b
Ripscale Predator		r
Riptide		u
Riptide Biologist		u
Riptide Chimera		u
Riptide Chronologist		u
Riptide Crab		wu
Riptide Director		u
Riptide Entrancer		u
Riptide Gearhulk		wu
Riptide Island		
Riptide Laboratory	c	u
Riptide Mangler		u
Riptide Pilferer		u
Riptide Replicator		
Riptide Shapeshifter		u
Riptide Survivor		u
Riptide Turtle		u
Rise		ubr
Rise // Fall		ubr
Rise Again		b
Rise and Shine		u
Rise from the Grave		b
Rise from the Tides		u
Rise from the Wreck		g
Rise of Eagles		u
Rise of Extus		wb
Rise of the Ants		g
Rise of the Dark Realms		b
Rise of the Dread Marn		b
Rise of the Eldrazi		c
Rise of the Hobgoblins		wr
Rise of the Varmints		g
Rise of the Witch-king		bg
Rise to Glory		wb
Rise to the Challenge		r
Risen Executioner		b
Risen Necroregent		b
Risen Reef		ug
Risen Riptide		u
Risen Sanctuary		wg
Rishadan Airship		u
Rishadan Brigand		u
Rishadan Cutpurse		u
Rishadan Dockhand		u
Rishadan Footpad		u
Rishadan Pawnshop		
Rishadan Port	c	
Rishkar's Expertise		g
Rishkar, Peema Renegade	g	g
Rising Chicane	c	
Rising Miasma		b
Rising Populace		w
Rising Waters		u
Rising of the Day		r
Risk Factor		r
Risky Move		r
Risky Research		b
Risky Shortcut		b
Risona, Asari Commander		wr
Rite of Belzenlok		b
Rite of Consumption		b
Rite of Flame	r	r
Rite of Harmony		wg
Rite of Oblivion		wb
Rite of Passage		g
Rite of Renewal		g
Rite of Replication		u
Rite of Ruin		r
Rite of Undoing		u
Rite of the Dragoncaller		r
Rite of the Moth		wb
Rite of the Raging Storm		r
Rite of the Serpent		b
Rites of Flourishing		g
Rites of Initiation		r
Rites of Reaping		bg
Rites of Refusal		u
Rites of Spring		g
Rith's Attendant	wrg	
Rith's Charm		wrg
Rith's Grove	wrg	
Rith, Liberated Primeval		wrg
Rith, the Awakener		wrg
Rith, the Awakener Avatar		
Ritual Chamber		b
Ritual Chamber // Unholy Annex		b
Ritual Guardian		w
Ritual of Hope		w
Ritual of Rejuvenation		w
Ritual of Restoration		w
Ritual of Soot		b
Ritual of Steel		w
Ritual of Subdual		g
Ritual of the Machine		b
Ritual of the Returned		b
Rivalry		r
Rivals' Duel		r
Rivaz of the Claw	wubrg	br
Riven Turnbull	b	ub
Riven Turnbull and Princess Lucrezia	ub	ub
Rivendell	u	u
River Bear		g
River Boa		g
River Darter		u
River Delta	ub	
River Herald Guide		g
River Herald Scout		u
River Heralds' Boon		g
River Hoopoe		ug
River Kaijin		u
River Kelpie		u
River Merfolk		u
River Serpent		u
River Sneak		u
River Song		ur
River Song's Diary		
River of Tears	ub	
River's Favor		u
River's Grasp		ub
River's Rebuke		u
Riverchurn Monument		u
Riverfall Mimic		ur
Riverglide Pathway	ur	
Riverglide Pathway // Lavaglide Pathway	ur	
Riverguard's Reflexes		w
Riverpyre Verge	ur	
Riverwalk Technique		u
Riverwheel Aerialists		u
Riverwheel Sweep		wur
Riverwise Augur		u
Riveteers Ascendancy		brg
Riveteers Charm		brg
Riveteers Confluence		brg
Riveteers Decoy		g
Riveteers Initiate		brg
Riveteers Overlook		
Riveteers Provocateur		br
Riveteers Requisitioner		r
Riveting Rigger		w
Rix Maadi Guildmage		br
Rix Maadi Reveler		br
Rix Maadi, Dungeon Palace	c	br
Road		rg
Road // Ruin		rg
Road Rage		r
Road of Return		g
Roadkill Rodney		
Roadside Assistance		w
Roadside Blowout		u
Roadside Reliquary	c	
Roalesk, Apex Hybrid		ug
Roalesk, Prime Specimen		ug
Roamer's Routine		g
Roaming Ghostlight		u
Roaming Throne		
Roar of Challenge		g
Roar of Endless Song		urg
Roar of Jukai		g
Roar of Reclamation		w
Roar of Resistance		r
Roar of the Crowd		r
Roar of the Fifth People	wrg	wrg
Roar of the Fifth People // Huatli, Poet of Unity	wrg	wrg
Roar of the Kha		w
Roar of the Wurm		g
Roaring Earth		g
Roaring Furnace		ur
Roaring Furnace // Steaming Sauna		ur
Roaring Primadox		g
Roaring Slagwurm		g
Roast		r
Rob the Archives		r
Rob the Hoard		w
Rob the Hoard // Crystal Dragon		w
Robaran Mercenaries		w
Robber Fly		r
Robber of the Rich		r
Robe of Mirrors		u
Robe of Stars		w
Robe of the Archmagi		u
Robo-		
Robo-Piñata		w
Robobrain War Mind		u
Robot Chicken		
Robot Domination		b
Robotics Mastery		u
Roc Charger		w
Roc Egg		w
Roc Hatchling		r
Roc Hunter		r
Roc of Kher Ridges		r
Rocco, Cabaretti Caterer		wrg
Rocco, Street Chef		wrg
Rock Badger		r
Rock Basilisk		rg
Rock Hydra		r
Rock Jockey		r
Rock Lobster		
Rock Slide		r
Rock Soldiers		r
Rock Star		r
Rockalanche		g
Rockcaster Platoon		wg
Rocket Launcher		
Rocket Volley		r
Rocket Volley // Maelstrom Artisan		r
Rocket-Powered Goblin Glider		
Rocket-Powered Turbo Slug		r
Rocketeer Boostbuggy		rg
Rockface Village	rc	r
Rockfall Vale	rg	
Rockshard Elemental		r
Rockslide Ambush		r
Rockslide Elemental		r
Rockslide Sorcerer		r
Rocksteady, Crash Courser		g
Rocksteady, Mutant Marauder		g
Rocky Rebuke		g
Rocky Roads	r	r
Rocky Tar Pit		
Rod of Absorption		u
Rod of Ruin		
Rod of Spanking		
Rodeo Pyromancers	r	r
Rodolf Duskbringer		wb
Rofellos		
Rofellos's Gift		g
Rofellos, Llanowar Emissary	g	g
Rograkh, Son of Rohgahh		
Rogue Class		ub
Rogue Elephant		g
Rogue Kavu		r
Rogue Refiner		ug
Rogue Skycaptain		r
Rogue's Gloves		
Rogue's Passage	c	
Rogues' Gallery		b
Rohgahh of Kher Keep		br
Rohgahh, Kher Keep Overlord		br
Rohirrim Chargers		wr
Rohirrim Lancer		r
Roil Cartographer		u
Roil Elemental		u
Roil Eruption		r
Roil Spout		wu
Roil's Retribution		w
Roiling Dragonstorm		u
Roiling Horror		b
Roiling Regrowth		g
Roiling Terrain		r
Roiling Vortex		r
Roiling Waters		u
Roilmage's Trick		u
Roku's Mastery		r
Role Reversal		ur
Roller Coaster		
Rollick of Abandon		r
Rolling Earthquake		r
Rolling Hamsphere		
Rolling Spoil		bg
Rolling Stones		w
Rolling Temblor		r
Rolling Thunder		r
Romana II		w
Romantic Rendezvous		r
Rona's Vortex		ub
Rona, Disciple of Gix		ub
Rona, Herald of Invasion		ub
Rona, Herald of Invasion // Rona, Tolarian Obliterator		ub
Rona, Sheoldred's Faithful		ub
Rona, Tolarian Obliterator		ub
Rona, Tolarian Obliterator // Rona, Herald of Invasion		ub
Ronin Cavekeeper		r
Ronin Cliffrider		r
Ronin Houndmaster		r
Ronin Warclub		
Ronin, Shadow Stalker	wubrg	b
Ronom Hulk		g
Ronom Serpent		u
Ronom Unicorn		w
Roofstalker Wight		ub
Rooftop Assassin		b
Rooftop Bypass		ub
Rooftop Nuisance		u
Rooftop Percher		
Rooftop Saboteurs		u
Rooftop Saboteurs // Invasion of Kamigawa		u
Rooftop Storm		u
Rook Turret		u
Rookie Mistake		u
Roon of the Hidden Realm		wug
Roost Seek		g
Roost Seek // Sagu Wildling		g
Roost of Drakes		u
Root Cage		g
Root Elemental		g
Root Greevil		g
Root Manipulation		bg
Root Maze		g
Root Out		g
Root Sliver		g
Root Snare		g
Root Spider		g
Root-Kin Ally		g
Rootborn Defenses		w
Rootbound Crag	rg	
Rootbreaker Wurm		g
Rootcast Apprenticeship		g
Rootcoil Creeper	wubrg	ug
Rootgrapple		g
Rootha, Mastering the Moment		ur
Rootha, Mercurial Artist		ur
Rooting Kavu		g
Rooting Moloch		r
Rootless Yew		g
Rootpath Purifier		g
Rootrider Faun	wubrg	g
Rootrunner		g
Roots		g
Roots of All Evil		
Roots of Life		g
Roots of Wisdom		g
Rootwalla		g
Rootwater Alligator		g
Rootwater Commando		u
Rootwater Depths	ubc	
Rootwater Diver		u
Rootwater Hunter		u
Rootwater Matriarch		u
Rootwater Mystic		u
Rootwater Shaman		u
Rootwater Thief		u
Rootweaver Druid		g
Rootwire Amalgam		g
Rootwise Survivor		g
Rope		g
Rope Line Attendant		wg
Rorix Bladewing		r
Rory Williams		wu
Rosa, Resolute White Mage		w
Rose Noble		u
Rose Room Treasurer		r
Rose Tyler		w
Rose, Cutthroat Raider	r	r
Rosecot Knight		w
Rosemane Centaur		wg
Rosethorn Acolyte	wubrg	g
Rosethorn Acolyte // Seasonal Ritual	wubrg	g
Rosethorn Halberd		g
Rosewater's Nemesis		w
Roshan, Hidden Magister		b
Rosheen Meanderer	c	rg
Rosheen, Roaring Prophet	c	rg
Rosie Cotton of South Lane		w
Rosnakht, Heir of Rohgahh		r
Rot Farm Mortipede		b
Rot Farm Skeleton		bg
Rot Hulk		b
Rot Like the Scum You Are		
Rot Shambler		g
Rot Wolf		g
Rot-Curse Rakshasa		b
Rot-Tide Gargantua		b
Rotating Fireplace	c	
Rotcrown Ghoul		u
Roterothopter		
Rotfeaster Maggot		b
Rothga, Bonded Engulfer		g
Rotisserie Elemental		r
Rotlung Reanimator		b
Rotted Hulk		b
Rotted Hystrix		g
Rotted Ones, Lay Siege		
Rotten Reunion		b
Rottenheart Ghoul		b
Rottenmouth Viper		b
Rotting Fensnake		b
Rotting Giant		b
Rotting Legion		b
Rotting Mastodon		b
Rotting Rats		b
Rotting Regisaur		b
Rotwidow Pack		bg
Rough		r
Rough // Tumble		r
Rough Rhino Cavalry		r
Roughshod Duo		r
Roughshod Mentor		g
Rouse		b
Rouse the Mob		r
Rousing Read		u
Rousing Refrain	r	r
Rousing of Souls		w
Rout		w
Routeway Moose		g
Rover Blades		
Roving Actuator		r
Roving Harper		w
Roving Keep		
Rowan Kenrith		r
Rowan Treefolk		g
Rowan's Battleguard		r
Rowan's Grim Search		b
Rowan's Stalwarts		r
Rowan's Talent		r
Rowan, Fearless Sparkmage		r
Rowan, Scholar of Sparks		ur
Rowan, Scholar of Sparks // Will, Scholar of Frost		ur
Rowan, Scion of War		br
Rowdy Crew		r
Rowdy Research		u
Rowdy Snowballers		u
Rowen		g
Roxanne, Starfall Savant	wubrg	rg
Roxi, Publicist to the Stars		ur
Roxxon Brutes		b
Royal Assassin		b
Royal Assassin Avatar		
Royal Booster		
Royal Decree		w
Royal Falcon		w
Royal Herbalist		w
Royal Talon Fighter Jet		w
Royal Treatment		g
Royal Trooper		w
Royal Warden		b
Rubble		ur
Rubble // Reduce		ur
Rubble Reading		r
Rubble Rouser	r	r
Rubble Slinger		rg
Rubbleback Rhino		g
Rubblebelt Boar		r
Rubblebelt Braggart		r
Rubblebelt Maaka		r
Rubblebelt Maverick		g
Rubblebelt Raiders		rg
Rubblebelt Recluse		r
Rubblebelt Rioters		rg
Rubblebelt Runner		rg
Rubblehulk		rg
Rubinia Soulsinger		wug
Ruby Collector		wr
Ruby Leech		r
Ruby Medallion		
Ruby, Daring Tracker	rg	rg
Rude Awakening		g
Ruff, Underdog Champ		w
Rufus Shinra		wb
Rug of Smothering		
Rugged Highlands	rg	
Rugged Prairie	wrc	wr
Ruham Djinn		w
Ruhan of the Fomori		wur
Ruin		rg
Ruin // Road		rg
Ruin Crab		u
Ruin Ghost		w
Ruin Grinder		r
Ruin Processor		
Ruin Raider		b
Ruin Rat		b
Ruin in Their Wake		g
Ruin-Lurker Bat		w
Ruination		r
Ruination Guide		u
Ruination Rioter		rg
Ruination Wurm		rg
Ruinous Gremlin		r
Ruinous Intrusion		g
Ruinous Minotaur		r
Ruinous Path		b
Ruinous Rampage		r
Ruinous Ultimatum		wbr
Ruinous Waterbending		b
Ruins Recluse		g
Ruins of Oran-Rief	c	
Ruins of Trokair	w	
Rukarumel, Biologist		wubrg
Rukh Egg		r
Rule of Law		w
Rule with an Even Hand		
Rules Lawyer		w
Rulik Mons, Warren Chief		rg
Rumble Arena	wubrgc	
Rumbleweed		g
Rumbling Aftershocks		r
Rumbling Baloth		g
Rumbling Crescendo		r
Rumbling Rockslide		r
Rumbling Ruin		r
Rumbling Sentry		w
Rumbling Slum		rg
Rumbling Slum Avatar		
Rummaging Goblin		r
Rummaging Wizard		u
Rumor Gatherer		w
Run		brg
Run // Hit		brg
Run Afoul		g
Run Aground		u
Run Amok		r
Run Ashore		u
Run Away Together		u
Run Behind		u
Run Out of Town		u
Run Over		g
Run Wild		g
Run for Your Life		ur
Run the Play		ug
Run the Play // Striding Shotcaller		ug
Runadi, Behemoth Caller	g	g
Runaway Boulder		
Runaway Carriage		
Runaway Growth	g	g
Runaway Steam-Kin	r	r
Runaway Trash-Bot		
Rundvelt Hordemaster		r
Rune Snag		u
Rune of Flight		u
Rune of Might		g
Rune of Mortality		b
Rune of Protection: Artifacts		w
Rune of Protection: Black		w
Rune of Protection: Blue		w
Rune of Protection: Green		w
Rune of Protection: Lands		w
Rune of Protection: Red		w
Rune of Protection: White		w
Rune of Speed		r
Rune of Sustenance		w
Rune-Brand Juggler		br
Rune-Cervin Rider		wg
Rune-Scarred Demon		b
Rune-Sealed Wall		u
Rune-Tail's Essence		w
Rune-Tail's Essence // Rune-Tail, Kitsune Ascendant		w
Rune-Tail, Kitsune Ascendant		w
Rune-Tail, Kitsune Ascendant // Rune-Tail's Essence		w
Runeblade Raiser		b
Runeboggle		u
Runebound Wolf		r
Runecarved Obelisk	c	
Runechanter's Pike		
Runeclaw Bear		g
Runed Arch		
Runed Crown		
Runed Halo		w
Runed Servitor		
Runed Stalactite		
Runed Terror		
Runeflare Trap		r
Runeforge Champion		w
Runehorn Hellkite		r
Runes of the Deus		rg
Runescale Stormbrood		ur
Runescale Stormbrood // Chilling Screech		ur
Runesword		
Runewing		u
Runic Armasaur		g
Runic Repetition		u
Runic Shot		wu
Runner's Bane		u
Running Is Useless		
Runo Stromkirk		ub
Runo Stromkirk // Krothuss, Lord of the Deep		ub
Rupture		r
Rupture Spire	wubrg	
Rural Recruit		g
Ruric Thar, the Unbowed		rg
Rush of Adrenaline		r
Rush of Battle		w
Rush of Blood		r
Rush of Dread		b
Rush of Ice		u
Rush of Inspiration	ur	ur
Rush of Inspiration // Crackling Falls	ur	ur
Rush of Knowledge		u
Rush of Vitality		b
Rush the Room		r
Rushblade Commander		br
Rushed Rebirth		bg
Rushing River		u
Rushing-Tide Zubera		u
Rushwood Dryad		g
Rushwood Elemental		g
Rushwood Grove	g	
Rushwood Herbalist		g
Rushwood Legate		g
Rusko, Clockmaker		ub
Russet Wolves		r
Rust		g
Rust Elemental		
Rust Goliath		g
Rust Harvester		r
Rust Monster		r
Rust Scarab		g
Rust Tick		
Rust-Shield Rampager		g
Rusted Relic		
Rusted Sentinel		
Rusted Slasher		
Rustic Clachan	w	w
Rusting Golem		
Rustler Rampage		w
Rustmouth Ogre		r
Rustrazor Butcher		r
Rustspore Ram		
Rustvale Bridge	wr	
Rustvine Cultivator		g
Rustwing Falcon		w
Ruthless Cullblade		b
Ruthless Deathfang		ub
Ruthless Disposal		b
Ruthless Instincts		g
Ruthless Invasion		r
Ruthless Knave		b
Ruthless Lawbringer		wb
Ruthless Negotiation		b
Ruthless Predation		g
Ruthless Radrat		b
Ruthless Ripper		b
Ruthless Sniper		b
Ruthless Technomancer		b
Ruthless Waterbender		b
Ruthless Winnower		b
Ruxa, Patient Professor		g
Ryan Sinclair		r
Rydia's Return		g
Rydia, Summoner of Mist		rg
Rysorian Badger		g
Ryusei, the Falling Star		r
S.H.I.E.L.D. Deployment Drone		u
S.H.I.E.L.D. Flying Car		u
S.H.I.E.L.D. Helicarrier		
S.H.I.E.L.D. Spy Kit		w
S.N.E.A.K. Dispatcher		u
S.N.O.T.		g
SOLDIER Military Program		w
SP // dr, Piloted by Peni		wu
Sab-Sunen, Luxa Embodied		ug
Saber Ants		g
Saber-Tooth Moose-Lion		g
Saberclaw Golem		r
Sabertooth Alley Cat		r
Sabertooth Cobra		g
Sabertooth Mauler		g
Sabertooth Nishoba		wg
Sabertooth Outrider		r
Sabertooth Wyvern		r
Sabin, Master Monk		r
Sabotage Strategist		u
Sabotender		r
Sabretooth Tiger		r
Sacellum Archers		wrg
Sacellum Godspeaker	g	g
Sachi, Daughter of Seshiro	g	g
Sacred Armory		
Sacred Boon		w
Sacred Cat		w
Sacred Excavation		u
Sacred Fire		wr
Sacred Foundry	wr	
Sacred Ground		w
Sacred Guide		w
Sacred Knight		w
Sacred Mesa		w
Sacred Nectar		w
Sacred Peaks	wr	
Sacred Prey		g
Sacred Rites		w
Sacred White Deer		g
Sacred Wolf		g
Sacrifice	b	b
Sacrifice Play		w
Saddle of the Cavalier		g
Saddleback Lagac		g
Saddled Rimestag		g
Sadistic Augermage		b
Sadistic Glee		b
Sadistic Hypnotist		b
Sadistic Obsession		b
Sadistic Sacrament		b
Sadistic Shell Game		b
Sadistic Skymarcher		b
Sadistic Slash		b
Safana, Calimport Cutthroat		b
Safe Haven		
Safe Passage		w
Safeguard		w
Safehold Duo		wg
Safehold Elite		wg
Safehold Sentry		w
Safewright Cavalry		g
Safewright Quest		wg
Saffi Eriksdotter		wg
Saga of Krark Losing His Thumb	ur	ur
Sage Aven		u
Sage Owl		u
Sage of Ancient Lore		g
Sage of Ancient Lore // Werewolf of Ancient Hunger		g
Sage of Days		u
Sage of Epityr		u
Sage of Fables		u
Sage of Hours		u
Sage of Lat-Nam		u
Sage of Mysteries		u
Sage of Shaila's Claim		g
Sage of the Beyond		u
Sage of the Falls		u
Sage of the Fang		g
Sage of the Inward Eye		wur
Sage of the Maze	wubrg	g
Sage of the Skies		w
Sage of the Unknowable	c	u
Sage's Dousing		u
Sage's Knowledge		u
Sage's Nouliths		u
Sage's Reverie		w
Sage's Row Denizen		u
Sage's Row Savant		u
Sage-Eye Avengers		u
Sage-Eye Harrier		w
Sages of the Anima		ug
Sagittars' Volley		g
Sagrada Familiar		
Sagu Archer		g
Sagu Mauler		ug
Sagu Pummeler		g
Sagu Wildling		g
Sagu Wildling // Roost Seek		g
Sahagin		u
Saheeli Rai		ur
Saheeli's Artistry		u
Saheeli's Directive		r
Saheeli's Lattice		r
Saheeli's Lattice // Mastercraft Raptor		r
Saheeli's Silverwing		
Saheeli, Filigree Master		ur
Saheeli, Radiant Creator		urg
Saheeli, Sublime Artificer		ur
Saheeli, the Gifted		ur
Saheeli, the Sun's Brilliance		ur
Sai of the Shinobi		
Sai, Master Thopterist		u
Saiba Cryptomancer		u
Saiba Syphoner		u
Saiba Trespassers		u
Said		u
Said // Done		u
Sail into the West		ug
Sailmonger		u
Sailor of Means		u
Sailors' Bane		u
Saint Elenda		w
Saint Traft and Rem Karolus		wur
Saji's Torrent		u
Sakashima of a Thousand Faces		u
Sakashima the Impostor		u
Sakashima the Impostor Avatar		
Sakashima's Protege		u
Sakashima's Student		u
Sakashima's Will		u
Sakiko, Mother of Summer	g	g
Sakura-Tribe Elder		g
Sakura-Tribe Scout		g
Sakura-Tribe Springcaller	g	g
Sala, Deck Boss		ur
Salacinder and Soot, Rascals		ur
Salivating Gremlins		r
Sally Pride, Lioness Leader		w
Sally Sparrow		wu
Salt Flats	wbc	
Salt Marsh	ub	
Salt Road Ambushers		g
Salt Road Packbeast		w
Salt Road Patrol		w
Salt Road Quartermasters		g
Salt Road Skirmish		b
Salt Vampire		b
Saltblast		w
Saltcrusted Steppe	wgc	
Saltfield Recluse		w
Saltskitter		w
Saltwater Stalwart		u
Salvage		g
Salvage Drone		u
Salvage Scout		w
Salvage Scuttler		u
Salvage Slasher		b
Salvage Titan		b
Salvaged Manaworker	wubrg	
Salvager of Ruin		
Salvager of Secrets		u
Salvaging Station		
Salvation Colossus		w
Salvation Engine		w
Salvation Swan		w
Sam's Desperate Rescue		b
Sam, Loyal Attendant		wg
Sami's Curiosity		g
Sami, Ship's Engineer		wr
Sami, Wildcat Captain		wr
Samite Alchemist		w
Samite Archer		wu
Samite Blessing		w
Samite Censer-Bearer		w
Samite Elder		w
Samite Healer		w
Samite Herbalist		w
Samite Ministration		w
Samite Pilgrim		w
Samite Sanctuary		w
Sample Collector		g
Samurai Enforcers		w
Samurai of the Pale Curtain		w
Samurai's Katana		r
Samut's Sprint		r
Samut, Tyrant Smasher		rg
Samut, Vizier of Naktamun		rg
Samut, Voice of Dissent		wrg
Samut, the Driving Force		wrg
Samut, the Tested		rg
Samwise Gamgee		wg
Samwise the Stouthearted		w
Sanar, Innovative First-Year		ur
Sanar, Unfinished Genius		ur
Sanar, Unfinished Genius // Wild Idea		ur
Sanctified Charge		w
Sanctifier en-Vec		w
Sanctifier of Souls		w
Sanctify		w
Sanctimony		w
Sanctuary Blade		
Sanctuary Cat		w
Sanctuary Lockdown		w
Sanctuary Raptor		
Sanctuary Smasher		r
Sanctuary Wall		w
Sanctuary Warden		w
Sanctum Custodian		w
Sanctum Gargoyle		w
Sanctum Guardian		w
Sanctum Plowbeast		wu
Sanctum Prelate		w
Sanctum Seeker		b
Sanctum Spirit		w
Sanctum Weaver	wubrg	g
Sanctum of All		wubrg
Sanctum of Calm Waters		u
Sanctum of Eternity	c	
Sanctum of Fruitful Harvest	wubrg	g
Sanctum of Serra		
Sanctum of Shattered Heights		r
Sanctum of Stone Fangs		b
Sanctum of Tranquil Light		w
Sanctum of Ugin	c	
Sanctum of the Sun	wubrg	
Sanctum of the Sun // Azor's Gateway	wubrg	
Sand Augury		u
Sand Augury // Young Blue Dragon		u
Sand Golem		
Sand Scout		w
Sand Silos	u	
Sand Squid		u
Sand Strangler		r
Sandals of Abdallah		
Sandbar Crocodile		u
Sandbar Merfolk		u
Sandbar Serpent		u
Sandbender Scavengers		wb
Sandbenders' Storm		w
Sandblast		w
Sandcloud Harbinger		w
Sandcrafter Mage		w
Sandman's Quicksand		b
Sandman, Shifting Scoundrel		g
Sands of Delirium		
Sands of Time		
Sandskin		w
Sandskitter Outrider		b
Sandsower		w
Sandstalker Moloch		g
Sandsteppe Citadel	wbg	
Sandsteppe Mastodon		g
Sandsteppe Outcast		w
Sandsteppe Scavenger		g
Sandsteppe War Riders		g
Sandstone Bridge	w	
Sandstone Deadfall		
Sandstone Needle	r	
Sandstone Oracle		
Sandstone Warrior		r
Sandstorm		g
Sandstorm Charger		w
Sandstorm Crasher		r
Sandstorm Eidolon		r
Sandstorm Salvager		g
Sandstorm Verge	c	
Sandswirl Wanderglyph		w
Sandswirl Wanderglyph // Unstable Glyphbridge		w
Sandworm		r
Sandwurm Convergence		g
Sangrite Backlash		brg
Sangrite Surge		rg
Sangromancer		b
Sangrophage		b
Sanguimancy		b
Sanguinary Mage		r
Sanguinary Priest		b
Sanguine Bond		b
Sanguine Brushstroke		b
Sanguine Evangelist		w
Sanguine Glorifier		w
Sanguine Guard		b
Sanguine Indulgence		b
Sanguine Morass	br	br
Sanguine Morass // Bloodsoaked Insight	br	br
Sanguine Praetor		b
Sanguine Sacrament		w
Sanguine Savior		wb
Sanguine Sipper		w
Sanguine Soothsayer		b
Sanguine Spy		b
Sanguine Statuette		r
Sanguine Syphoner		b
Sanitarium Skeleton		b
Sanitation Automaton		
Sanity Gnawers		br
Sanity Grinding		u
Sanwell, Avenger Ace		w
Sap Sucker	g	
Sap Vitality		b
Sapling Nursery		g
Sapling of Colfenor		bg
Sapphire Charm		u
Sapphire Collector		ur
Sapphire Dragon		u
Sapphire Dragon // Psionic Pulse		u
Sapphire Drake		u
Sapphire Leech		u
Sapphire Medallion		
Saprazzan Bailiff		u
Saprazzan Breaker		u
Saprazzan Cove	u	
Saprazzan Heir		u
Saprazzan Legate		u
Saprazzan Outrigger		u
Saprazzan Raider		u
Saprazzan Skerry	u	
Saproling Burst		g
Saproling Cluster		g
Saproling Infestation		g
Saproling Migration		g
Saproling Symbiosis		g
Sapseep Forest	g	g
Saradoc, Master of Buckland		w
Sarah Jane Smith		w
Sarah's Wings		w
Sarcatog		br
Sarcomancy		b
Sarcomite Myr		u
Sardian Avenger		r
Sardian Cliffstomper		r
Sarevok the Usurper		b
Sarevok's Tome	c	
Sarevok, Deadly Usurper		b
Sarevok, Deathbringer		b
Sarevok, Deceitful Usurper		ub
Sarevok, Divine Usurper		wb
Sarevok, Ferocious Usurper		br
Sarevok, Mighty Usurper		bg
Sarinth Greatwurm		rg
Sarinth Steelseeker		g
Sarkhan Unbroken	wubrg	urg
Sarkhan Vol		rg
Sarkhan the Mad		br
Sarkhan the Masterless		r
Sarkhan's Catharsis		r
Sarkhan's Dragonfire		r
Sarkhan's Rage		r
Sarkhan's Resolve		g
Sarkhan's Scorn		r
Sarkhan's Triumph		r
Sarkhan's Unsealing		r
Sarkhan's Whelp		r
Sarkhan, Dragon Ascendant		r
Sarkhan, Dragonsoul		r
Sarkhan, Fireblood	wubrg	r
Sarkhan, Soul Aflame		ur
Sarkhan, Wanderer to Shiv		r
Sarkhan, the Dragonspeaker		r
Sarpadian Empires, Vol. VII		
Sarpadian Simulacrum		r
Sarulf's Packmate		g
Sarulf, Realm Eater		bg
Saruli Caretaker	wubrg	g
Saruli Gatekeepers		g
Saruman of Many Colors		wub
Saruman the White		u
Saruman's Trickery		u
Saruman, the White Hand		ubr
Saryth, the Viper's Fang		g
Sasaya's Essence	wubrg	g
Sasaya's Essence // Sasaya, Orochi Ascendant	wubrg	g
Sasaya, Orochi Ascendant	wubrg	g
Sasaya, Orochi Ascendant // Sasaya's Essence	wubrg	g
Saskia the Unyielding		wbrg
Sassy Gremlin Blood		
Satoru Umezawa		ub
Satoru, the Infiltrator		ub
Satsuki, the Living Lore		wg
Satya, Aetherflux Genius		wur
Satyr Enchanter		wg
Satyr Firedancer		r
Satyr Grovedancer		g
Satyr Hedonist	r	rg
Satyr Hoplite		r
Satyr Nyx-Smith		r
Satyr Piper		g
Satyr Rambler		r
Satyr Wayfinder		g
Satyr's Cunning		r
Saurian Symbiote		g
Sauroform Hybrid		g
Sauron's Ransom		ub
Sauron, Dino Devotee		g
Sauron, Lord of the Rings		ubr
Sauron, the Dark Lord		ubr
Sauron, the Lidless Eye		br
Sauron, the Necromancer		b
Sautekh Immortal		b
Sauté		r
Savaen Elves		g
Savage Alliance		r
Savage Beating		r
Savage Conception		g
Savage Firecat		r
Savage Gorger		b
Savage Gorilla		ubg
Savage Hunger		g
Savage Knuckleblade		urg
Savage Land Dinosaur		g
Savage Lands	brg	
Savage Mansion	rg	
Savage Offensive		rg
Savage Order		g
Savage Packmate		rg
Savage Packmate // Child of the Pack		rg
Savage Punch		g
Savage Silhouette		g
Savage Smash		rg
Savage Stomp		g
Savage Summoning		g
Savage Surge		g
Savage Swipe		g
Savage Thallid		g
Savage Twister		rg
Savage Ventmaw	rg	rg
Savageborn Hydra		rg
Savai Crystal	wbr	
Savai Sabertooth		w
Savai Thundermane		wr
Savai Triome	wbr	
Savannah	wg	
Savannah Lions		w
Savannah Sage		w
Savanti Romero, Time's Exile		b
Save Life		w
Save Point		w
Saved by the Shell		g
Saving Grace		w
Saving Grasp		wu
Savior of Ollenbock		w
Savior of the Sleeping		w
Savior of the Small		w
Savor		b
Savor the Moment		u
Savra, Queen of the Golgari		bg
Savvy Hunter		bg
Savvy Trader		g
Saw		rg
Saw It Coming		u
Saw in Half		b
Sawback Manticore		rg
Sawblade Scamp		r
Sawblade Skinripper		br
Sawblade Slinger		g
Sawhorn Nemesis		r
Sawtooth Avenger		
Sawtooth Loon		wu
Sawtooth Ogre		r
Sawtooth Thresher		
Sawtusk Demolisher		g
Say Its Name		g
Sazacap's Brew		r
Sazh Katzroy		g
Sazh's Chocobo		g
Scab-Clan Berserker		r
Scab-Clan Charger		g
Scab-Clan Giant		rg
Scab-Clan Mauler		rg
Scabland	wrc	
Scalar Scholar		ug
Scald		r
Scalding Cauldron		
Scalding Devil		r
Scalding Salamander		r
Scalding Tarn		
Scalding Tongs		
Scalding Viper		ur
Scalding Viper // Steam Clean		ur
Scaldkin		ur
Scale Blessing		w
Scale Deflection		g
Scale Deflection // Dread Linnorm		g
Scale Up		g
Scale of Chiss-Goria		
Scale the Heights		g
Scalebane's Elite		wg
Scaled Behemoth		g
Scaled Destruction		w
Scaled Herbalist		g
Scaled Hulk		g
Scaled Nurturer	g	g
Scaled Wurm		g
Scaleguard Sentinels		g
Scalelord Reckoner		w
Scales of Shale		b
Scalesoul Gnome		wr
Scalespeaker Shepherd		g
Scalestorm Summoner		r
Scalpelexis		u
Scampering Scorcher		r
Scampering Surveyor		
Scampire		b
Scan the Clouds		ug
Scan the Clouds // Tempest Hart		ug
Scandalmonger		b
Scapegoat		w
Scapeshift		g
Scar		br
Scarab Feast		b
Scarab of the Unseen		
Scarblade Elite		b
Scarblade Scout		b
Scarblade's Malice		b
Scare Tactics		b
Scarecrone		
Scarecrow		
Scarecrow Guide	wubrg	
Scared Stiff		b
Scaretiller		
Scarland Thrinax		brg
Scarlet Spider, Ben Reilly		rg
Scarlet Spider, Kaine		br
Scarlet Witch, Chaotic Avenger		ur
Scarlet Witch, Wanda Maximoff		r
Scarmaker		b
Scarmaker // Hired Muscle		b
Scarred Puma		r
Scarred Vinebreeder		b
Scarring Memories		b
Scars of the Veteran		w
Scarscale Ritual		ub
Scarwood Bandits		g
Scarwood Goblins		rg
Scarwood Hag		g
Scarwood Treefolk		g
Scathe Zombies		b
Scathing Shadelock		b
Scathing Shadelock // Venomous Words		b
Scatter Arc		u
Scatter Ray		u
Scatter the Seeds		g
Scatter to the Winds		u
Scattered Groves	wg	
Scattered Thoughts		u
Scattering Stroke	c	u
Scattershot		r
Scattershot Archer		g
Scavenged Blade		r
Scavenged Brawler		
Scavenged Weaponry		b
Scavenger Drake		b
Scavenger Folk		g
Scavenger Grounds	c	
Scavenger Hunt		
Scavenger Regent		b
Scavenger Regent // Exude Toxin		b
Scavenger's Talent		b
Scavenging Ghoul		b
Scavenging Harpy		b
Scavenging Ooze		g
Scavenging Scarab		b
Scene of the Crime	wubrgc	
Scent of Brine		u
Scent of Cinder		r
Scent of Ivy		g
Scent of Jasmine		w
Scent of Nightshade		b
Scepter of Celebration		g
Scepter of Dominance		w
Scepter of Empires		
Scepter of Fugue		b
Scepter of Insight		u
Sceptre of Eternal Glory	wubrg	
Schema Thief		u
Scheming Aspirant		b
Scheming Fence		wu
Scheming Silvertongue		b
Scheming Silvertongue // Sign in Blood		b
Scheming Symmetry		b
Schismotivate		ur
Scholar of Athreos		wb
Scholar of Combustion		r
Scholar of New Horizons		w
Scholar of Stars		u
Scholar of the Ages		u
Scholar of the Lost Trove		u
Scholarship Sponsor		w
School Daze		u
School of Piranha		u
School of the Unseen	wubrgc	
Scientist Supreme of A.I.M.		ub
Scintillating Encore		wb
Scion Summoner	c	g
Scion of Calamity		g
Scion of Darkness		b
Scion of Draco		
Scion of Glaciers		u
Scion of Halaster		b
Scion of Oona		u
Scion of Opulence		r
Scion of Shiv		r
Scion of Stygia		u
Scion of Ugin		
Scion of Vitu-Ghazi		w
Scion of the Swarm		b
Scion of the Ur-Dragon		wubrg
Scion of the Wild		g
Scissors Lizard		
Scolding Administrator		wb
Scooch		b
Scorch Rider		r
Scorch Spitter		r
Scorch the Fields		r
Scorched Earth		r
Scorched Geyser	ur	
Scorched Ruins	c	
Scorched Rusalka		r
Scorching Dragonfire		r
Scorching Lava		r
Scorching Missile		r
Scorching Shot		r
Scorching Spear		r
Scorching Winds		r
Scorchmark		r
Scorchwalker		r
Scoria Cat		r
Scoria Elemental		r
Scoria Wurm		r
Scorn Effigy		
Scorn-Blade Berserker		b
Scorned Villager	g	g
Scorned Villager // Moonscarred Werewolf	g	g
Scornful Aether-Lich		wub
Scornful Egotist		u
Scorpion Sentinel		u
Scorpion's Sting		b
Scorpion, Seething Striker		b
Scour		w
Scour All Possibilities		u
Scour for Scrap		u
Scour from Existence		
Scour the Desert		w
Scour the Laboratory		u
Scour the Scene		wu
Scoured Barrens	wb	
Scourge Devil		r
Scourge Servant		b
Scourge Wolf		r
Scourge of Fleets		u
Scourge of Geier Reach		r
Scourge of Kher Ridges		r
Scourge of Nel Toth		b
Scourge of Numai		b
Scourge of Skola Vale		g
Scourge of Valkas		r
Scourge of the Nobilis		wr
Scourge of the Skyclaves		b
Scourge of the Throne		r
Scourge of the Undercity		b
Scourgemark		b
Scourglass		w
Scouring Sands		r
Scouring Swarm		bg
Scout for Survivors		w
Scout the Borders		g
Scout the City		g
Scout the Wilderness		wg
Scout's Warning		w
Scouting Hawk		w
Scouting Trek		g
Scrabbling Claws		
Scrabbling Skullcrab		u
Scragnoth		g
Scrambleverse		r
Scrap		r
Scrap Compactor		
Scrap Mastery		r
Scrap Trawler		
Scrap Welder		r
Scrapbasket		
Scrapdiver Serpent		u
Scrapheap		
Scrapheap Scrounger		b
Scrapper Champion		r
Scrappy Bruiser		r
Scrapshooter		g
Scrapskin Drake		u
Scrapwork Cohort		w
Scrapwork Mutt		r
Scrapwork Rager		b
Scrapyard Mongrel		r
Scrapyard Recombiner		
Scrapyard Salvo		r
Scrapyard Steelbreaker		r
Scrawling Crawler		
Scream Puff		b
Screamer-Killer		r
Screaming Fury		r
Screaming Nemesis		r
Screaming Phantom		b
Screaming Seahawk		u
Screaming Shield		
Screaming Swarm		u
Screamreach Brawler		r
Screams from Within		b
Screams of the Damned		b
Screeching Bat		b
Screeching Bat // Stalking Vampire		b
Screeching Buzzard		b
Screeching Drake		u
Screeching Griffin		wr
Screeching Harpy		b
Screeching Phoenix		r
Screeching Scorchbeast		b
Screeching Silcaw		u
Screeching Skaab		u
Screeching Sliver		u
Scrib Nibblers		b
Scribe of the Mindful		u
Scriv, the Obligator		wb
Scrivener		u
Scroll Rack		
Scroll Thief		u
Scroll of Avacyn		
Scroll of Fate		
Scroll of Griselbrand		
Scroll of Isildur		u
Scroll of Origins		
Scroll of the Masters		
Scrollboost		w
Scrollboost // Spiritcall Enthusiast		w
Scrollshift		w
Scrounge		b
Scrounge for Eternity		b
Scrounged Scythe		
Scrounged Scythe // Harvest Hand		
Scrounger of Souls		b
Scrounging Bandar		g
Scrounging Skyray		u
Scrubland	wb	
Scrutiny of the Guildpact		w
Scryb Ranger		g
Scryb Sprites		g
Scrying Glass		
Scrying Sheets	c	
Sculpted Perfection		wb
Sculpted Sunburst		w
Sculpting Steel		
Sculptor of Winter		g
Scurrid Colony		g
Scurrilous Sentry		b
Scurry Oak		g
Scurry of Gremlins		wr
Scurry of Squirrels		g
Scute Mob		g
Scute Swarm		g
Scuttlegator		ug
Scuttlemutt	wubrg	
Scuttletide		u
Scuttling Butler		
Scuttling Death		b
Scuttling Doom Engine		
Scuttling Sentinel		ug
Scuttling Sliver		u
Scuzzback Marauders		rg
Scuzzback Scrapper		rg
Scuzzback Scrounger		r
Scythe Leopard		g
Scythe Specter		b
Scythe Tiger		g
Scythe of the Wretched		
Scythecat Cub		g
Scytheclaw		
Scytheclaw Raptor		r
Sea Drake		u
Sea Eagle		u
Sea Gate	u	
Sea Gate Banneret		w
Sea Gate Colossus		
Sea Gate Loremaster		u
Sea Gate Oracle		u
Sea Gate Restoration	u	u
Sea Gate Restoration // Sea Gate, Reborn	u	u
Sea Gate Stormcaller		u
Sea Gate Wreckage	c	c
Sea Gate, Reborn	u	u
Sea Gate, Reborn // Sea Gate Restoration	u	u
Sea God's Revenge		u
Sea God's Scorn		u
Sea Hag		u
Sea Hag // Aquatic Ingress		u
Sea Kings' Blessing		u
Sea Legs		u
Sea Monster		u
Sea Scryer	uc	u
Sea Serpent		u
Sea Snidd		u
Sea Spirit		u
Sea Sprite		u
Sea Troll		u
Sea of Clouds	wu	
Sea of Sand		
Sea's Claim		u
Sea-Dasher Octopus		u
Seachrome Coast	wu	
Seacoast Drake		u
Seafarer's Quay		
Seafaring Werewolf		u
Seafaring Werewolf // Suspicious Stowaway		u
Seafloor Debris	wubrg	
Seafloor Oracle		u
Seafloor Stalker		u
Seagraf Skaab		u
Seahunter		u
Seal Away		w
Seal from Existence		w
Seal of Cleansing		w
Seal of Doom		b
Seal of Fire		r
Seal of Primordium		g
Seal of Removal		u
Seal of Strength		g
Seal of the Guildpact		
Sealed Fate		ub
Sealock Monster		u
Seam Rip		w
Sear		r
Search Elemental		u
Search Party Captain		w
Search Warrant		wu
Search for Azcanta	u	u
Search for Azcanta // Azcanta, the Sunken Ruin	u	u
Search for Blex		bg
Search for Blex // Blex, Vexing Pest		bg
Search for Dagger		w
Search for Glory		w
Search for Survivors		r
Search for Tomorrow		g
Search the City		u
Search the Premises		w
Searchlight Companion		
Searchlight Geist		b
Searing Barb		r
Searing Barrage		r
Searing Blaze		r
Searing Blood		r
Searing Flesh		r
Searing Light		w
Searing Meditation		wr
Searing Rays		r
Searing Spear		r
Searing Spear Askari		r
Searing Touch		r
Searing Wind		r
Searslicer Goblin		r
Searstep Pathway	br	
Searstep Pathway // Blightstep Pathway	br	
Seascape Aerialist		u
Seashell Cameo	wu	
Seaside Citadel	wug	
Seaside Haven	c	wu
Seasinger		u
Season of Gathering		g
Season of Growth		g
Season of Loss		b
Season of Renewal		g
Season of Weaving		u
Season of the Bold		r
Season of the Burrow		w
Season of the Witch		b
Season's Beatings		r
Seasonal Ritual	wubrg	g
Seasonal Ritual // Rosethorn Acolyte	wubrg	g
Seasonal Sequels		u
Seasoned Buttoneer		u
Seasoned Cathar		w
Seasoned Cathar // Ambitious Farmhand		w
Seasoned Consultant		w
Seasoned Dungeoneer		w
Seasoned Hallowblade		w
Seasoned Marshal		w
Seasoned Pyromancer		r
Seasoned Tactician		w
Seasoned Warrenguard		w
Seasoned Weaponsmith		r
Seasons Past		g
Seat of the Synod	u	
Seatower Imprisonment		w
Secluded Courtyard	wubrgc	
Secluded Glen	ub	
Secluded Starforge	c	
Secluded Steppe	w	w
Second Breakfast		w
Second Chance		u
Second City	wubrgc	
Second Guess		u
Second Harvest		g
Second Little Pig		wb
Second Sight		u
Second Stage of Magic Design		u
Second Sunrise		w
Second Thoughts		w
Second Wind		u
Secret Arcade		w
Secret Arcade // Dusty Parlor		w
Secret Base	wubrgc	
Secret Door		u
Secret Identity		u
Secret Invasion		u
Secret Passage	ub	
Secret Plans		ug
Secret Rendezvous		w
Secret Rendezvous // Joined Researchers		w
Secret Salvage		b
Secret Summoning		
Secret Tunnel	c	
Secret of Bloodbending		u
Secretkeeper		u
Secrets of Paradise	wubrg	
Secrets of the Dead		u
Secrets of the Golden City		u
Secrets of the Key		u
Secure Detention		w
Secure the Scene		w
Secure the Wastes		w
Securitron Squadron		w
Security Blockade		w
Security Bypass		u
Security Detail		w
Security Rhox		rg
Sedge Scorpion		g
Sedge Sliver		br
Sedge Troll		br
Sedgemoor Witch		b
Sedraxis Alchemist		b
Sedraxis Specter		ubr
Sedris, the Traitor King		ubr
See Beyond		u
See Double		u
See Red		r
See the Truth		u
See the Unwritten		g
Seed Guardian		g
Seed Spark		wg
Seed Suture		wg
Seed Suture // Vigorbloom Vanguard		wg
Seed of Hope		g
Seed the Land		g
Seedborn Muse		g
Seedcradle Witch		wg
Seedglaive Mentor		wr
Seedguide Ash		g
Seedling Charm		g
Seedpod Caretaker		w
Seedpod Squire		wu
Seeds of Innocence		g
Seeds of Renewal		g
Seeds of Strength		wg
Seedship Agrarian		g
Seedship Broodtender		bg
Seedship Impact		g
Seedtime		g
Seek		wbr
Seek // Hide		wbr
Seek Bolas's Counsel		ubr
Seek New Knowledge		u
Seek Thrills		urg
Seek Thrills // Beluna Grandsquall		urg
Seek the Beast		rg
Seek the Beast // Questing Druid		rg
Seek the Heart		w
Seek the Heart // The Arkenstone		w
Seek the Horizon		g
Seek the Wilds		g
Seeker		w
Seeker of Insight		u
Seeker of Skybreak		g
Seeker of Slaanesh		r
Seeker of Sunlight		g
Seeker of the Way		w
Seeker's Folly		b
Seekers' Squire		b
Seer of Stolen Sight		b
Seer of the Bright Side		b
Seer of the Last Tomorrow		u
Seer's Lantern	c	
Seer's Sundial		
Seer's Vision		ub
Seething Anger		r
Seething Landscape	c	ubr
Seething Pathblazer		r
Seething Skitter-Priest		wb
Seething Song	r	r
Seething Song // Blazing Firesinger	r	r
Sefris of the Hidden Ways		wub
Segmented Krotiq		g
Segmented Wurm		rg
Segovian Angel		w
Segovian Leviathan		u
Segovian Sword		
Seht's Tiger		w
Seifer Almasy		r
Seifer, Balamb Rival		br
Seismic Assault		r
Seismic Elemental		r
Seismic Mage		r
Seismic Monstrosaur		r
Seismic Rupture		r
Seismic Sense		g
Seismic Shift		r
Seismic Shudder		r
Seismic Spike	r	r
Seismic Stomp		r
Seismic Strike		r
Seismic Tutelage		g
Seismic Wave		r
Seizan, Perverter of Truth		b
Seize Opportunity		r
Seize the Day		r
Seize the Initiative		w
Seize the Secrets		u
Seize the Soul		b
Seize the Spoils		r
Seize the Spotlight		r
Seize the Storm		r
Seized from Slumber		w
Seizures		b
Sejiri Glacier	w	w
Sejiri Glacier // Sejiri Shelter	w	w
Sejiri Merfolk		u
Sejiri Refuge	wu	
Sejiri Shelter	w	w
Sejiri Shelter // Sejiri Glacier	w	w
Sejiri Steppe	w	
Sek'Kuar, Deathkeeper		brg
Sekki, Seasons' Guide		g
Select for Inspection		u
Selective Adaptation		g
Selective Memory		u
Selective Obliteration		c
Selective Snare		u
Selenia		
Selenia, Dark Angel		wb
Selesnya Charm		wg
Selesnya Cluestone	wg	wg
Selesnya Eulogist		g
Selesnya Evangel		wg
Selesnya Guildgate	wg	
Selesnya Guildmage		wg
Selesnya Keyrune	wg	wg
Selesnya Locket	wg	wg
Selesnya Loft Gardens	wubrg	
Selesnya Sagittars		wg
Selesnya Sanctuary	wg	
Selesnya Sentry		wg
Selesnya Signet	wg	
Self-Assembler		
Self-Destruct		r
Self-Inflicted Wound		b
Self-Reflection		u
Selfcraft Mechan		u
Selfie Preservation		g
Selfless Cathar		w
Selfless Exorcist		w
Selfless Glyphweaver		wb
Selfless Glyphweaver // Deadly Vanity		wb
Selfless Police Captain		w
Selfless Safewright		g
Selfless Samurai		w
Selfless Savior		w
Selfless Spirit		w
Selfless Squire		w
Selhoff Entomber		u
Selhoff Occultist		u
Selkie Hedge-Mage		ug
Sell-Sword Brute		r
Seller of Songbirds		w
Selvala's Charge		g
Selvala's Enforcer		g
Selvala's Stampede		g
Selvala, Eager Trailblazer		wg
Selvala, Explorer Returned	g	wg
Selvala, Heart of the Wilds	wubrg	g
Semblance Anvil		
Semblance Scanner		u
Semester's End		w
Sen Triplets		wub
Senate Courier		wu
Senate Griffin		wu
Senate Guildmage		wu
Senator Peacock		u
Send in the Pest		b
Send to Sleep		u
Sengir Autocrat		b
Sengir Bats		b
Sengir Connoisseur		b
Sengir Nosferatu		b
Sengir Vampire		b
Sengir, the Dark Baron		b
Sensation Gorger		r
Sensational Spider-Man		wu
Sensei Golden-Tail		w
Sensei's Divining Top		
Senseless Rage		r
Sensor Splicer		w
Sensory Deprivation		u
Sentinel		
Sentinel Dispatch		
Sentinel Sarah Lyons		wr
Sentinel Sliver		w
Sentinel Spider		g
Sentinel Totem		
Sentinel Tower		
Sentinel of Lost Lore		g
Sentinel of the Eternal Watch		w
Sentinel of the Nameless City		g
Sentinel of the Pearl Trident		u
Sentinel's Eyes		w
Sentinel's Mark		w
Sentinels of Glen Elendra		u
Sentry Bot		w
Sentry Oak		w
Sentry of the Underworld		wb
Senu, Keen-Eyed Protector		w
Separatist Voidmage		u
Sephara, Sky's Blade		w
Sephiroth's Intervention		b
Sephiroth, Fabled SOLDIER		b
Sephiroth, Fabled SOLDIER // Sephiroth, One-Winged Angel		b
Sephiroth, Fallen Hero		wr
Sephiroth, One-Winged Angel		b
Sephiroth, One-Winged Angel // Sephiroth, Fabled SOLDIER		b
Sephiroth, Planet's Heir		ub
Septic Rats		b
Sepulcher Ghoul		b
Sepulchral Primordial		b
Sequence Engine		g
Sequestered Stash	c	
Serah Farron		wg
Serah Farron // Crystallized Serah		wg
Seraph		w
Seraph Sanctuary	c	
Seraph of Dawn		w
Seraph of New Capenna		wb
Seraph of New Capenna // Seraph of New Phyrexia		wb
Seraph of New Phyrexia		wb
Seraph of New Phyrexia // Seraph of New Capenna		wb
Seraph of the Masses		w
Seraph of the Scales		wb
Seraph of the Suns		w
Seraph of the Sword		w
Seraphic Greatsword		w
Seraphic Steed		wg
Serendib Djinn		u
Serendib Efreet		u
Serendib Sorcerer		u
Serene Heart		g
Serene Master		w
Serene Offering		w
Serene Remembrance		g
Serene Sleuth		w
Serene Steward		w
Serene Sunset		g
Serenity		w
Sergeant John Benton		wg
Sergeant-at-Arms		w
Serpent Assassin		b
Serpent Generator		
Serpent Skin		g
Serpent Specialist		g
Serpent Warrior		b
Serpent of Yawning Depths		u
Serpent of the Endless Sea		u
Serpent of the Pass		u
Serpent's Gift		g
Serpent's Pass	ub	
Serpent's Soul-Jar		b
Serpent-Blade Assailant		g
Serpentine		g
Serpentine Ambush		u
Serpentine Basilisk		g
Serpentine Curve		u
Serpentine Kavu		rg
Serpentine Spike		r
Serra		
Serra Advocate		w
Serra Angel		w
Serra Angel Avatar		
Serra Ascendant		w
Serra Avatar		w
Serra Avenger		w
Serra Aviary		w
Serra Bestiary		w
Serra Disciple		w
Serra Faithkeeper		w
Serra Faithkeeper // Invasion of Dominaria		w
Serra Inquisitors		w
Serra Paladin		w
Serra Paragon		w
Serra Redeemer		w
Serra Sphinx		u
Serra Zealot		w
Serra the Benevolent		w
Serra's Blessing		w
Serra's Boon		w
Serra's Embrace		w
Serra's Emissary		w
Serra's Guardian		w
Serra's Hymn		w
Serra's Liturgy		w
Serra's Sanctum	w	
Serrated Arrows		
Serrated Biskelion		
Serrated Scorpion		b
Serum Powder	c	
Serum Raker		u
Serum Snare		u
Serum Sovereign		u
Serum Tank		
Serum Visionary		u
Serum Visions		u
Serum-Core Chimera		ur
Servant of Nefarox		b
Servant of Tymaret		b
Servant of Volrath		b
Servant of the Conduit	wubrg	g
Servant of the Scale		g
Servant of the Stinger		b
Serve		wu
Serve // Protect		wu
Servo Exhibition		w
Servo Schematic		
Seshiro the Anointed		g
Seshiro the Anointed Avatar		
Seshiro's Living Legacy		g
Seshiro's Living Legacy // Tales of Master Seshiro		g
Set Adrift		u
Set Phasers to . . .		w
Setessan Battle Priest		w
Setessan Champion		g
Setessan Griffin		wg
Setessan Oathsworn		g
Setessan Petitioner		g
Setessan Skirmisher		g
Setessan Starbreaker		g
Setessan Tactics		g
Setessan Training		g
Sethron, Hurloon General		br
Seton's Desire		g
Seton's Scout		g
Seton, Krosan Protector	g	g
Settle Beyond Reality		w
Settle the Score		b
Settle the Wilds		g
Settle the Wreckage		w
Settlement Blacksmith		w
Setzer, Wandering Gambler		br
Seven Dwarves		r
Seven of Nine		ub
Seven-Tail Mentor		w
Seventh Stage of Magic Design		ug
Sever Soul		b
Sever the Bloodline		b
Severance Priest		wbg
Severed Legion		b
Severed Strands		b
Sevinne's Reclamation		w
Sevinne, the Chronoclasm		wur
Sewer Crocodile		u
Sewer Nemesis		b
Sewer Plague		b
Sewer Rats		b
Sewer Shambler		b
Sewer-veillance Cam		u
Sewerdreg		b
Sewers of Estark		b
Sewn-Eye Drake		ubr
Sex Appeal		w
Seymour Flux		b
Shabraz, the Skyshark		wu
Shackle Slinger		u
Shacklegeist		u
Shackles		w
Shackles of Treachery		r
Shade of Trokair		w
Shade's Breath		b
Shade's Form		b
Shadewing Laureate		wb
Shadow Alley Denizen		b
Shadow Glider		w
Shadow Guildmage		ubr
Shadow Kin		u
Shadow Lance		wb
Shadow Prophecy		b
Shadow Puppeteers		u
Shadow Rider		b
Shadow Rift		u
Shadow Slice		b
Shadow Sliver		u
Shadow Stinger		b
Shadow Summoning		wb
Shadow Urchin		br
Shadow in the Warp		rg
Shadow of Doubt		ub
Shadow of Mortality		b
Shadow of the Enemy		b
Shadow of the Goblin		r
Shadow of the Grave		b
Shadow of the Second Sun		u
Shadow the Hedgehog		br
Shadow, Mysterious Assassin		b
Shadow-Rite Priest		b
Shadowbane		w
Shadowbeast Sighting		g
Shadowblood Egg	br	
Shadowblood Ridge	br	
Shadowborn Apostle		b
Shadowborn Demon		b
Shadowcloak Vampire		b
Shadowed Caravel		
Shadowfax, Lord of Horses		wr
Shadowfeed		b
Shadowgrange Archfiend		b
Shadowheart, Cleric of Graves		b
Shadowheart, Cleric of Order		wb
Shadowheart, Cleric of Trickery		ub
Shadowheart, Cleric of Twilight		bg
Shadowheart, Cleric of War		br
Shadowheart, Dark Justiciar		b
Shadowheart, Sharran Cleric		b
Shadowmage Infiltrator		ub
Shadowmoor Draw Spell		u
Shadows of the Past		b
Shadows' Lair	b	b
Shadows' Lair // Grasping Shadows	b	b
Shadows' Verdict		b
Shadowspear		
Shadowstorm		r
Shadowstorm Vizier		ub
Shadowy Backstreet	wb	
Shadrix Silverquill		wb
Shady Informant		br
Shady Traveler		b
Shady Traveler // Stalking Predator		b
Shaggy Camel		w
Shagrat, Loot Bearer		br
Shah of Naar Isle		r
Shahrazad		w
Shahrazad and Sindbad		wu
Shaile, Dean of Radiance		wb
Shaile, Dean of Radiance // Embrose, Dean of Shadow		wb
Shake the Foundations		r
Shakedown Heavy		b
Shalai and Hallar		wrg
Shalai's Acolyte		wg
Shalai, Voice of Plenty		wg
Shaleskin Bruiser		r
Shaleskin Plower		r
Shallow Grave		b
Shaman en-Kor		w
Shaman of Forgotten Ways	wubrg	g
Shaman of Spring		g
Shaman of the Great Hunt		urg
Shaman of the Pack		bg
Shaman's Trance		r
Shamanic Revelation		g
Shamble Back		b
Shambleshark		ug
Shambling Attendants		b
Shambling Cie'th		b
Shambling Ghast		b
Shambling Ghoul		b
Shambling Goblin		b
Shambling Remains		br
Shambling Shell		bg
Shambling Strider		rg
Shambling Suit		
Shambling Swarm		b
Shambling Vent	wb	wb
Shameless Charlatan		u
Shang-Chi and the Ten Rings		wu
Shang-Chi, Martial Mentor		g
Shang-Chi, Master of Kung Fu	wubrg	g
Shanid, Sleepers' Scourge		wbr
Shanna, Purifying Blade		wug
Shanna, Sisay's Legacy		wg
Shanodin Dryads		g
Shantotto, Tactician Magician		ur
Shao Jun		ur
Shape Anew		u
Shape Stealer		u
Shape of the Wiitigo		g
Shape the Sands		g
Shaper Apprentice		u
Shaper Guildmage		wub
Shaper Parasite		u
Shapers of Nature		ug
Shapers' Sanctuary		g
Shapesharer		u
Shapeshifter		
Shapeshifter's Marrow		u
Sharae of Numbing Depths		wu
Shard Convergence		g
Shard Phoenix		r
Shard Volley		r
Shard of Broken Glass		
Shard of the Nightbringer		b
Shard of the Void Dragon		b
Sharding Sphinx		u
Shardless Agent		ug
Shardless Outlander		
Shardmage's Rescue		w
Share the Spoils		r
Shared Animosity		r
Shared Discovery		u
Shared Fate		u
Shared Roots		g
Shared Summons		g
Shared Trauma		b
Shared Triumph		w
Shark Shredder, Killer Clone		b
Shark Typhoon		u
Sharkey, Tyrant of the Shire		ub
Sharktocrab		ug
Sharlayan, Nation of Scholars	wu	
Sharp Eraser		
Sharp-Eyed Rookie		g
Sharpened Pitchfork		
Sharpshooter Elf		g
Sharuum the Hegemon		wub
Shatter		r
Shatter Assumptions		b
Shatter the Oath		b
Shatter the Sky		w
Shatter the Source		r
Shattered Acolyte		w
Shattered Angel		w
Shattered Crypt		b
Shattered Dreams		b
Shattered Ego		u
Shattered Landscape	c	wbr
Shattered Perception		r
Shattered Sanctum	wb	
Shattered Seraph	wub	wub
Shattered Wings		g
Shattered Yard		r
Shattered Yard // Glassworks		r
Shattergang Brothers		brg
Shattering Blow		wr
Shattering Finale		b
Shattering Pulse		r
Shattering Spree		r
Shatterskull Charger		r
Shatterskull Giant		r
Shatterskull Minotaur		r
Shatterskull Recruit		r
Shatterskull Smashing	r	r
Shatterskull Smashing // Shatterskull, the Hammer Pass	r	r
Shatterskull, the Hammer Pass	r	r
Shatterskull, the Hammer Pass // Shatterskull Smashing	r	r
Shatterstorm		r
Shauku's Minion		br
Shauku, Endbringer		b
Shaun // Rebecca, Agents	c	wug
Shaun, Father of Synths		ur
Shay Cormac		wb
She-Hulk, Attorney-at-Law		wg
She-Hulk, Jade Defender		g
She-Hulk, Jennifer Walters		r
She-Hulk, Wallbreaker		r
Shed Weakness		g
Shedding Snake		b
Sheer Drop		w
Shefet Archfiend		b
Shefet Dunes	wc	w
Shefet Monitor		g
Shelinda, Yevon Acolyte		wg
Shelkin Brownie		g
Shell Shield		u
Shell Skulkin		
Shell of the Last Kappa		
Shelldock Isle	u	u
Shellephant		g
Shellfish Scholar		u
Shellshock		r
Shelob's Ambush		b
Shelob, Child of Ungoliant		bg
Shelob, Dread Weaver		b
Shelter		w
Sheltered Aerie	wubrg	g
Sheltered Thicket	rg	
Sheltered Valley	c	
Sheltered by Ghosts		w
Sheltering Ancient		g
Sheltering Boughs		g
Sheltering Landscape	c	wrg
Sheltering Light		w
Sheltering Prayers		w
Sheltering Word		g
Shen, Wish Granter		urg
Shenanigans		r
Sheoldred		b
Sheoldred // The True Scriptures		b
Sheoldred's Assimilator		b
Sheoldred's Edict		b
Sheoldred's Headcleaver		b
Sheoldred's Restoration		wb
Sheoldred's Terror		b
Sheoldred, Whispering One		b
Sheoldred, the Apocalypse		b
Shepherd of Heroes		w
Shepherd of Rot		b
Shepherd of the Clouds		w
Shepherd of the Cosmos		w
Shepherd of the Flock		w
Shepherd of the Flock // Usher to Safety		w
Shepherd of the Lost		w
Shepherding Spirits		w
Sheriff of Safe Passage		w
Shessra, Death's Whisper		bg
Shi'ar Soldier		u
Shichifukujin Dragon		r
Shidako, Broodmistress		g
Shidako, Broodmistress // Orochi Eggwatcher		g
Shield Bearer		w
Shield Broker		u
Shield Dancer		w
Shield Mare		w
Shield Mate		w
Shield Sphere		
Shield Wall		w
Shield of Duty and Reason		w
Shield of Kaldra		
Shield of the Ages		
Shield of the Avatar		
Shield of the Oversoul		wg
Shield of the Realm		
Shield of the Righteous		wu
Shield's Might		g
Shield's Might // Garenbrig Carver		g
Shield-Wall Sentinel		
Shielded Aether Thief		u
Shielded Passage		w
Shielded by Faith		w
Shieldhide Dragon		w
Shielding Plax		ug
Shieldmage Advocate		w
Shieldmage Elder		w
Shieldmate's Blessing		w
Shields of Velis Vel		w
Shifting Borders		u
Shifting Ceratops		g
Shifting Grift		u
Shifting Loyalties		u
Shifting Shadow		r
Shifting Sky		u
Shifting Sliver		u
Shifting Wall		
Shifting Woodland	g	g
Shifty Doppelganger		u
Shigeki, Jukai Visionary		g
Shiko and Narset, Unified		wur
Shiko, Paragon of the Way		wur
Shilgengar, Sire of Famine		wb
Shimatsu the Bloodcloaked		r
Shimian Night Stalker		b
Shimian Specter		b
Shimmer		u
Shimmer Dragon		u
Shimmer Myr		
Shimmer of Possibility		u
Shimmercreep		b
Shimmerdrift Vale		
Shimmering Barrier		w
Shimmering Efreet		u
Shimmering Glasskite		u
Shimmering Grotto	wubrgc	
Shimmering Mirage		u
Shimmering Wings		u
Shimmerscale Drake		u
Shimmerwilds Growth		g
Shimmerwing Chimera		u
Shinechaser		wu
Shinen of Fear's Chill		b
Shinen of Flight's Wings		u
Shinen of Fury's Fire		r
Shinen of Life's Roar		g
Shinen of Stars' Light		w
Shineshadow Snarl	wb	
Shinestriker		u
Shinewend		w
Shining Aerosaur		w
Shining Armor		w
Shining Shoal		w
Shinka Gatekeeper		r
Shinka, the Bloodsoaked Keep	r	r
Shinra Reinforcements		b
Shinryu, Transcendent Rival		b
Shinryu, Transcendent Rival // Zenos yae Galvus		b
Shiny Impetus		r
Shipbreaker Kraken		u
Shipwreck Dowser		u
Shipwreck Looter		u
Shipwreck Marsh	ub	
Shipwreck Moray		u
Shipwreck Patrol		u
Shipwreck Sentry		u
Shipwreck Sifters		u
Shipwreck Singer		ub
Shire Scarecrow	wubrg	
Shire Shirriff		w
Shire Terrace	c	
Shirei, Shizo's Caretaker		b
Shisato, Whispering Hunter		g
Shiv		r
Shiv's Embrace		r
Shiva, Warden of Ice		u
Shiva, Warden of Ice // Jill, Shiva's Dominant		u
Shivan Branch-Burner		r
Shivan Devastator		r
Shivan Dragon		r
Shivan Emissary		br
Shivan Fire		r
Shivan Gorge	c	r
Shivan Harvest		r
Shivan Hellkite		r
Shivan Meteor		r
Shivan Oasis	rg	
Shivan Phoenix		r
Shivan Raptor		r
Shivan Reef	urc	
Shivan Sand-Mage		r
Shivan Wumpus		r
Shivan Wurm		rg
Shivan Zombie		br
Shizo, Death's Storehouse	b	b
Shizuko, Caller of Autumn	g	g
Shoal Kraken		u
Shoal Serpent		u
Shock		r
Shock Brigade		r
Shock Troops		r
Shocker		r
Shocker, Unshakable		r
Shocking Grasp		u
Shocking Sharpshooter		r
Shockmaw Dragon		r
Shoe Tree		g
Shoot Down		g
Shoot the Sheriff		b
Shopkeeper's Bane		g
Shore Keeper		u
Shore Lurker		w
Shore Snapper		ub
Shore Up		u
Shorecomber Crab		u
Shorecrasher Elemental		u
Shorecrasher Mimic		ug
Shoreline Looter		u
Shoreline Raider		u
Shoreline Ranger		u
Shoreline Salvager		b
Shoreline Scout		u
Shorikai, Genesis Engine		wu
Short Bow		
Short Circuit		u
Short Sword		
Shortcut Seeker		u
Shortcut to Mushrooms		g
Shoulder to Shoulder		w
Shove Aside		r
Shoving Match		u
Show and Tell		u
Show of Confidence		w
Show of Valor		w
Showdown of the Skalds		wr
Shower of Arrows		g
Shower of Coals		r
Shower of Sparks		r
Showstopper		br
Showstopping Surprise		r
Shrapnel Blast		r
Shrapnel Slinger		r
Shred Memory		b
Shredded Sails		r
Shredder's Armor		b
Shredder's Revenge		b
Shredder's Technique		b
Shredder, Shadow Master		b
Shredder, Unrelenting		b
Shredding Winds		g
Shreds of Sanity		r
Shrewd Hatchling		ur
Shrewd Negotiation		u
Shrewd Storyteller		wg
Shriek Raptor		w
Shriek of Dread		b
Shriek, Treblemaker		br
Shriekdiver		b
Shriekgeist		u
Shriekhorn		
Shrieking Affliction		b
Shrieking Drake		u
Shrieking Grotesque		wb
Shrieking Mogg		r
Shrieking Specter		b
Shriekmaw		b
Shriekwood Devourer		g
Shrike Force		w
Shrike Harpy		b
Shrill Howler		g
Shrill Howler // Howling Chorus		g
Shrine Keeper		w
Shrine Steward		
Shrine of Boundless Growth	c	
Shrine of Burning Rage		
Shrine of Limitless Power		
Shrine of Loyal Legions		
Shrine of Piercing Vision		
Shrine of the Forsaken Gods	c	
Shrink		g
Shrinking Plane		
Shrivel		b
Shriveling Rot		b
Shroofus Sproutsire		g
Shrouded Lore		b
Shrouded Serpent		u
Shrouded Shepherd		wb
Shrouded Shepherd // Cleave Shadows		wb
Shroudstomper		wb
Shu Cavalry		w
Shu Defender		w
Shu Elite Companions		w
Shu Elite Infantry		w
Shu Farmer		w
Shu Foot Soldiers		w
Shu General		w
Shu Grain Caravan		w
Shu Soldier-Farmers		w
Shu Yun, the Silent Tempest		wur
Shuko		
Shunt		r
Shuri's Fabricator		
Shuri, Vibranium Technologist		wu
Shuri, Wakandan Inventor		u
Shuri, the Black Panther		wg
Shuriken		
Shy Town		
Shyft		u
Siani, Eye of the Storm		u
Sibilant Spirit		u
Sibling Rivalry		r
Sibsig Appraiser		u
Sibsig Host		b
Sibsig Icebreakers		b
Sibsig Muckdraggers		b
Sibsig's Artisan		b
Sibylline Soothsayer		r
Sicarian Infiltrator		u
Sick and Tired		b
Sicken		b
Sickening Dreams		b
Sickening Shoal		b
Sickle Dancer		b
Sickle Ripper		b
Sickleslicer		
Sidar Jabari		w
Sidar Jabari of Zhalfir		wub
Sidar Kondo		
Sidar Kondo of Jamuraa		wg
Side Quest		w
Side to Side		g
Sidequest: Card Collection		u
Sidequest: Card Collection // Magicked Card		u
Sidequest: Catch a Fish	w	w
Sidequest: Catch a Fish // Cooking Campsite	w	w
Sidequest: Hunt the Mark		b
Sidequest: Hunt the Mark // Yiazmat, Ultimate Mark		b
Sidequest: Play Blitzball		r
Sidequest: Play Blitzball // World Champion, Celestial Weapon		r
Sidequest: Raise a Chocobo		g
Sidequest: Raise a Chocobo // Black Chocobo		g
Sideswipe		r
Sidewinder Naga		g
Sidewinder Sliver		w
Sidisi's Faithful		u
Sidisi's Pet		b
Sidisi, Brood Tyrant		ubg
Sidisi, Regent of the Mire		b
Sidisi, Undead Vizier		b
Siege Behemoth		g
Siege Dragon		r
Siege Elemental		r
Siege Mastodon		w
Siege Modification		r
Siege Rhino		wbg
Siege Smash		r
Siege Striker		w
Siege Veteran		w
Siege Wurm		g
Siege Zombie		b
Siege of Towers		r
Siege-Gang Commander		r
Siege-Gang Lieutenant		r
Siegebreaker Giant		r
Siegecraft		w
Siegehorn Ceratops		wg
Siegfried, Famed Swordsman		b
Sierra, Nuka's Biggest Fan		w
Sif's Spearmaster		r
Sift		u
Sift Through Sands		u
Sifter Wurm		g
Sifter of Skulls	c	b
Sigarda's Aid		w
Sigarda's Imprisonment		w
Sigarda's Splendor		w
Sigarda's Summons		w
Sigarda's Vanguard		w
Sigarda, Champion of Light		wg
Sigarda, Font of Blessings		wg
Sigarda, Heron's Grace		wg
Sigarda, Host of Herons		wg
Sigardian Evangel		w
Sigardian Paladin		wg
Sigardian Priest		w
Sigardian Savior		w
Sigardian Zealot		g
Sight Beyond Sight		u
Sight of the Scalelords		g
Sighted-Caste Sorcerer		wu
Sightless Brawler		w
Sightless Ghoul		b
Sigil Blessing		wg
Sigil Captain		wg
Sigil Tracer		u
Sigil of Distinction		
Sigil of Myrkul		b
Sigil of Sleep		u
Sigil of Valor		
Sigil of the Empty Throne		w
Sigil of the Nayan Gods		wg
Sigil of the New Dawn		w
Sigiled Behemoth		wg
Sigiled Contender		w
Sigiled Paladin		w
Sigiled Sentinel		w
Sigiled Skink		r
Sigiled Starfish		u
Sigiled Sword of Valeron		
Sign in Blood		b
Sign in Blood // Scheming Silvertongue		b
Signal Pest		
Signal the Clans		rg
Signaling Roar		w
Signaling Roar // Riling Dawnbreaker		w
Signature Slam		g
Signature Spells		u
Signpost Scarecrow	wubrg	
Sigrid, God-Favored		w
Sigurd, Jarl of Ravensthorpe		wrg
Silas Renn, Seeker Adept		ub
Silburlind Snapper		u
Silence		w
Silence the Believers		b
Silent Arbiter		
Silent Artisan		w
Silent Assassin		b
Silent Attendant		w
Silent Clearing	wb	
Silent Dart		
Silent Departure		u
Silent Extraction		ug
Silent Gravestone		
Silent Hallcreeper		u
Silent Observer		u
Silent Sentinel		w
Silent Skimmer		b
Silent Specter		b
Silent Submersible		u
Silent-Blade Oni		ub
Silent-Chant Zubera		w
Silhana Ledgewalker		g
Silhana Starfletcher		g
Silhana Wayfinder		g
Silhouette		u
Silk Net		g
Silk, Web Weaver		wg
Silkbind Faerie		wu
Silken Strength		g
Silkenfist Fighter		w
Silkenfist Order		w
Silkguard		g
Silklash Spider		g
Silkweaver Elite		g
Silkwing Scout		ug
Silkwrap		w
Silt Crawler		g
Silumgar Assassin		b
Silumgar Butcher		b
Silumgar Monument	ub	ub
Silumgar Scavenger		b
Silumgar Sorcerer		u
Silumgar Spell-Eater		u
Silumgar's Command		ub
Silumgar's Scorn		u
Silumgar, the Drifting Death		ub
Silundi Isle	u	u
Silundi Isle // Silundi Vision	u	u
Silundi Vision	u	u
Silundi Vision // Silundi Isle	u	u
Silvan Reveler		ug
Silvanus's Invoker		g
Silvar, Devourer of the Free		br
Silver Bolt		
Silver Deputy		
Silver Drake		wu
Silver Erne		u
Silver Knight		w
Silver Myr	u	
Silver Raven		u
Silver Sable, Mercenary Leader		w
Silver Scrutiny		u
Silver Seraph		w
Silver Shroud Costume		
Silver Surfer, Cosmic Voyager		u
Silver Surfer, Galactus's Herald		
Silver Wyvern		u
Silver-Fur Master		ub
Silver-Inlaid Dagger		
Silverback Ape		g
Silverback Elder		g
Silverback Shaman		g
Silverbeak Griffin		w
Silverblade Paladin		w
Silverbluff Bridge	ur	
Silverchase Fox		w
Silverclad Ferocidons		r
Silverclaw Griffin		w
Silvercoat Lion		w
Silverflame Ritual		w
Silverflame Squire		w
Silverflame Squire // On Alert		w
Silverfur Partisan		g
Silvergill Adept		u
Silvergill Douser		u
Silvergill Mentor		u
Silvergill Peddler		u
Silverglade Elemental		g
Silverglade Pathfinder		g
Silverpelt Werewolf		g
Silverpelt Werewolf // Lambholt Elder		g
Silverquill Apprentice		wb
Silverquill Campus	wb	
Silverquill Charm		wb
Silverquill Command		wb
Silverquill Lecturer		w
Silverquill Pledgemage		wb
Silverquill Silencer		wb
Silverquill, the Disputant		wb
Silverskin Armor		
Silversmote Ghoul		b
Silverstorm Samurai		w
Silverstrike		w
Silverwing Squadron		w
Silvos, Rogue Elemental		g
Sima Yi, Wei Field Marshal		b
Simian Brawler		g
Simian Grunts		g
Simian Simulacrum		g
Simian Sling		r
Simian Spirit Guide	r	r
Simic Ascendancy		ug
Simic Basilisk		g
Simic Charm		ug
Simic Cluestone	ug	ug
Simic Fluxmage		u
Simic Growth Chamber	ug	
Simic Guildgate	ug	
Simic Guildmage		ug
Simic Initiate		g
Simic Keyrune	ug	ug
Simic Locket	ug	ug
Simic Manipulator		u
Simic Ragworm		ug
Simic Signet	ug	
Simic Sky Swallower		ug
Simic Slaw		
Simic, Value Engine		ug
Simoon		rg
Simple		wrg
Simple // Pure		wrg
Simplify		g
Simulacrum		b
Simulacrum Synthesizer		u
Sin Collector		wb
Sin Prodder		r
Sin, Spira's Punishment		ubg
Sin, Unending Cataclysm		ug
Sindbad		u
Sinew Dancer		w
Sinew Sliver		w
Singe		r
Singe-Mind Ogre		br
Singer of Swift Rivers		ug
Singing Bell Strike		u
Singing Towers of Darillium		
Singing Tree		g
Single Combat		w
Singularity Rupture		ub
Sinister Concierge		u
Sinister Concoction		b
Sinister Cryologist		u
Sinister Gnarlbark		b
Sinister Hideout	ub	
Sinister Monolith		b
Sinister Possession		b
Sinister Reflections		u
Sinister Sabotage		u
Sinister Starfish		b
Sinister Strength		b
Sinister Waltz		br
Sink into Stupor	u	u
Sink into Stupor // Soporific Springs	u	u
Sink into Takenuma		b
Sinkhole		b
Sinkhole Surveyor		b
Sinking Feeling		u
Sinner's Judgment		w
Sinner's Judgment // Faithbound Judge		w
Sins of the Past		b
Sinstriker's Will		w
Sinuous Benthisaur		u
Sinuous Predator		g
Sinuous Predator // Kessig Prowler		g
Sinuous Striker		u
Sinuous Vermin		b
Siona, Captain of the Pyleas		wg
Sip of Hemlock		b
Siphon Insight		ub
Sir Shandlar of Eberyn		wg
Sire of Insanity		br
Sire of Seven Deaths		
Sire of Stagnation		ub
Sire of the Storm		u
Siren Lookout		u
Siren Reaver		u
Siren Song Lyre		
Siren Stormtamer		u
Siren of the Fanged Coast		u
Siren of the Silent Song		ub
Siren's Call		u
Siren's Ruse		u
Sirocco		r
Sisay	wubrg	
Sisay's Ingenuity		u
Sisay's Ring	c	
Sisay, Weatherlight Captain		wubrg
Sister Hospitaller		wb
Sister Repentia		wb
Sister of Silence		u
Sisterhood of Karn		g
Sisters of Stone Death		bg
Sisters of Stone Death Avatar		
Sisters of the Flame	r	r
Sita Varma, Masked Racer		ug
Sivitri Scarzam		ub
Sivitri, Dragon Master		ub
Sivriss, Nightmare Speaker		b
Sivvi's Ruse		w
Sivvi's Valor		w
Six		g
Six-Sided Die		b
Six-y Beast		r
Sixth Sense		g
Sixth Stage of Magic Design		w
Sizzle		r
Sizzling Barrage		r
Sizzling Changeling		r
Sizzling Soloist		r
Skaab Goliath		u
Skaab Ruinator		u
Skaab Wrangler		u
Skalla Wolf		g
Skanos Dragonheart		g
Skanos, Black Dragon Vassal		bg
Skanos, Blue Dragon Vassal		ug
Skanos, Dragon Vassal		g
Skanos, Green Dragon Vassal		g
Skanos, Red Dragon Vassal		rg
Skanos, White Dragon Vassal		wg
Skarrg Goliath		g
Skarrg Guildmage		rg
Skarrg, the Rage Pits	c	rg
Skarrgan Firebird		r
Skarrgan Hellkite		r
Skarrgan Pit-Skulk		g
Skarrgan Skybreaker		rg
Skateboard		
Skatewing Spy		u
Skeletal Changeling		b
Skeletal Crocodile		b
Skeletal Grimace		b
Skeletal Kathari		b
Skeletal Scrying		b
Skeletal Snake		b
Skeletal Swarming		bg
Skeletal Vampire		b
Skeletal Wurm		b
Skeleton Archer		b
Skeleton Crew		b
Skeleton Key		
Skeleton Scavengers		b
Skeleton Shard		b
Skeleton Ship		ub
Skeletonize		br
Skemfar Avenger		b
Skemfar Elderhall	g	bg
Skemfar Shadowsage		b
Skewer Slinger		r
Skewer the Critics		r
Skill Borrower		u
Skilled Animator		u
Skillful Lunge		w
Skimming Strike		u
Skimming Strike // Dirgur Island Dragon		u
Skin Invasion		r
Skin Invasion // Skin Shedder		r
Skin Shedder		r
Skin Shedder // Skin Invasion		r
Skinbrand Goblin		r
Skinrender		b
Skinshifter		g
Skinthinner		b
Skinwing		
Skirge Familiar	b	b
Skirk Alarmist		r
Skirk Commando		r
Skirk Drill Sergeant		r
Skirk Fire Marshal		r
Skirk Marauder		r
Skirk Outrider		r
Skirk Prospector	r	r
Skirk Ridge Exhumer		b
Skirk Shaman		r
Skirk Volcanist		r
Skirmish Rhino		wbg
Skirsdag Cultist		r
Skirsdag Flayer		b
Skirsdag High Priest		b
Skirsdag Supplicant		b
Skithiryx, the Blight Dragon		b
Skitter Eel		u
Skitter of Lizards		r
Skitterbeam Battalion		r
Skittering Cicada		
Skittering Crustacean		u
Skittering Heartstopper		b
Skittering Horror		b
Skittering Invasion	c	
Skittering Monstrosity		b
Skittering Precursor	c	r
Skittering Skirge		b
Skittering Surveyor		
Skitterskin		b
Skittish Kavu		r
Skittish Valesk		r
Skizzik		r
Skizzik Surger		r
Skoa, Embermage		r
Skola Grovedancer		g
Skophos Maze-Warden		r
Skophos Reaver		r
Skophos Warleader		r
Skorpekh Destroyer		b
Skorpekh Lord		b
Skred		r
Skrelv's Hive		w
Skrelv, Defector Mite		w
Skulduggery		b
Skulking Fugitive		b
Skulking Ghost		b
Skulking Killer		b
Skulking Knight		b
Skull Catapult		
Skull Collector		b
Skull Fracture		b
Skull Prophet	bg	bg
Skull Raid		b
Skull Rend		br
Skull Saucer		b
Skull Skaab		ub
Skull Storm		b
Skull of Orm		
Skull of Ramos	b	
Skullbriar, the Walking Grave		bg
Skullcage		
Skullcap Snail		b
Skullclamp		
Skullcrack		r
Skullknocker Ogre		r
Skullmane Baku		b
Skullmead Cauldron		
Skullmulcher		g
Skullpiercer Gnat		ug
Skullport Merchant		b
Skullscorch		r
Skullslither Worm		b
Skullsnap Nuisance		ub
Skullsnatcher		b
Skulltap		b
Skullwinder		g
Sky Crier		w
Sky Cycle		r
Sky Deck		
Sky Diamond	u	
Sky Hussar		wu
Sky Ruin Drake		u
Sky Scourer		b
Sky Skiff		
Sky Spirit		wu
Sky Swallower		u
Sky Terror		wr
Sky Tether		w
Sky Theater Strix		u
Sky Weaver		u
Sky-Blessed Samurai		w
Sky-Eel School		u
Skybeast Tracker		g
Skybind		w
Skyblade of the Legion		w
Skyblade's Boon		w
Skyblinder Staff		
Skyboon Evangelist		w
Skybox Ferry		
Skybreen		
Skybridge Towers	wu	wu
Skycat Sovereign		wu
Skyclave Aerialist		ug
Skyclave Aerialist // Skyclave Invader		ug
Skyclave Apparition		w
Skyclave Basilica	w	w
Skyclave Basilica // Skyclave Cleric	w	w
Skyclave Cleric	w	w
Skyclave Cleric // Skyclave Basilica	w	w
Skyclave Geopede		r
Skyclave Invader		ug
Skyclave Invader // Skyclave Aerialist		ug
Skyclave Pick-Axe		g
Skyclave Plunder		u
Skyclave Relic	wubrg	
Skyclave Sentinel		
Skyclave Shade		b
Skyclave Shadowcat		b
Skyclave Squid		u
Skyclaw Thrash		ur
Skycloud Egg	wu	
Skycloud Expanse	wu	
Skycoach Conductor		u
Skycoach Conductor // All Aboard		u
Skycoach Waypoint	c	
Skycrash		r
Skyfire Kirin		r
Skyfire Phoenix		r
Skyfisher Spider		bg
Skygames		u
Skyhunter Cub		w
Skyhunter Patrol		w
Skyhunter Prowler		w
Skyhunter Skirmisher		w
Skyhunter Strike Force		w
Skyknight Legionnaire		wr
Skyknight Squire		w
Skyknight Vanguard		wr
Skylasher		g
Skyline Cascade	u	
Skyline Despot		r
Skyline Predator		u
Skyline Savior		w
Skyline Scout		w
Skymarch Bloodletter		b
Skymarcher Aspirant		w
Skymark Roc		wu
Skyraker Giant		r
Skyreach Manta		
Skyreaping		g
Skyrider Elf		ug
Skyrider Patrol		ug
Skyrider Trainee		w
Skyscanner		
Skyscribing		u
Skyscythe Engulfer		g
Skyseer's Chariot		w
Skyserpent Seeker		ug
Skyshaper		
Skyship Buccaneer		u
Skyship Plunderer		u
Skyship Stalker		r
Skyship Weatherlight		
Skyshooter		g
Skyshroud Ambush		g
Skyshroud Archer		g
Skyshroud Behemoth		g
Skyshroud Blessing		g
Skyshroud Claim		g
Skyshroud Condor		u
Skyshroud Cutter		g
Skyshroud Elf	wrg	g
Skyshroud Elite		g
Skyshroud Falcon		w
Skyshroud Forest	ugc	
Skyshroud Lookout		g
Skyshroud Poacher		g
Skyshroud Ranger		g
Skyshroud Ridgeback		g
Skyshroud Sentinel		g
Skyshroud Troll		g
Skyshroud Troopers	g	g
Skyshroud Vampire		b
Skyshroud War Beast		g
Skyskipper Duo		u
Skysnare Spider		g
Skysovereign, Consul Flagship		
Skyspear Cavalry		w
Skystinger		g
Skystreak Engineer		u
Skystreamer		w
Skystrike Officer		u
Skyswimmer Koi		u
Skyswirl Harrier		w
Skyward Eye Prophets		wug
Skyward Spider		wu
Skywarp Skaab		u
Skywatcher Adept		u
Skyway Robber		u
Skyway Sniper		g
Skywhaler's Shot		w
Skywinder Drake		u
Skywing Aven		u
Skywise Teachings		u
Skywriter Djinn		u
Slab Hammer		
Slag Fiend		r
Slag Strider		r
Slagdrill Scrapper		r
Slagstone Refinery		
Slagstorm		r
Slagwoods Bridge	rg	
Slagwurm Armor		
Slash Panther		r
Slash of Light		w
Slash of Talons		w
Slash the Ranks		w
Slash, Reptile Rampager		r
Slashing Tiger		g
Slate Street Ruffian		b
Slate of Ancestry		
Slaughter		b
Slaughter Cry		r
Slaughter Drone		bc
Slaughter Games		br
Slaughter Pact		b
Slaughter Singer		wg
Slaughter Specialist		b
Slaughter the Strong		w
Slaughter-Priest of Mogis		br
Slaughterhorn		g
Slaughterhouse Bouncer		b
Slave of Bolas		ubr
Slavering Branchsnapper		g
Slavering Nulls		r
Slay		b
Slayer of the Wicked		w
Slayer's Bounty		w
Slayer's Cleaver		
Slayer's Plate		
Slayers' Stronghold	c	wr
Slaying Fire		r
Slaying Mantis		g
Sledding Otter-Penguin		w
Sledge-Class Seedship		g
Sleek Schooner		
Sleep		u
Sleep Magic		u
Sleep Paralysis		u
Sleep of the Dead		u
Sleep with the Fishes		u
Sleep-Cursed Faerie		u
Sleeper Agent		b
Sleeper Dart		
Sleeper's Guile		b
Sleeper's Robe		ub
Sleeping Potion		u
Sleight of Hand		u
Sleight of Mind		u
Sleuth Instructor		w
Slice and Dice		r
Slice from the Shadows		b
Slice in Twain		g
Slicer, High-Speed Antagonist		r
Slicer, High-Speed Antagonist // Slicer, Hired Muscle		r
Slicer, Hired Muscle		r
Slicer, Hired Muscle // Slicer, High-Speed Antagonist		r
Slick Imitator		u
Slick Sequence		ur
Slickshot Lockpicker		u
Slickshot Show-Off		r
Slickshot Vault-Buster		u
Slight Malfunction		r
Slime Against Humanity		g
Slime Molding		g
Slimebind		u
Slimefoot and Squee		brg
Slimefoot's Survey		g
Slimefoot, Thallid Transplant		bg
Slimefoot, the Stowaway		bg
Slimy Aquarium		u
Slimy Aquarium // Underwater Tunnel		u
Slimy Burrito Illusion		
Slimy Dualleech		b
Slimy Kavu		r
Slimy Piper		g
Sling-Gang Lieutenant		b
Slingbow Trap		g
Slingshot Goblin		r
Slinking Giant		r
Slinking Serpent		ub
Slinking Skirge		b
Slinn Voda, the Rising Deep		u
Slinza, the Spiked Stampede		rg
Slip On the Ring		w
Slip Out the Back		u
Slip Through Space		u
Slippery Bogbonder		g
Slippery Bogle		ug
Slippery Karst	g	
Slippery Scoundrel		u
Slipstream Eel		u
Slipstream Serpent		u
Sliptide Serpent		u
Slith Ascendant		w
Slith Bloodletter		b
Slith Firewalker		r
Slith Predator		g
Slith Strider		u
Slither Blade		u
Slitherbore Pathway	bg	
Slitherbore Pathway // Darkbore Pathway	bg	
Slitherhead		bg
Slithering Cryptid		ug
Slithering Shade		b
Slithermuse		u
Slitherwisp		ub
Slithery Stalker		b
Sliv-Mizzet, Hivemind		ur
Slivdrazi Monstrosity	c	wubrgc
Sliver Construct		
Sliver Gravemother		wubrg
Sliver Hive	wubrgc	
Sliver Hivelord		wubrg
Sliver Legion		wubrg
Sliver Overlord		wubrg
Sliver Queen		wubrg
Sliver Queen Avatar		
Sliver Queen, Brood Mother		
Sliver Weftwinder		wubrg
Sliver of Hope		w
Sliversmith		
Slobad, Actually Just Fine		br
Slobad, Goblin Tinkerer		r
Slobad, Iron Goblin	r	r
Slogurk, the Overslime		ug
Sloppity Bilepiper		b
Slow Motion		u
Sludge Crawler		b
Sludge Monster		u
Sludge Strider		wub
Sludge Titan		bg
Sluggishness		r
Sluiceway Scorpion		bg
Slum Reaper		b
Slumbering Cerberus		r
Slumbering Dragon		r
Slumbering Keepguard		w
Slumbering Tora		
Slumbering Trudge		g
Slumbering Walker		w
Slumbering Waterways	ug	
Slurrk, All-Ingesting		g
Sly Instigator		u
Sly Requisitioner		b
Sly Spy		b
Smallpox		b
Smart Ass		u
Smash		r
Smash to Dust		r
Smash to Smithereens		r
Smashing Spree		r
Smashing Success		r
Smaug the Impenetrable		br
Smaug the Magnificent		r
Smell Fear		g
Smellerbee, Rebel Fighter		r
Smelt		rg
Smelt // Herd // Saw		rg
Smelt-Ward Gatekeepers		r
Smelt-Ward Ignus		r
Smelt-Ward Minotaur		r
Smelted Chargebug		r
Smelting Vat		
Smile at Death		w
Smirking Spelljacker		u
Smite		w
Smite the Deathless		r
Smite the Monstrous		w
Smiting Helix		wbr
Smitten Swordmaster		b
Smitten Swordmaster // Curry Favor		b
Smog Elemental		b
Smog Smasher		r
Smogbelcher Chariot		b
Smogsteed Rider		b
Smoke		r
Smoke Bomb		
Smoke Shroud		u
Smoke Spirits' Aid		r
Smoke Teller		ug
Smokebraider	wubrg	r
Smokespew Invoker		b
Smokestack		
Smoky Lounge	r	ur
Smoky Lounge // Misty Salon	r	ur
Smolder Initiate		b
Smoldering Butcher		b
Smoldering Crater	r	
Smoldering Efreet		r
Smoldering Egg		r
Smoldering Egg // Ashmouth Dragon		r
Smoldering Marsh	br	
Smoldering Spires	r	
Smoldering Stagecoach		r
Smoldering Tar		br
Smoldering Werewolf		r
Smoldering Werewolf // Erupting Dreadwolf		r
Smother		b
Smothering Abomination		b
Smothering Tithe		w
Smuggler Captain		b
Smuggler's Buggy		
Smuggler's Copter		
Smuggler's Share		w
Smuggler's Surprise		g
Sméagol, Helpful Guide		bg
Snag		g
Snake Basket		
Snake Cult Initiation		b
Snake Pit		g
Snake Umbra		g
Snake of the Golden Grove		g
Snakeform		ug
Snakeskin Veil		g
Snap		u
Snap Judgment		r
Snapback		u
Snapcaster Mage		u
Snapdax, Apex of the Hunt		wbr
Snapping Creeper		g
Snapping Drake		u
Snapping Gnarlid		g
Snapping Sailback		g
Snapping Thragg		r
Snapping Voidcraw	c	ugc
Snapsail Glider		
Snapsail Rider		r
Snare Tactician		w
Snare Thopter		
Snare the Skies		g
Snaremaster Sprite		u
Snarespinner		g
Snarl Song		g
Snarlfang Vermin		b
Snarling Gorehound		b
Snarling Undorak		g
Snarling Warg		b
Snarling Wolf		g
Snazzy Aether Homunculus		
Sneak Attack		r
Sneaking Guide		r
Sneaky Homunculus		u
Sneaky Snacker		ub
Sneering Shadewriter		b
Snickering Squirrel		b
Snooping Newsie		ub
Snooping Page		wb
Snort		r
Snorting Gahr		g
Snow Day		u
Snow Devil		u
Snow Fortress		
Snow Hound		w
Snow Mercy		w
Snow Villiers		w
Snow-Covered Forest	g	
Snow-Covered Island	u	
Snow-Covered Mountain	r	
Snow-Covered Plains	w	
Snow-Covered Swamp	b	
Snow-Covered Wastes	c	
Snowblind		g
Snowborn Simulacra		u
Snowfall	u	u
Snowfield Sinkhole	wb	
Snowhorn Rider		urg
Snowmelt Stag		u
Snubhorn Sentry		w
Snuff Out		b
So Shiny		u
So Tiny		u
Soar		u
Soaring Drake		u
Soaring Hope		w
Soaring Lightbringer		w
Soaring Sandwing		w
Soaring Seacliff	u	
Soaring Show-Off		u
Soaring Stoneglider		w
Soaring Thought-Thief		ub
Social Climber		g
Social Snub		wb
Socketed Sprocketer		u
Sodden Verdure	ug	
Soilshaper		g
Sojourner's Companion		
Sojourner's Enforcermite		
Sokenzan		
Sokenzan Bruiser		r
Sokenzan Renegade		r
Sokenzan Smelter		r
Sokenzan Spellblade		r
Sokenzan, Crucible of Defiance	r	r
Sokka and Suki		wur
Sokka's Charge		w
Sokka's Haiku		u
Sokka's Sword Training		w
Sokka, Bold Boomeranger		ur
Sokka, Lateral Strategist		wu
Sokka, Swordmaster		w
Sokka, Tenacious Tactician		wur
Sokka, Wolf Cove's Protector		w
Sokrates, Athenian Teacher		wu
Sol Grail		
Sol Ring	c	
Sol Talisman	c	
Sol'Kanar the Tainted		ubr
Sol'kanar the Swamp King		ubr
Sol, Advocate Eternal		wubg
Solaflora, Intergalactic Icon		w
Solar Array	wubrg	
Solar Blast		r
Solar Blaze		wr
Solar Tide		w
Solar Transformer	wubrgc	
Solarion		
Sold Out		b
Soldevi Adnate	b	b
Soldevi Digger		
Soldevi Excavations	uc	
Soldevi Golem		
Soldevi Heretic		wu
Soldevi Machinist	c	u
Soldevi Sage		u
Soldevi Sentry		
Soldevi Simulacrum		
Soldevi Steam Beast		
Soldier On		w
Soldier Replica		w
Soldier of Fortune		r
Soldier of the Grey Host		w
Soldier of the Pantheon		w
Soldiers of the Watch		w
Sole Performer		g
Solemn Doomguide		b
Solemn Offering		w
Solemn Recruit		w
Solemn Simulacrum		
Solemnity		w
Solfatara		r
Solid Footing		w
Solid Ground		g
Solidarity		w
Solidarity of Heroes		g
Solitary Camel		w
Solitary Confinement		w
Solitary Defiance		u
Solitary Hunter		g
Solitary Hunter // One of the Pack		g
Solitary Sanctuary		w
Solitary Study		w
Solitary Study // Endless Corridor		w
Soliton		u
Solitude		w
Solphim, Mayhem Dominus		r
Solstice Revelations		r
Solstice Zealot		w
Soltari Champion		w
Soltari Crusader		w
Soltari Emissary		w
Soltari Foot Soldier		w
Soltari Guerrillas		wr
Soltari Lancer		w
Soltari Monk		w
Soltari Priest		w
Soltari Trooper		w
Soltari Visionary		w
Solve the Equation		u
Somber Hoverguard		u
Somberwald Alpha		g
Somberwald Beastmaster		g
Somberwald Dryad		g
Somberwald Sage	wubrg	g
Somberwald Spider		g
Somberwald Stag		g
Somberwald Vigilante		r
Some Disassembly Required		b
Somnomancer		wu
Somnophore		u
Sonar Strike		w
Song of Blood		r
Song of Creation		urg
Song of Eärendil		ug
Song of Freyalise	wubrg	g
Song of Inspiration		g
Song of Point Prime		b
Song of Seasons		rg
Song of Serenity		g
Song of Stupefaction		u
Song of Totentanz		r
Song of the Dryads		g
Song of the Worldsoul		w
Song-Mad Ruins	r	r
Song-Mad Ruins // Song-Mad Treachery	r	r
Song-Mad Treachery	r	r
Song-Mad Treachery // Song-Mad Ruins	r	r
Songbird, Sonic Screamer		b
Songbirds' Blessing		w
Songcrafter Mage		urg
Songs of the Damned	b	b
Songstitcher		w
Sonic Assault		ur
Sonic Burst		r
Sonic Screwdriver	wubrg	
Sonic Seizure		r
Sonic Shrieker		wbr
Sonic the Hedgehog		wur
Sonorous Howlbonder		br
Sontaran General		r
Soot Imp		b
Sootfeather Flock		b
Soothing Balm		w
Soothing of Sméagol		u
Soothsayer Adept		u
Soothsaying		u
Sootstoke Kindler		br
Sootwalkers		br
Soovril, Patient Antiquarian		wr
Sophia, Dogged Detective		wug
Sophic Centaur		g
Sophina, Spearsage Deserter		wr
Soporific Springs	u	u
Soporific Springs // Sink into Stupor	u	u
Soramaro, First to Dream		u
Soratami Cloud Chariot		
Soratami Cloudskater		u
Soratami Mindsweeper		u
Soratami Mirror-Guard		u
Soratami Mirror-Mage		u
Soratami Rainshaper		u
Soratami Savant		u
Soratami Seer		u
Soraya the Falconer		w
Sorcerer Class	ur	ur
Sorcerer of the Fang		b
Sorcerer's Broom		
Sorcerer's Strongbox		
Sorcerer's Wand		
Sorceress Queen		b
Sorceress's Schemes	r	r
Sorcerous Sight		u
Sorcerous Spyglass		
Sorcerous Squall		u
Sorin Markov		b
Sorin of House Markov		wb
Sorin of House Markov // Sorin, Ravenous Neonate		wb
Sorin the Mirthless		b
Sorin's Guide		b
Sorin's Remastered Manor		
Sorin's Thirst		b
Sorin's Vengeance		b
Sorin, Grim Nemesis		wb
Sorin, Imperious Bloodlord		b
Sorin, Lord of Innistrad		wb
Sorin, Ravenous Neonate		wb
Sorin, Ravenous Neonate // Sorin of House Markov		wb
Sorin, Solemn Visitor		wb
Sorin, Vampire Lord		b
Sorin, Vengeful Bloodlord		wb
Sorrow's Path		
Sorry		u
Sort of _____ and _____		
Sosuke's Summons		g
Sosuke, Son of Seshiro		g
Sothera, the Supervoid		b
Soul Barrier		u
Soul Bleed		b
Soul Burn		b
Soul Channeling		b
Soul Charmer		w
Soul Collector		b
Soul Conduit		
Soul Diviner		ub
Soul Drainer		b
Soul Echo		w
Soul Enervation		b
Soul Exchange		b
Soul Feast		b
Soul Foundry		
Soul Immolation		r
Soul Kiss		b
Soul Link		wb
Soul Manipulation		ub
Soul Net		
Soul Nova		w
Soul Parry		w
Soul Partition		w
Soul Ransom		ub
Soul Read		u
Soul Reap		b
Soul Rend		b
Soul Salvage		b
Soul Scourge		b
Soul Sculptor		w
Soul Sear		r
Soul Search		wb
Soul Seizer		u
Soul Seizer // Ghastly Haunting		u
Soul Separator		
Soul Servitude		b
Soul Shatter		b
Soul Shepherd		w
Soul Shred		b
Soul Shredder		
Soul Snare		w
Soul Snuffers		b
Soul Spike		b
Soul Stair Expedition		b
Soul Strings		b
Soul Summons		w
Soul Swallower		g
Soul Swindler		b
Soul Tether		rg
Soul Tether // Woodwork Prodigy		rg
Soul Tithe		w
Soul Transfer		b
Soul Warden		w
Soul of Emancipation		wug
Soul of Eternity		w
Soul of Innistrad		b
Soul of Magma		r
Soul of Migration		w
Soul of Mirrodin		
Soul of New Phyrexia		
Soul of Ravnica		u
Soul of Shandalar		r
Soul of Theros		w
Soul of Windgrace		brg
Soul of Zendikar		g
Soul of the Harvest		g
Soul of the Rapids		u
Soul's Attendant		w
Soul's Fire		r
Soul's Grace		w
Soul's Majesty		g
Soul's Might		g
Soul-Guide Gryff		w
Soul-Guide Lantern		
Soul-Scar Mage		r
Soul-Shackled Zombie		b
Soul-Strike Technique		w
Soulblade Corrupter		b
Soulblade Djinn		u
Soulblade Renewer		g
Soulblast		r
Soulbound Guardians		w
Soulbright Flamekin	r	r
Soulbright Seeker	r	r
Soulcage Fiend		b
Soulcatcher		w
Soulcatchers' Aerie		w
Soulcipher Board		u
Soulcipher Board // Cipherbound Spirit		u
Soulcoil Viper		b
Souldrinker		b
Soulfire Eruption		r
Soulfire Grand Master		wur
Soulflayer		b
Soulgorger Orgg		r
Soulherder		wu
Soulhunter Rakshasa		b
Soulknife Spy		u
Soulless Jailer		
Soulless One		b
Soulless Revival		b
Soulmates		g
Soulmender		w
Soulquake		ub
Soulreaper of Mogis		b
Souls of the Faultless		wb
Souls of the Lost		b
Soulscour		w
Soulshriek		b
Soulstealer Axe		
Soulstinger		b
Soulstone Sanctuary	c	
Soulsurge Elemental		r
Soulsworn Jury		wu
Soulsworn Spirit		u
Soultether Golem		
Sound the Call		g
Soundwave, Sonic Spy		wub
Soundwave, Sonic Spy // Soundwave, Superior Captain		wub
Soundwave, Superior Captain		wub
Soundwave, Superior Captain // Soundwave, Sonic Spy		wub
Sourbread Auntie		r
Soured Springs	ub	
South Pole Voyager		w
South Wind Avatar		b
Southern Air Temple		w
Southern Elephant		g
Southern Paladin		w
Souvenir Snatcher		u
Souvenir T-Shirt		
Sovereign Okinec Ahau		wg
Sovereign's Bite		b
Sovereign's Macuahuitl		r
Sovereign's Macuahuitl // Idol of the Deep King		r
Sovereign's Realm	wubrg	
Sovereigns of Lost Alara		wu
Sower of Chaos		r
Sower of Discord		b
Sower of Temptation		u
Sowing Mycospawn		gc
Sowing Salt		r
Sozin's Comet		r
Space Beleren		wu
Space Fungus Snickerdoodle		
Space Marine Devastator		w
Space Marine Scout		w
Space-Time Anomaly		wu
Spaceshift		u
Spaghetti Junction	c	
Spara's Adjudicators	wug	wug
Spara's Bodyguard		wug
Spara's Headquarters	wug	
Spare Changeling	wubrg	br
Spare Dagger		
Spare Supplies		
Spare from Evil		w
Spark Double		u
Spark Elemental		r
Spark Fiend		r
Spark Harvest		b
Spark Jolt		r
Spark Mage		r
Spark Reaper		b
Spark Rupture		w
Spark Spray		r
Spark Trooper		wr
Spark of Creativity		r
Sparkcaster		rg
Sparkhunter Masticore		
Sparkmage Apprentice		r
Sparkmage's Gambit		r
Sparkshaper Visionary		u
Sparksmith		r
Sparkspitter		r
Sparktongue Dragon		r
Sparring Collar		r
Sparring Construct		
Sparring Dummy		g
Sparring Golem		
Sparring Mummy		w
Sparring Regimen		w
Spartan Veteran		r
Spatial Binding		ub
Spatial Contortion		c
Spatial Merging		
Spatula of the Ages		
Spawn of Mayhem		b
Spawn of Rix Maadi		br
Spawn of Thraxes		r
Spawn-Gang Commander	c	rc
Spawnbed Protector	c	
Spawnbinder Mage		w
Spawnbroker		u
Spawning Bed	c	
Spawning Breath	c	r
Spawning Grounds		g
Spawning Kraken		u
Spawning Pit		
Spawning Pod		g
Spawning Pool	b	b
Spawnsire of Ulamog	c	
Spawnwrithe		g
Speakeasy Server		w
Speaker of the Heavens		w
Spear Spewer		r
Spear of Heliod		w
Spear of the General		
Spearbreaker Behemoth		g
Spearpoint Oread		r
Special Move		r
Species Gorger		ug
Species Specialist		b
Specimen Collector		u
Specimen Freighter		u
Spectacle Mage		ur
Spectacle Summit	ur	ur
Spectacle of Destruction		b
Spectacular Pileup		w
Spectacular Showdown		r
Spectacular Skywhale		ur
Spectacular Spider-Man		w
Spectacular Tactics		w
Spectator Seating	wr	
Specter of Mortality		b
Specter of the Fens		b
Specter's Shriek		b
Specter's Shroud		
Specter's Wail		b
Spectra Ward		w
Spectral Adversary		u
Spectral Arcanist		u
Spectral Bears		g
Spectral Binding		u
Spectral Binding // Binding Geist		u
Spectral Cloak		u
Spectral Deluge		u
Spectral Denial		u
Spectral Flight		u
Spectral Force		g
Spectral Gateguards		w
Spectral Grasp		w
Spectral Guardian		w
Spectral Hunt-Caller		g
Spectral Interference		u
Spectral Lynx		wb
Spectral Prison		u
Spectral Procession		w
Spectral Reserves		w
Spectral Rider		w
Spectral Sailor		u
Spectral Searchlight	wubrg	
Spectral Shepherd		wu
Spectral Shield		wu
Spectral Shift		u
Spectral Sliver		b
Spectral Snatcher		b
Spectral Steel		w
Spectrox Mines		
Spectrum Sentinel		
Speed, Young Avenger		r
Speedball, New Warrior		ur
Speedbrood Stalker		b
Speedway Fanatic		r
Spell Blast		u
Spell Burst		u
Spell Contortion		u
Spell Counter		u
Spell Crumple		u
Spell Pierce		u
Spell Queller		wu
Spell Rupture		u
Spell Satchel	c	
Spell Shrivel		u
Spell Snare		u
Spell Snip		u
Spell Snuff		u
Spell Stutter		u
Spell Suck		u
Spell Swindle		u
Spell Syphon		u
Spellbane Centaur		g
Spellbinder		
Spellbinding Soprano		r
Spellbook		
Spellbook Seeker		u
Spellbook Seeker // Careful Study		u
Spellbook Vendor		w
Spellbound Dragon		ur
Spellbreaker Behemoth		rg
Spellchain Scatter		ur
Spelldrain Assassin		ubr
Spelleater Wolverine		r
Spellgorger Barbarian		r
Spellgorger Weird		r
Spellgyre		u
Spellheart Chimera		ur
Spelling Bee		g
Spelljack		u
Spellkeeper Weird		u
Spellmorph Raise Dead		b
Spellpyre Phoenix		r
Spellrune Howler		r
Spellrune Howler // Spellrune Painter		r
Spellrune Painter		r
Spellrune Painter // Spellrune Howler		r
Spellscorn Coven		ub
Spellscorn Coven // Take It Back		ub
Spellseeker		u
Spellshift		u
Spellshock		r
Spellskite		u
Spellstutter Sprite		u
Spelltithe Enforcer		w
Spelltwine		u
Spellweaver Duo		u
Spellweaver Eternal		u
Spellweaver Helix		
Spellweaver Volute		u
Spellwild Ouphe		g
Spelunking		g
Sphere Grid		g
Sphere of Annihilation		b
Sphere of Duty		w
Sphere of Grace		w
Sphere of Law		w
Sphere of Purity		w
Sphere of Reason		w
Sphere of Resistance		
Sphere of Safety		w
Sphere of Truth		w
Sphere of the Suns	wubrg	
Sphinx Ambassador		u
Sphinx Mindbreaker		u
Sphinx Sovereign		wub
Sphinx Summoner		ub
Sphinx of Clear Skies		u
Sphinx of Enlightenment		u
Sphinx of Foresight		u
Sphinx of Forgotten Lore		u
Sphinx of Jwar Isle		u
Sphinx of Lost Truths		u
Sphinx of Magosi		u
Sphinx of New Prahv		wu
Sphinx of Uthuun		u
Sphinx of the Chimes		u
Sphinx of the Final Word		u
Sphinx of the Guildpact		
Sphinx of the Revelation		wu
Sphinx of the Second Sun		u
Sphinx of the Steel Wind		wub
Sphinx's Decree		w
Sphinx's Disciple		u
Sphinx's Herald		u
Sphinx's Insight		wu
Sphinx's Revelation		wu
Sphinx's Tutelage		u
Sphinx-Bone Wand		
Spice Rack		
Spicy Oatmeal Pizza		r
Spider Climb		g
Spider Food		g
Spider Manifestation	rg	rg
Spider Spawning		bg
Spider Umbra		g
Spider-Bot		
Spider-Byte, Web Warden		u
Spider-Girl, Legacy Hero		wg
Spider-Gwen, Free Spirit		r
Spider-Ham, Peter Porker		g
Spider-Islanders		r
Spider-Man 2099		ur
Spider-Man 2099, Miguel O'Hara		u
Spider-Man India		wg
Spider-Man No More		u
Spider-Man Noir		b
Spider-Man, Brooklyn Visionary		g
Spider-Man, Hometown Hero		r
Spider-Man, Miles Morales		g
Spider-Man, New Champion		r
Spider-Man, Peter Parker		w
Spider-Man, To the Rescue		wg
Spider-Man, Web-Slinger		w
Spider-Man, Web-Spinner		r
Spider-Mobile		
Spider-Punk		r
Spider-Rex, Daring Dino		g
Spider-Sense		u
Spider-Slayer, Hatred Honed		
Spider-Suit		
Spider-UK		w
Spider-Verse		r
Spider-Woman, Secret Agent		wu
Spider-Woman, Stunning Savior		wu
Spiders-Man, Heroic Horde		g
Spidersilk Armor		g
Spidersilk Net		
Spiderwig Boggart		b
Spidery Grasp		g
Spike Breeder		g
Spike Cannibal		b
Spike Colony		g
Spike Drone		g
Spike Feeder		g
Spike Hatcher		g
Spike Jester		br
Spike Rogue		g
Spike Soldier		g
Spike Tiller		g
Spike Weaver		g
Spike Worker		g
Spike, Tournament Grinder		b
Spike-Tailed Ceratops		g
Spiked Baloth		g
Spiked Corridor		r
Spiked Corridor // Torture Pit		r
Spiked Pit Trap		
Spiked Ripsaw		g
Spikefield Cave	r	r
Spikefield Cave // Spikefield Hazard	r	r
Spikefield Hazard	r	r
Spikefield Hazard // Spikefield Cave	r	r
Spikeshell Harrier		u
Spikeshot Elder		r
Spikeshot Goblin		r
Spiketail Drake		u
Spiketail Drakeling		u
Spiketail Hatchling		u
Spikewheel Acrobat		r
Spin Engine		r
Spin Out		b
Spin into Myth		u
Spinal Centipede		b
Spinal Embrace		ub
Spinal Graft		b
Spinal Parasite		
Spinal Villain		r
Spincrusher		
Spindrift Drake		u
Spine of Ish Sah		
Spinebiter		g
Spined Basher		b
Spined Fluke		b
Spined Karok		g
Spined Megalodon		u
Spined Sliver		rg
Spined Thopter		u
Spined Tyrranax		g
Spined Wurm		g
Spinehorn Minotaur		r
Spineless Thug		b
Spinerock Knoll	r	r
Spinerock Tyrant		r
Spineseeker Centipede		g
Spinewoods Armadillo		g
Spinewoods Paladin		g
Spinner of Souls		g
Spinneret Sliver		g
Spinneret and Spiderling		r
Spinnerette, Arachnobat		bg
Spinning Darkness		b
Spinning Wheel	wubrg	
Spinning Wheel Kick		g
Spinny Ride		
Spiny Starfish		u
Spiral into Solitude		w
Spiraling Duelist		r
Spiraling Embers		r
Spire Barrage		r
Spire Garden	rg	
Spire Golem		
Spire Mangler		b
Spire Mechcycle		r
Spire Monitor		u
Spire Owl		u
Spire Patrol		wu
Spire Phantasm		u
Spire Serpent		u
Spire Tracer		g
Spire Winder		u
Spire of Industry	wubrgc	
Spirebluff Canal	ur	
Spires of Orazca	c	
Spires of Orazca // Thaumatic Compass	c	
Spireside Infiltrator		r
Spirespine		g
Spirit Away		u
Spirit Bonds		w
Spirit Cairn		w
Spirit Flare		w
Spirit Link		w
Spirit Loop		w
Spirit Mantle		w
Spirit Mascot		wr
Spirit Mirror		w
Spirit Shackle		b
Spirit Shield		
Spirit Summoning		wr
Spirit Water Revival		u
Spirit Weaver		w
Spirit en-Dal		w
Spirit en-Kor		w
Spirit of Malevolence		b
Spirit of Resilience		r
Spirit of Resistance		w
Spirit of the Aldergard		g
Spirit of the Hearth		w
Spirit of the Hunt		g
Spirit of the Labyrinth		w
Spirit of the Night		b
Spirit of the Season		g
Spirit of the Spires		w
Spirit-Sister's Call		wb
Spiritcall Enthusiast		w
Spiritcall Enthusiast // Scrollboost		w
Spirited Companion		w
Spirited Simulacrum		
Spiritmonger		bg
Spiritual Asylum		w
Spiritual Focus		w
Spiritual Guardian		w
Spiritual Sanctuary		w
Spiritual Visit		w
Spiritualize		w
Spit Flame		r
Spite		ub
Spite // Malice		ub
Spite of Mogis		r
Spitebellows		r
Spiteflame Witch		br
Spiteful Banditry		r
Spiteful Blow		b
Spiteful Bully		b
Spiteful Hexmage		b
Spiteful Motives		r
Spiteful Prankster		r
Spiteful Repossession		r
Spiteful Returned		b
Spiteful Shadows		b
Spiteful Sliver		r
Spiteful Squad		wb
Spiteful Visions		br
Spitemare		wr
Spitfire Bastion	r	r
Spitfire Bastion // Vance's Blasting Cannons	r	r
Spitfire Handler		r
Spitfire Lagac		r
Spitting Dilophosaurus		b
Spitting Drake		r
Spitting Earth		r
Spitting Gourna		g
Spitting Hydra		r
Spitting Image		ug
Spitting Sliver		b
Spitting Slug		g
Spitting Spider		g
Splash Lasher		u
Splash Portal		u
Splashy Spellcaster		u
Splatter Goblin		b
Splatter Technique		ur
Splatter Thug		r
Splendid Agony		b
Splendid Genesis		g
Splendid Reclamation		g
Splendor Mare		w
Splicer's Skill		w
Splinter		g
Splinter // Leo, Father // Son		w
Splinter Twin		r
Splinter's Technique		b
Splinter, Aging Champion		w
Splinter, Hamato Yoshi		b
Splinter, Radical Rat		wub
Splinter, the Mentor		b
Splinterfright		g
Splintering Wind		g
Split Decision		u
Split Screen		
Split Up		w
Split the Party		u
Split the Spoils		g
Split-Tail Miko		w
Splitskin Doll		w
Splitting Headache		b
Splitting Slime		g
Splitting the Powerstone		u
Spock, Logical Choice		u
Spoils of Adventure		wu
Spoils of Blood		b
Spoils of Evil	c	b
Spoils of Victory		g
Spoils of War		b
Spoils of the Hunt		g
Spoils of the Vault		b
Spontaneous Artist		r
Spontaneous Combustion		br
Spontaneous Flight		w
Spontaneous Generation		g
Spontaneous Mutation		u
Spooky Clown Mox		
Spore Burst		g
Spore Cloud		g
Spore Crawler		g
Spore Flower		g
Spore Frog		g
Spore Swarm		g
Sporeback Troll		g
Sporeback Wolf		g
Sporecap Spider		g
Sporecrown Thallid		g
Sporemound		g
Sporesower Thallid		g
Sporeweb Weaver		g
Sporocyst		g
Sporogenesis		g
Sporogenic Infection		b
Sporoloth Ancient		g
Spotcycle Scouter		w
Spotlight Falcon		w
Spotted Griffin		w
Spotter Thopter		u
Spread the Sickness		b
Spreading Algae		g
Spreading Flames		r
Spreading Insurrection		r
Spreading Plague		b
Spreading Rot		b
Spreading Seas		u
Spring		ug
Spring // Mind		ug
Spring Cleaning		g
Spring Splasher		u
Spring of Eternal Peace		g
Spring-Leaf Avenger		g
Spring-Loaded Sawblades		w
Spring-Loaded Sawblades // Bladewheel Chariot		w
Springbloom Druid		g
Springheart Nantuko		g
Springing Tiger		g
Springjack Knight		w
Springjack Pasture	wubrgc	
Springjack Shepherd		w
Springjaw Trap		
Springleaf Drum	wubrg	
Springleaf Parade	wubrg	g
Springmane Cervin		g
Springmantle Cleric		g
Springsage Ritual		g
Sprinting Warbrute		r
Sprite Dragon		ur
Sprite Noble		u
Sprout		g
Sprout Swarm		g
Sproutback Trudge		g
Sprouting Goblin		rg
Sprouting Phytohydra		g
Sprouting Renewal		g
Sprouting Thrinax		brg
Sprouting Vines		g
Sproutwatch Dryad		g
Spry and Mighty		g
Spur Grappler		r
Spurnmage Advocate		w
Spurred Wolverine		r
Spuzzem Strategist		g
Spy Eye		u
Spy Kit		
Spy Network		u
Spyglass Siren		u
Spymaster's Vault	b	b
Squad Captain		w
Squad Commander		w
Squad Rallier		w
Squadron Carrier		w
Squadron Hawk		w
Squall		g
Squall Drifter		w
Squall Line		g
Squall, Gunblade Duelist		wbr
Squall, SeeD Mercenary		wb
Squallmonger		g
Squandered Resources	wubrg	bg
Square Up		ug
Squash		r
Squawkroaster		r
Squeak By		w
Squeak By // Cheeky House-Mouse		w
Squeaking Pie Grubfellows		b
Squeaking Pie Sneak		b
Squealing Devil		br
Squee		
Squee's Embrace		wr
Squee's Revenge		ur
Squee's Toy		
Squee, Dubious Monarch		r
Squee, Goblin Nabob		r
Squee, Goblin Nabob Avatar		
Squee, the Immortal		r
Squeeze		u
Squelch		u
Squelching Leeches		b
Squid Fire Knight		
Squidnapper		u
Squire		w
Squire's Devotion		w
Squire's Lightblade		w
Squirming Emergence		bg
Squirming Mass		b
Squirrel Dealer		g
Squirrel Farm		g
Squirrel Mob		g
Squirrel Nest		g
Squirrel Sanctuary		g
Squirrel Sovereign		g
Squirrel Squatters		g
Squirrel Stack		
Squirrel Wrangler		g
Squirrel-Powered Scheme		b
Squirrelanoids		b
Squishy Sphinx Ninja		
Sram's Expertise		w
Sram, Senior Edificer		w
Stab		b
Stab Wound		b
Stabbing Pain		b
Stabilizer		
Stabwhisker the Odious		b
Stabwhisker the Odious // Nezumi Shortfang		b
Stack of Paperwork		w
Stadium Headliner		r
Stadium Tidalmage		ur
Stadium Vendors	wubrg	r
Staff Room		g
Staff Room // Experimental Lab		g
Staff of Compleation	wubrg	
Staff of Domination		
Staff of Eden, Vault's Key		
Staff of Nin		
Staff of Titania		
Staff of Zegon		
Staff of the Ages		
Staff of the Death Magus		
Staff of the Flame Magus		
Staff of the Letter Magus		
Staff of the Mind Magus		
Staff of the Storyteller		w
Staff of the Sun Magus		
Staff of the Wild Magus		
Stag Beetle		g
Stagecoach Security		w
Staggering Insight		wu
Staggering Size		g
Staggershock		r
Stain the Mind		b
Stairs to Infinity		
Stalactite Dagger		
Stalactite Stalker		b
Stalked Researcher		u
Stalker Hag		bg
Stalking Assassin		ub
Stalking Bloodsucker		b
Stalking Drone		gc
Stalking Leonin		w
Stalking Predator		b
Stalking Predator // Shady Traveler		b
Stalking Stones	c	
Stalking Tiger		g
Stalking Tiger Avatar		
Stalking Vampire		b
Stalking Vampire // Screeching Bat		b
Stalking Vengeance		r
Stalking Yeti		r
Stall Out		u
Stall for Time		wu
Stallion of Ashmouth		b
Stalwart Aven		w
Stalwart Pathlighter		w
Stalwart Realmwarden		w
Stalwart Shield-Bearers		w
Stalwart Speartail		rg
Stalwart Successor		bg
Stalwart Valkyrie		w
Stalwarts of Osgiliath		w
Stamina		g
Stamp of Approval		
Stampede		g
Stampede Driver		g
Stampede Rider		r
Stampede Surfer		rg
Stampeding Elk Herd		g
Stampeding Horncrest		r
Stampeding Rhino		g
Stampeding Scurryfoot		g
Stampeding Serow		g
Stampeding Wildebeests		g
Stand		wu
Stand // Deliver		wu
Stand Firm		w
Stand Together		g
Stand United		wg
Stand Up for Yourself		w
Stand or Fall		r
Standard Bearer		w
Standard Procedure		
Standardize		u
Standing Army		w
Standing Stones	wubrg	
Standing Troops		w
Standstill		u
Stangg		rg
Stangg, Echo Warrior		rg
Star Athlete		r
Star Charter		w
Star Compass	wubrg	
Star Pupil		w
Star Whale		u
Star of Extinction		r
Star-Crowned Stag		w
Starbreach Whale		u
Stardew Valley	c	
Starfall		r
Starfall Invocation		w
Starfield Mystic		w
Starfield Shepherd		w
Starfield Vocalist		u
Starfield of Nyx		w
Starfighter Pilot		w
Starforged Sword		
Stargaze		b
Stark Industries	ur	
Stark Industries Executive		r
Stark's Ingenuity		u
Starke		
Starke of Rath		r
Starlight		w
Starlight Invoker		w
Starlight Snare		u
Starlight Spectacular		w
Starling, Aerial Ally		w
Starlit Angel		w
Starlit Mantle		u
Starlit Sanctum	c	wb
Starlit Soothsayer		b
Starnheim Aspirant		w
Starnheim Courser		w
Starnheim Memento	w	w
Starnheim Unleashed		w
Starport Security		w
Starry-Eyed Skyrider		w
Starscape Cleric		b
Starscream, Power Hungry		b
Starscream, Power Hungry // Starscream, Seeker Leader		b
Starscream, Seeker Leader		b
Starscream, Seeker Leader // Starscream, Power Hungry		b
Starseer Mentor		wb
Starstorm		r
Start		wbr
Start // Finish		wb
Start // Fire		wr
Start Your Engines		r
Start from Scratch		r
Start the TARDIS		u
Starting Column	wubrg	
Starting Town	wubrgc	
Starting Town NPC		g
Startle		u
Startled Awake		u
Startled Awake // Persistent Nightmare		u
Startled Relic Sloth		wr
Startling Development		u
Starved Rusalka		g
Starving Revenant		b
Starwinder		u
Stasis		u
Stasis Cell		u
Stasis Cocoon		w
Stasis Field		u
Stasis Snare		w
Statecraft		u
Static Discharge		r
Static Net		w
Static Orb		
Static Prison		w
Static Snare		w
Station Monitor		wu
Statue		bg
Statue // Status		bg
Stature, Size Shifter		u
Stature, Young Avenger		rg
Status		bg
Status // Statue		bg
Statute of Denial		u
Staunch Crewmate		u
Staunch Defenders		w
Staunch Shieldmate		w
Staunch Throneguard		
Staunch-Hearted Warrior		g
Stave Off		w
Stay Hidden, Stay Silent		u
Staying Power		w
Steadfast Armasaur		w
Steadfast Cathar		w
Steadfast Guard		w
Steadfast Paladin		w
Steadfast Sentinel		w
Steadfast Sentry		w
Steadfast Unicorn		w
Steadfastness		w
Steady Aim		g
Steady Progress		u
Steady Tortoise		rg
Steady Tortoise // Harried Dash		rg
Steady-Handed Mook		b
Steal Artifact		u
Steal Enchantment		u
Steal Strength		b
Steal the Show		r
Stealer of Secrets		u
Stealth Mission		u
Steam Augury		ur
Steam Blast		r
Steam Catapult		w
Steam Clean		ur
Steam Clean // Scalding Viper		ur
Steam Frigate		u
Steam Spitter		rg
Steam Vents	ur	
Steam Vines		r
Steam-Powered		
Steamclaw		
Steamcore Scholar		u
Steamcore Weird		ur
Steamflogger Boss		r
Steamflogger Service Rep		g
Steamflogger Temp		r
Steamflogger of the Month		r
Steamfloggery		r
Steaming Sauna		ur
Steaming Sauna // Roaring Furnace		ur
Steampath Charger		r
Steel Dromedary		
Steel Exemplar		
Steel Golem		
Steel Hellkite		
Steel Leaf Champion		g
Steel Leaf Paladin		wg
Steel Overseer		
Steel Sabotage		u
Steel Seraph		w
Steel Squirrel		
Steel Wall		
Steel Wrecking Ball		r
Steel of the Godhead		wu
Steel-Plume Marshal		w
Steelbane Hydra		g
Steelburr Champion		w
Steelclad Serpent		u
Steelclad Spirit		u
Steelclaw Lance		br
Steelfin Whale		u
Steelform Sliver		w
Steelgaze Griffin		u
Steeling Stance		w
Steelshaper Apprentice		w
Steelshaper's Gift		w
Steelswarm Operator	u	u
Steely Resolve		g
Steeple Creeper		ug
Steeple Roc		w
Steer Clear		w
Stegron the Dinosaur Man		r
Stella Lee, Wild Card		ur
Stench of Decay		b
Stench of Evil		b
Stenchskipper		b
Stenn, Paranoid Partisan		wu
Stensia		
Stensia Banquet		r
Stensia Bloodhall	c	br
Stensia Innkeeper		r
Stensia Masquerade		r
Stensia Uprising		r
Stensian Sanguinist		b
Stensian Sanguinist // Exsanguinate		b
Step Between Worlds		u
Step Right Up		b
Step Through		u
Steppe Glider		w
Steppe Lynx		w
Sterling Grove		wg
Sterling Hound		
Sterling Keykeeper		w
Sterling Supplier		w
Stern Constable		w
Stern Dismissal		u
Stern Judge		w
Stern Lesson		u
Stern Marshal		w
Stern Mentor		u
Stern Proctor		u
Stern Scolding		u
Stet, Draconic Proofreader		wr
Stew the Coneys		g
Steward of Solidarity		w
Steward of Valeron	g	wg
Steward of the Harvest		g
Stick Together		w
Stick, Fearless Mentor		r
Sticker sheet		
Sticky Fingers		r
Sticky Kavu Daredevil		
Stickytongue Sentinel		g
Stifle		u
Stigma Lasher		r
Stika, Playtestress		w
Still Life		g
Stillmoon Cavalier		wb
Stillness in Motion		u
Stilt-Man, Towering Terror		r
Stiltstrider		g
Stiltzkin, Moogle Merchant		w
Stimulus Package		rg
Sting, Bilbo's Sword		
Sting, the Glinting Dagger		
Sting-Slinger		r
Stingblade Assassin		b
Stingcaster Mage		r
Stingerback Terror		r
Stingerfling Spider		g
Stingerquill Voxmancer		br
Stingerquill Voxmancer // Vicious Verse		br
Stinging Barrier		u
Stinging Cave Crawler		b
Stinging Hivemaster		b
Stinging Licid		u
Stinging Lionfish		u
Stinging Scorpion		b
Stinging Shot		g
Stinging Study		b
Stingmoggie		r
Stingscourger		r
Stinkdrinker Bandit		b
Stinkdrinker Daredevil		r
Stinkweed Imp		b
Stir the Grave		b
Stir the Pride		w
Stir the Sands		b
Stirge		b
Stirring Address		w
Stirring Bard		r
Stirring Honormancer		wb
Stirring Hopesinger		w
Stirring Wildwood	wg	wg
Stitch Together		b
Stitch in Time		ur
Stitched Assistant		u
Stitched Drake		u
Stitched Mangler		u
Stitcher Geralf		u
Stitcher's Apprentice		u
Stitcher's Graft		
Stitcher's Supplier		b
Stitchwing Skaab		u
Stock Up		u
Stocking Tiger		
Stocking the Pantry		g
Stockman, Mad Fly-entist		u
Stockpiling Celebrant		w
Stoic Angel		wug
Stoic Builder		g
Stoic Champion		w
Stoic Ephemera		w
Stoic Farmer		w
Stoic Grove-Guide		bg
Stoic Rebuttal		u
Stoic Sphinx		u
Stoic Star-Captain		w
Stoke Genius		r
Stoke Genius // Hearth Elemental		r
Stoke the Flames		r
Stolen Goodies		rg
Stolen Goodies // Picnic Ruiner		rg
Stolen Goods		u
Stolen Grain		b
Stolen Identity		u
Stolen Stark Tech		b
Stolen Strategy		r
Stolen Uniform		u
Stolen Vitality		r
Stolen by the Fae		u
Stomp		r
Stomp // Bonecrusher Giant		r
Stomp and Howl		g
Stomped by the Foot		b
Stomper Cub		g
Stomping Ground	rg	
Stomping Slabs		r
Stone Calendar		
Stone Catapult		b
Stone Docent		w
Stone Drake		ub
Stone Giant		r
Stone Golem		
Stone Haven Medic		w
Stone Haven Outfitter		w
Stone Haven Pilgrim		w
Stone Idol Generator		
Stone Idol Trap		r
Stone Kavu		wrg
Stone Quarry	wr	
Stone Rain		r
Stone Retrieval Unit		
Stone Spirit		r
Stone of Erech		
Stone-Cold Basilisk		g
Stone-Seeder Hierophant		g
Stone-Throwing Devils		b
Stone-Tongue Basilisk		g
Stonebinder's Familiar		w
Stonebound Mentor		wr
Stonebrow, Krosan Hero		rg
Stonecloaker		w
Stonecoil Serpent		
Stonefare Crocodile		bg
Stoneforge Acolyte		w
Stoneforge Masterwork		
Stoneforge Mystic		w
Stonefury		r
Stonehands		r
Stonehewer Giant		w
Stonehewer Giant Avatar		
Stonehide Ancient		urg
Stonehide Ancient // Warning Tremor		urg
Stonehoof Chieftain		g
Stonehorn Chanter		w
Stonehorn Dignitary		w
Stonerise Spirit		w
Stoneshaker Shaman		r
Stoneshock Giant		r
Stoneskin		w
Stonespeaker Crystal	c	
Stonesplitter Bolt		r
Stonewing Antagonizer		
Stonewing Antagonizer // Thraben Gargoyle		
Stonewise Fortifier		w
Stonewood Invocation		g
Stonewood Invoker		g
Stonework Packbeast	wubrg	
Stonework Puma		
Stonewright		r
Stony Silence		w
Stony Strength		g
Stonybrook Angler		u
Stonybrook Banneret		u
Stonybrook Schoolmaster		w
Stop Cold		u
Stop That		b
Storage Matrix		
Storm Caller		r
Storm Cauldron		
Storm Crow		u
Storm Elemental		u
Storm Entity		r
Storm Fleet Aerialist		u
Storm Fleet Arsonist		r
Storm Fleet Negotiator		u
Storm Fleet Pyromancer		r
Storm Fleet Sprinter		ur
Storm Fleet Spy		u
Storm Fleet Swashbuckler		r
Storm Front		g
Storm God's Oracle		ur
Storm Herald		r
Storm Herd		w
Storm King's Thunder		r
Storm Reading		u
Storm Reading // Galvanic Giant		u
Storm Sculptor		u
Storm Seeker		g
Storm Shaman		r
Storm Skreelix		ur
Storm Spirit		wug
Storm Strike		r
Storm World		r
Storm of Forms		u
Storm of Memories		r
Storm of Saruman		u
Storm of Souls		w
Storm of Steel		r
Storm the Citadel		g
Storm the Festival		g
Storm the Seedcore		g
Storm the Vault	wubrg	ur
Storm the Vault // Vault of Catlacan	wubrg	ur
Storm's Wrath		r
Storm, Force of Nature		urg
Storm, Queen of Wakanda		wg
Storm, Shaker of Skies		g
Storm, Windrider		wg
Storm-Charged Slasher		r
Storm-Charged Slasher // Reckless Stormseeker		r
Storm-Kiln Artist		r
Stormbeacon Blade		w
Stormbind		rg
Stormblood Berserker		r
Stormbound Geist		u
Stormbreath Dragon		r
Stormcage Containment Facility		
Stormcaller of Keranos		ur
Stormcaller's Boon		wu
Stormcarved Coast	ur	
Stormcatch Mentor		ur
Stormchaser Chimera		ur
Stormchaser Drake		u
Stormchaser Mage		ur
Stormchaser's Talent		u
Stormclaw Rager		br
Stormcloud Djinn		ur
Stormcloud Spirit		u
Stormcrag Elemental		r
Stormfist Crusader		br
Stormforged Armor		r
Stormfront Pegasus		w
Stormfront Riders		w
Stormkeld Curator		wu
Stormkeld Curator // Giant Secrets		wu
Stormkeld Prowler		u
Stormkeld Vanguard		g
Stormkeld Vanguard // Bear Down		g
Stormplain Detainment		w
Stormrider Rig		
Stormrider Spirit		u
Stormscale Anarch		r
Stormscale Scion		r
Stormscale Wurm		g
Stormscape Apprentice		wub
Stormscape Battlemage		wub
Stormscape Familiar		u
Stormscape Master		wub
Stormshriek Feral		r
Stormshriek Feral // Flush Out		r
Stormsplitter		r
Stormsurge Kraken		u
Stormtide Leviathan		u
Stormwatch Eagle		u
Stormwild Capridor		w
Stormwing Dragon		r
Stormwing Entity		u
Storrev, Devkarin Lich		bg
Storvald, Frost Giant Jarl		wug
Story Circle		w
Story Seeker		w
Storybook Ride		
Storyteller Pixie		u
Storyweave		g
Strafe		r
Strago and Relm		r
Strands of Night		b
Strands of Undeath		b
Strandwalker		
Strange Augmentation		b
Strange Inversion		r
Strangle		r
Strangled Cemetery	bg	
Stranglehold		r
Strangleroot Geist		g
Strangling Grasp		b
Strangling Grasp // Vengeful Strangler		b
Strangling Soot		br
Strangling Spores		b
Strata Scythe		
Stratadon		
Strategic Betrayal		b
Strategic Intervention		w
Strategic Planning		u
Strategy, Schmategy		r
Stratosoarer		u
Stratozeppelid		u
Stratus Dancer		u
Stratus Walk		u
Straw Golem		
Straw Soldiers		u
Strax, Sontaran Nurse		rg
Streaking Oilgorger		b
Stream Hopper		ur
Stream of Acid		b
Stream of Consciousness		u
Stream of Life		g
Stream of Life // Infirmary Healer		g
Stream of Thought		u
Stream of Unconsciousness		u
Streambed Aquitects		u
Street Riot		r
Street Savvy		g
Street Spasm		r
Street Sweeper		
Street Urchin		r
Street Wraith		b
Streetbreaker Wurm		rg
Streetwise Negotiator		g
Strefan, Maurer Progenitor		br
Strength Bobblehead	wubrg	
Strength from the Fallen		g
Strength in Numbers		g
Strength of Arms		w
Strength of Cedars		g
Strength of Isolation		w
Strength of Lunacy		b
Strength of Night		bg
Strength of Solidarity		g
Strength of Unity		w
Strength of Will		g
Strength of the Coalition		wg
Strength of the Harvest	wg	wg
Strength of the Harvest // Haven of the Harvest	wg	wg
Strength of the Pack		g
Strength of the Tajuru		g
Strength-Testing Hammer		
Stress Dream		ur
Strict Proctor		w
Stridehangar Automaton		
Strider Harness		
Strider, Ranger of the North		rg
Striding Shotcaller		ug
Striding Shotcaller // Run the Play		ug
Strife Scholar		r
Strife Scholar // Awaken the Ages		r
Strike It Rich		r
Strike the Weak Spot		
Striking Palette		r
Striking Palette // Pigment Wrangler		r
Striking Sliver		r
String of Disappearances		u
Strionic Resonator		
Strip Bare		w
Strip Mine	c	
Striped Bears		g
Striped Riverwinder		u
Strix Lookout		u
Strix Serenade		u
Strixhaven		
Strixhaven Skycoach		
Strixhaven Stadium	c	
Stroke of Genius		u
Stroke of Luck		b
Stroke of Midnight		w
Stromgald Cabal		b
Stromgald Crusader		b
Stromgald Spy		b
Stromkirk Bloodthief		b
Stromkirk Captain		br
Stromkirk Condemned		b
Stromkirk Mentor		b
Stromkirk Noble		r
Stromkirk Occultist		r
Stromkirk Patrol		b
Strong Back		g
Strong, the Brutish Thespian		g
Strongarm Monk		w
Strongarm Tactics		b
Strongarm Thug		b
Strongbox Raider		r
Stronghold Arena		wbg
Stronghold Assassin		b
Stronghold Biologist		u
Stronghold Confessor		b
Stronghold Discipline		b
Stronghold Furnace		
Stronghold Gambit		r
Stronghold Machinist		u
Stronghold Overseer		b
Stronghold Rats		b
Stronghold Taskmaster		b
Stronghold Zeppelin		u
Stroopwafel Cafe		
Structural Assault		r
Structural Collapse		r
Structural Distortion		r
Struggle		rg
Struggle // Survive		rg
Struggle for Project Purity		u
Struggle for Sanity		b
Struggle for Skemfar		g
Strutting Turkey		w
Stubborn Burrowfiend		g
Stubborn Denial		u
Stuck in Summoner's Sanctum		u
Student of Elements		u
Student of Elements // Tobita, Master of Winds		u
Student of Ojutai		w
Student of Warfare		w
Studious First-Year		g
Studious First-Year // Rampant Growth		g
Study	wu	
Study Break		w
Study Hall	wubrgc	
Study the Classics		g
Stuffed Bear		
Stuffy Doll		
Stuffy Doll Avatar		
Stump Stomp	rg	rg
Stump Stomp // Burnwillow Clearing	rg	rg
Stumpsquall Hydra		g
Stun		r
Stun Sniper		wr
Stunning Reversal		b
Stunning Shot		w
Stunning Strike		u
Stunt Double		u
Stunted Growth		g
Stupefying Touch		u
Stupor		b
Sturdy Hatchling		ug
Sturmgeist		u
Stymied Hopes		u
Su-Chi	c	
Su-Chi Cave Guard	c	
Subcontract		b
Subdue		g
Subgoyf		u
Subira, Tulzidi Caravanner		r
Subjugate the Hobbits		u
Subjugator Angel		w
Sublime Archangel		w
Sublime Epiphany		u
Sublime Exhalation		w
Submerge		u
Submerged Boneyard	ub	
Subterfuge		u
Subterranean Cavern	bg	
Subterranean Hangar	b	
Subterranean Schooner		u
Subterranean Scout		r
Subterranean Shambler		r
Subterranean Spirit		r
Subterranean Tremors		r
Subtle Strike		b
Subtlety		u
Suburban Sanctuary	wg	
Subversion		b
Subversive Acolyte		b
Subway Train		g
Success!		w
Succumb to Temptation		b
Succumb to the Cold		u
Sudden Breakthrough		r
Sudden Death		b
Sudden Demise		r
Sudden Disappearance		w
Sudden Edict		b
Sudden Impact		r
Sudden Insight		u
Sudden Reclamation		g
Sudden Salvation		w
Sudden Setback		u
Sudden Shock		r
Sudden Spinnerets		g
Sudden Spoiling		b
Sudden Storm		u
Sudden Strength		g
Sudden Strike		w
Sudden Substitution		u
Sue, Everlasting Dinosaur		wrg
Suffer the Past		b
Suffering		br
Suffering // Pain		br
Suffocating Blast		ur
Suffocating Fumes		b
Suffocation		u
Sugar Coat		u
Sugar Rush		b
Suicidal Charge		br
Suit Up		u
Suki, Courageous Rescuer		w
Suki, Kyoshi Captain		w
Suki, Kyoshi Warrior		wg
Sulam Djinn		g
Suleiman's Legacy		wr
Sulfur Elemental		r
Sulfur Falls	ur	
Sulfur Vent	ubr	
Sulfuric Vapors		r
Sulfuric Vortex		r
Sulfurous Blast		r
Sulfurous Mire	br	
Sulfurous Springs	brc	
Sultai Ascendancy		ubg
Sultai Banner	ubg	ubg
Sultai Charm		ubg
Sultai Devotee	ubg	g
Sultai Emissary		b
Sultai Flayer		g
Sultai Monument		ubg
Sultai Runemark		b
Sultai Scavenger		b
Sultai Skullkeeper		u
Sultai Soothsayer		ubg
Sumala Rumblers		wg
Sumala Sentry		wg
Sumala Woodshaper		wg
Summary Dismissal		u
Summary Judgment		w
Summer Bloom		g
Summit Apes		g
Summit Intimidator		r
Summit Prowler		r
Summit Sentinel		u
Summitfest Closing Ceremony	ur	ur
Summon Undead		b
Summon the Pack		b
Summon the School		w
Summon: Alexander		w
Summon: Alexander // Crystal Fragments		w
Summon: Anima		b
Summon: Bahamut		
Summon: Brynhildr		r
Summon: Choco // Mog		w
Summon: Esper Maduin	g	g
Summon: Esper Maduin // Esper Origins	g	g
Summon: Esper Ramuh		r
Summon: Esper Valigarmanda	r	r
Summon: Fat Chocobo		g
Summon: Fenrir		g
Summon: G.F. Cerberus		r
Summon: G.F. Ifrit	r	r
Summon: Good King Mog XII		w
Summon: Ixion		w
Summon: Knights of Round		w
Summon: Kujata		r
Summon: Leviathan		u
Summon: Magus Sisters		g
Summon: Primal Garuda		w
Summon: Primal Odin		b
Summon: Shiva		u
Summon: Titan		g
Summon: Valefor		u
Summon: Yojimbo		w
Summoned Dromedary		w
Summoner's Bane		u
Summoner's Bond		
Summoner's Egg		
Summoner's Grimoire		g
Summoner's Pact		g
Summoner's Sending		w
Summoning Materia	g	g
Summoning Station		
Summoning Trap		g
Summons of Saruman		ur
Sun Ce, Young Conquerer		u
Sun Clasp		w
Sun Droplet		
Sun Quan, Lord of Wu		u
Sun Sentinel		w
Sun Titan		w
Sun Warriors		wr
Sun's Bounty		w
Sun-Blessed Guardian		wr
Sun-Blessed Guardian // Furnace-Blessed Conqueror		wr
Sun-Blessed Healer		w
Sun-Blessed Mount		wr
Sun-Blessed Peak	wr	
Sun-Collared Raptor		r
Sun-Crested Pterodon		w
Sun-Crowned Hunters		r
Sun-Dappled Celebrant		w
Sun-Spider, Nimble Webber		wu
Sunastian Falconer	c	rg
Sunbaked Canyon	wr	
Sunbathing Rootwalla		g
Sunbeam Spellbomb		w
Sunbillow Verge	wr	
Sunbird Effigy	wubrg	
Sunbird Effigy // Sunbird Standard	wubrg	
Sunbird Standard	wubrg	
Sunbird Standard // Sunbird Effigy	wubrg	
Sunbird's Invocation		r
Sunblade Angel		w
Sunblade Elf		wg
Sunblade Samurai		w
Sunblast Angel		w
Sunbond		w
Sunbringer's Touch		g
Suncleanser		w
Suncrusher		
Sunder		u
Sunder Shaman		rg
Sunder from Within		r
Sunder the Gateway		w
Sunderflock		u
Sundering Archaic		
Sundering Eruption	r	r
Sundering Eruption // Volcanic Fissure	r	r
Sundering Fork		
Sundering Growth		wg
Sundering Sentinel		wr
Sundering Stroke		r
Sundering Titan		
Sundering Vitae		g
Sundial of the Infinite		
Sundial, Dawn Tyrant		w
Sundown Pass	wr	
Sune's Intervention		w
Sunfall		w
Sunfire Balm		w
Sunfire Torch		r
Sunflare Shaman		r
Sunforger		wr
Sunfrill Imitator		g
Sunglasses of Urza		
Sungold Barrage		w
Sungold Sentinel		w
Sungrace Pegasus		w
Sungrass Egg	wg	
Sungrass Prairie	wg	
Sunhome Enforcer		wr
Sunhome Guildmage		wr
Sunhome Stalwart		w
Sunhome, Fortress of the Legion	c	wr
Sunimret		b
Sunken Citadel		
Sunken City		u
Sunken Field		u
Sunken Hollow	ub	
Sunken Hope		u
Sunken Palace	u	u
Sunken Ruins	ubc	ub
Sunlance		w
Sunlit Hoplite		w
Sunlit Marsh	wb	
Sunmane Pegasus		w
Sunpearl Kirin		w
Sunpetal Grove	wg	
Sunrise Cavalier		wr
Sunrise Seeker		w
Sunrise Sovereign		r
Sunscape Apprentice		wug
Sunscape Battlemage		wug
Sunscape Familiar		w
Sunscape Master		wug
Sunscorch Regent		w
Sunscorched Desert	c	
Sunscorched Divide	wr	
Sunscour		w
Sunscourge Champion		w
Sunseed Nurturer	c	w
Sunset Pyramid		
Sunset Revelry		w
Sunset Saboteur		b
Sunset Strikemaster	r	r
Sunshot Militia		r
Sunshower Druid		g
Sunspear Shikari		w
Sunspine Lynx		r
Sunspire Gatekeepers		w
Sunspire Griffin		w
Sunspring Expedition		w
Sunstar Chaplain		w
Sunstar Expansionist		w
Sunstar Lightsmith		w
Sunstone		
Sunstreak Phoenix		r
Sunstrike Legionnaire		w
Suntail Hawk		w
Suntail Squadron		w
Suntouched Myr		
Sunweb		w
Super Combo		g
Super Intelligence		u
Super Mutant Scavenger		g
Super Secret Tech		
Super Shredder		b
Super Speed		r
Super State		
Super Strength		g
Super Suit		u
Super Villain Lockup		w
Super-Adaptoid		
Super-Duper Death Ray		r
Super-Duper Lost		u
Super-Skrull		wubrg
Super-Soldier Serum		w
Superior Foes of Spider-Man		r
Superior Numbers		g
Superior Spider-Man		ub
Supernatural Rescue		w
Supernatural Stamina		b
Supersize		g
Suplex		r
Supper for Spiders		b
Supplant Form		u
Supply		wug
Supply // Demand		wug
Supply Caravan		w
Supply Drop		
Supply Runners		w
Supply-Line Cranes		w
Support Skyforge		wu
Supportive Parents	wubrg	g
Suppress		b
Suppression Bonds		w
Suppression Field		w
Suppression Ray	wu	wu
Suppression Ray // Orderly Plaza	wu	wu
Suppressor Skyguard		wu
Supreme Exemplar		u
Supreme Inquisitor		u
Supreme Phantom		u
Supreme Verdict		wu
Supreme Will		u
Suq'Ata Assassin		b
Suq'Ata Firewalker		u
Suq'Ata Lancer		r
Sure Strike		r
Sure-Footed Infiltrator		u
Surestrike Trident		
Surge Conductor		
Surge Engine		u
Surge Mare		u
Surge Node		
Surge of Acclaim		u
Surge of Brilliance		u
Surge of Righteousness		w
Surge of Salvation		w
Surge of Strength		rg
Surge of Thoughtweft		w
Surge of Zeal		r
Surge to Victory		r
Surgehacker Mech		
Surgeon General Commander	wubrg	g
Surgespanner		u
Surgical Extraction		b
Surgical Metamorph		u
Surgical Skullbomb		u
Surgical Suite		w
Surgical Suite // Hospital Room		w
Surging Aether		u
Surging Dementia		b
Surging Flame		r
Surging Might		g
Surging Sentinels		w
Surly Badgersaur		r
Surly Farrier		g
Surprise Deployment		w
Surprise Party		w
Surprise, Nerd!		b
Surrak Dragonclaw		urg
Surrak and Goreclaw		g
Surrak, Elusive Hunter		g
Surrak, the Hunt Caller		g
Surrakar Banisher		u
Surrakar Marauder		b
Surrakar Spellblade		u
Surreal Memoir		r
Surrender Your Thoughts		
Surrounded by Orcs		u
Surtland Elementalist		u
Surtland Flinger		r
Surtland Frostpyre	r	ur
Surtr, Fiery Jötun		r
Surveillance Monitor		u
Surveillance Room	wubrgc	
Surveilling Sprite		u
Survey Mechan		
Survey the Wreckage		r
Surveyor's Scope		
Survival Cache		w
Survival of the Fittest		g
Survive		rg
Survive // Struggle		rg
Survive the Night		w
Survivor of Korlis		w
Survivor of the Unseen		u
Survivor's Med Kit		
Survivors' Bond		g
Survivors' Encampment	wubrgc	
Susan Foreman	g	g
Suspend		u
Suspend Aggression		wr
Suspended Sentence		b
Suspension Field		w
Suspicious Bookcase		
Suspicious Detonation		r
Suspicious Nanny		u
Suspicious Shambler		b
Suspicious Stowaway		u
Suspicious Stowaway // Seafaring Werewolf		u
Sustainer of the Realm		w
Sustaining Spirit		w
Sustenance		g
Susur Secundi, Void Altar	b	b
Susurian Dirgecraft		b
Susurian Voidborn		b
Sutina, Speaker of the Tajuru		g
Suture Priest		w
Suture Spirit		wb
Sutured Ghoul		b
Svega, the Unconventional		wug
Svella, Ice Shaper	wubrg	rg
Svogthos, the Restless Tomb	c	bg
Svyelun of Sea and Sky		u
Svyelunite Priest		u
Svyelunite Temple	u	
Swab Goblin		r
Swaggering Corsair		r
Swallow Whole		w
Swallow the Hero Whole		
Swallowed by Leviathan		u
Swallowing Plague		b
Swamp	b	
Swamp Mosquito		b
Swampbenders		g
Swampsnare Trap		b
Swan Song		u
Swans of Bryn Argoll		wu
Swarm Culler		b
Swarm Guildmage		bg
Swarm Intelligence		u
Swarm Saboteur		b
Swarm Shambler		g
Swarm Surge		b
Swarm of Bloodflies		b
Swarm of Locus		b
Swarm of Rats		b
Swarm, Being of Bees		b
Swarmborn Giant		g
Swarming Goblins		r
Swarming of Moria		r
Swarmyard	c	
Swarmyard Massacre		b
Swashbuckler Extraordinaire		r
Swashbuckler's Whip		
Swashbuckling		r
Swat		b
Swat Away		u
Swathcutter Giant		wr
Sway of Illusion		u
Sway of the Stars		u
Sweatworks Brawler		r
Sweep Away		u
Sweep the Skies		u
Sweeping Cleave		r
Sweeping Cleave // Two-Handed Axe		r
Sweet Oblivion		u
Sweet-Gum Recluse		g
Sweettooth Witch		b
Swell of Courage		w
Swell of Growth		g
Swelter		r
Sweltering Suns		r
Swerve		ur
Swift Demise		b
Swift End		b
Swift End // Murderous Rider		b
Swift Justice		w
Swift Kick		r
Swift Maneuver		w
Swift Reckoning		w
Swift Reconfiguration		w
Swift Response		w
Swift Silence		wu
Swift Spinner		g
Swift Spiral		wu
Swift Spiral // Twining Twins		wu
Swift Warden		g
Swift Warkite		br
Swiftblade Vindicator		wr
Swiftfoot Boots		
Swiftgear Drake		
Swiftspear's Teachings		r
Swiftwater Cliffs	ur	
Swiftwing Assailant		w
Swimmer in Nightmares		u
Swindler's Scheme		u
Swine Rebellion		g
Swinging Ship		
Swirl the Mists		u
Swirling Sandstorm		r
Swirling Spriggan		ug
Swirling Torrent		u
Switcheroo		u
Switchgrass Grazer		r
Swooping Lookout		w
Swooping Protector		w
Swooping Pteranodon		wr
Swooping Talon		w
Sword Coast Sailor		u
Sword Coast Serpent		u
Sword Coast Serpent // Capsizing Wave		u
Sword Dancer		w
Sword of Body and Mind		
Sword of Dungeons // Dragons		
Sword of Feast and Famine		
Sword of Fire and Ice		
Sword of Fire and Ice and War and Peace		
Sword of Forge and Frontier		
Sword of Hearth and Home		
Sword of Hours		
Sword of Kaldra		
Sword of Light and Shadow		
Sword of Once and Future		
Sword of Sinew and Steel		
Sword of Truth and Justice		
Sword of Vengeance		
Sword of War and Peace		
Sword of Wealth and Power		
Sword of the Ages		
Sword of the Animist		
Sword of the Chosen		
Sword of the Meek		
Sword of the Paruns		
Sword of the Realms		w
Sword of the Realms // Halvar, God of Battle		w
Sword of the Squeak		
Sword-Point Diplomacy		b
Sword-Swallowing Seraph		w
Swords to Plowshares		w
Swords to Plowshares // Emeritus of Truce		w
Swordsman's Steel		
Swordsman, Sharp Scoundrel		b
Swordsworn Cavalier		w
Swordwise Centaur		g
Sworn Companions		w
Sworn Defender		w
Sworn Guardian		u
Sworn to the Legion		w
Sycorax Commander		br
Sydri, Galvanic Genius		wub
Sygg's Command		wu
Sygg, River Cutthroat		ub
Sygg, River Guide		wu
Sygg, Wanderbrine Shield		wu
Sygg, Wanderbrine Shield // Sygg, Wanderwine Wisdom		wu
Sygg, Wanderwine Wisdom		wu
Sygg, Wanderwine Wisdom // Sygg, Wanderbrine Shield		wu
Sylvan Advocate		g
Sylvan Anthem		g
Sylvan Awakening		g
Sylvan Basilisk		g
Sylvan Bounty		g
Sylvan Brushstrider		g
Sylvan Caryatid	wubrg	g
Sylvan Echoes		g
Sylvan Hierophant		g
Sylvan Library		g
Sylvan Messenger		g
Sylvan Might		g
Sylvan Offering		g
Sylvan Paradise		g
Sylvan Primordial		g
Sylvan Ranger		g
Sylvan Reclamation		wg
Sylvan Safekeeper		g
Sylvan Scavenging		g
Sylvan Scrying		g
Sylvan Shepherd		g
Sylvan Smite		g
Sylvan Tutor		g
Sylvan Yeti		g
Sylvia Brightspear		w
Sylvok Battle-Chair		g
Sylvok Explorer	wubrg	g
Sylvok Lifestaff		
Sylvok Replica		g
Symbiosis		g
Symbiote Spawn		b
Symbiote Spider-Man		ub
Symbiotic Beast		g
Symbiotic Deployment		g
Symbiotic Elf		g
Symbiotic Wurm		g
Symbol Status		g
Symbol of Unsummoning		u
Symmetry Matrix		
Symmetry Sage		u
Synapse Necromage		b
Synapse Sliver		u
Synchronized Charge		g
Synchronized Eviction		u
Synchronized Spellcraft		r
Synchronized Strike		g
Synchronous Sliver		u
Syncopate		u
Syndic of Tithes		wb
Syndicate Enforcer		wb
Syndicate Guildmage		wb
Syndicate Heavy		wb
Syndicate Infiltrator		ub
Syndicate Messenger		w
Syndicate Recruiter		ub
Syndicate Trafficker		b
Synod Artificer		u
Synod Centurion		
Synod Sanctum		
Synth Eradicator		r
Synth Infiltrator		u
Synthesis Pod		u
Synthesizer Labship		u
Synthetic Destiny		u
Syphon Essence		u
Syphon Flesh		b
Syphon Fuel		b
Syphon Life		b
Syphon Mind		b
Syphon Sliver		b
Syphon Soul		b
Syr Alin, the Lion's Claw		w
Syr Armont, the Redeemer		wg
Syr Cadian, Knight Owl		wb
Syr Carah, the Bold		r
Syr Elenora, the Discerning		u
Syr Faren, the Hengehammer		g
Syr Ginger, the Meal Ender		
Syr Gwyn, Hero of Ashvale		wbr
Syr Joshua and Syr Saxon		wg
Syr Konrad's Squire		b
Syr Konrad, the Grim		b
Syr Vondam, Sunstar Exemplar		wb
Syr Vondam, the Lucent		wb
Syrix, Carrier of the Flame		br
Systems Override		r
Sythis, Harvest's Hand		wg
Syx, Robot Overlord		ur
Szadek, Lord of Secrets		ub
Szarekh, the Silent King		b
Szarel, Genesis Shepherd		brg
Szat's Will		b
Séance		w
Séance Board	wubrg	
T'Chaka, Venerable King		wg
T'Challa, the Black Panther		wg
T-45 Power Armor		
T.A.P.P.E.R.		w
TARDIS		
TARDIS Bay		
TCRI Building	ur	
TL;DR		b
TVA Bureaucrat		u
Tabaxi Toucaneers		w
Tablet of Compleation	c	
Tablet of Discovery	r	r
Tablet of Epityr		
Tablet of the Guilds		
Taborax, Hope's Demise		b
Tackle Artist		r
Tactical Advantage		w
Tadeas, Juniper Ascendant		wg
Taeko, the Patient Avalanche		ub
Tah-Crop Elite		w
Tah-Crop Skirmisher		u
Tahngarth		
Tahngarth's Glare		r
Tahngarth's Rage		r
Tahngarth, First Mate		rg
Tahngarth, Talruum Hero		r
Taiga	rg	
Taiga Stadium	rg	
Taigam's Scheming		u
Taigam's Strike		u
Taigam, Master Opportunist		u
Taigam, Ojutai Master		wu
Taigam, Sidisi's Hand		ub
Taii Wakeen, Perfect Shot		wr
Tail Slash		r
Tail Swipe		g
Tail the Suspect		ug
Tail the Suspect // Kellan, Inquisitive Prodigy		ug
Tainted Adversary		b
Tainted Aether		b
Tainted Field	wbc	
Tainted Indulgence		ub
Tainted Isle	ubc	
Tainted Monkey		b
Tainted Observer		ug
Tainted Pact		b
Tainted Peak	brc	
Tainted Remedy		b
Tainted Sigil		wb
Tainted Specter		b
Tainted Strike		b
Tainted Treats		bg
Tainted Well		b
Tainted Wood	bgc	
Taj-Nar Swordsmith		w
Tajic, Blade of the Legion		wr
Tajic, Legion's Edge		wr
Tajic, Legion's Valor		wr
Tajuru Archer		g
Tajuru Beastmaster		g
Tajuru Blightblade		g
Tajuru Paragon		g
Tajuru Pathwarden		g
Tajuru Preserver		g
Tajuru Snarecaster		g
Tajuru Stalwart		g
Tajuru Warcaller		g
Takara		
Take		ug
Take // Give		ug
Take Down		g
Take Flight		u
Take Heart		w
Take Inventory		u
Take It Back		ub
Take It Back // Spellscorn Coven		ub
Take Out the Trash		r
Take Possession		u
Take Up Arms		w
Take Up the Shield		w
Take Vengeance		w
Take a Trip to...	ur	ur
Take a Trip to... // Value Town	ur	ur
Take for a Ride		r
Take into Custody		u
Take the Bait		wr
Take the Fall		u
Take the High Ground		g
Take to the Streets		g
Taken by Nightmares		b
Takeno's Cavalry		w
Takeno, Samurai General		w
Takenuma		
Takenuma Bleeder		b
Takenuma, Abandoned Mire	b	b
Takesies		ub
Takesies // Backsies		ub
Takklemaggot		b
Talara's Bane		b
Talara's Battalion		g
Talas Air Ship		u
Talas Explorer		u
Talas Lookout		u
Talas Merchant		u
Talas Researcher		u
Talas Scout		u
Talas Warrior		u
Tale of Katara and Toph		g
Tale of Momo		w
Tale of Tinúviel		w
Tale's End		u
Talent of the Telepath		u
Tales of Master Seshiro		g
Tales of Master Seshiro // Seshiro's Living Legacy		g
Tales of the Ancestors		u
Talion's Messenger		u
Talion's Throneguard		u
Talion, the Kindly Lord		ub
Talisman of Conviction	wrc	
Talisman of Creativity	urc	
Talisman of Curiosity	ugc	
Talisman of Dominance	ubc	
Talisman of Hierarchy	wbc	
Talisman of Impulse	rgc	
Talisman of Indulgence	brc	
Talisman of Progress	wuc	
Talisman of Resilience	bgc	
Talisman of Unity	wgc	
Tall as a Beanstalk		g
Tallowisp		w
Tallyman of Nurgle		b
Talon Gates		
Talon Gates of Madara	wubrgc	
Talon Sliver		w
Talon Trooper		wu
Talon of Pain		
Talonrend		ur
Talons of Falkenrath		r
Talons of Wildwood		g
Talrand's Invocation		u
Talrand, Sky Summoner		u
Talruum Champion		r
Talruum Minotaur		r
Talruum Piper		r
Talus Paladin		w
Tam, Mindful First-Year		ug
Tam, Observant Sequencer		ug
Tam, Observant Sequencer // Deep Sight		ug
Tamanoa		wrg
Tameshi, Reality Architect		wu
Tamiyo Meets the Story Circle		u
Tamiyo's Compleation		u
Tamiyo's Epiphany		u
Tamiyo's Immobilizer		u
Tamiyo's Journal		
Tamiyo's Logbook		u
Tamiyo's Safekeeping		g
Tamiyo, Collector of Tales		ug
Tamiyo, Compleated Sage		ug
Tamiyo, Field Researcher		wug
Tamiyo, Inquisitive Student	wubrg	u
Tamiyo, Inquisitive Student // Tamiyo, Seasoned Scholar	wubrg	u
Tamiyo, Seasoned Scholar	wubrg	u
Tamiyo, Seasoned Scholar // Tamiyo, Inquisitive Student	wubrg	u
Tamiyo, the Moon Sage		u
Tan Jolom, the Worldwalker		wug
Tana, the Bloodsower		rg
Tanazir Quandrix		ug
Tandem Lookout		u
Tandem Tactics		w
Tandem Takedown		g
Tangle		g
Tangle Angler		g
Tangle Asp		g
Tangle Golem		
Tangle Hulk		g
Tangle Kelp		u
Tangle Mantis		g
Tangle Spider		g
Tangle Tumbler		
Tangle Wire		
Tanglebloom		
Tangleclaw Werewolf		g
Tangleclaw Werewolf // Fibrous Entangler		g
Tangled Colony		b
Tangled Florahedron	g	g
Tangled Florahedron // Tangled Vale	g	g
Tangled Islet	ug	
Tangled Skyline		g
Tangled Vale	g	g
Tangled Vale // Tangled Florahedron	g	g
Tanglepool Bridge	ug	
Tangleroot	g	
Tanglesap		g
Tanglespan Bridgeworks	g	g
Tanglespan Bridgeworks // Bridgeworks Battle	g	g
Tanglespan Lookout		g
Tangletrap		g
Tangletrove Kelp		u
Tanglewalker		g
Tangleweave Armor		g
Taniwha		u
Tannuk, Memorial Ensign		rg
Tannuk, Steadfast Second		r
Tanufel Rimespeaker		u
Tanuki Transplanter	g	g
Taoist Hermit		g
Taoist Mystic		g
Tapestry Warden		g
Tapestry of the Ages		
Tapping at the Window		g
Tar Fiend		b
Tar Pit Warrior		b
Tar Pitcher		r
Tar Snare		b
Taranika, Akroan Veteran		w
Tarfire		r
Targ Nar, Demon-Fang Gnoll		rg
Target Minotaur		r
Targeting Rocket		
Tariel, Reckoner of Souls		wbr
Tariff		w
Tarkir Charm		r
Tarkir Duneshaper		wg
Tarkir Duneshaper // Burnished Dunestomper		wg
Tarkir Omenpath	wubrgc	
Tarkiran Towelsbane		wr
Tarmogoyf		g
Tarmogoyf Nest		g
Tarnation		
Tarnation Vista		
Tarnished Citadel	wubrgc	
Tarox Bladewing		r
Tarpan		g
Tarrian's Journal	b	b
Tarrian's Journal // The Tomb of Aclazotz	b	b
Tarrian's Soulcleaver		
Tasha's Hideous Laughter		u
Tasha, Unholy Archmage		ub
Tasha, the Witch Queen		ub
Tasigur's Cruelty		b
Tasigur, the Golden Fang		ubg
Task Force		w
Task Mage Assembly		r
Taskmaster, Mercenary Mimic		ub
Tasseled Dromedary		w
Taste for Mayhem		r
Taste of Blood		b
Taste of Death		b
Taste of Paradise		g
Tasteful Offering		b
Taster of Wares		b
Tataru Taru		w
Tato Farmer		g
Tatsumasa, the Dragon's Fang		
Tatsunari, Toad Rider		ubg
Tattered Apparition		b
Tattered Drake		ub
Tattered Haunter		u
Tattered Mummy		b
Tattered Ratter		r
Tatterkite		
Tattermunge Duo		rg
Tattermunge Maniac		rg
Tattermunge Witch		rg
Tattoo Ward		w
Tatyova, Benthic Druid		ug
Tatyova, Steward of Tides		ug
Taught by Bruce Tarl		r
Taught by Narset		u
Taught by Serra		w
Taught by Surrak		g
Taught by Vito		b
Taunt		u
Taunt from the Rampart		wr
Taunting Arbormage		g
Taunting Challenge		g
Taunting Elf		g
Taunting Kobold		r
Taunting Sliver		u
Taurean Mauler		r
Tavern Brawler		r
Tavern Ruffian		r
Tavern Ruffian // Tavern Smasher		r
Tavern Scoundrel		r
Tavern Smasher		r
Tavern Smasher // Tavern Ruffian		r
Tavern Swindler		b
Tawnos		
Tawnos Endures		w
Tawnos's Coffin		
Tawnos's Tinkering		g
Tawnos's Wand		
Tawnos's Weaponry		
Tawnos, Solemn Survivor		wub
Tawnos, Urza's Apprentice		ur
Tawnos, the Toymaker		ug
Tax Bolt		r
Tax Collector		w
Tax Draw		u
Tax Hounds		w
Tax Keeper		g
Tax Sweeper		b
Tax Taker		w
Taxi Driver		r
Tayam, Luminous Enigma		wbg
Tazeem		
Tazeem Raptor		w
Tazeem Roilmage		u
Tazri, Beacon of Unity		wubrg
Tazri, Stalwart Survivor	wubrg	wubrg
Tchotchke Elemental		g
Teach by Example		ur
Teacher's Pest		bg
Teacher's Pet		w
Teachings of the Archaics		u
Teachings of the Kirin		g
Teachings of the Kirin // Kirin-Touched Orochi		g
Team Acceleration		g
Team Avatar		w
Team Mage		u
Team Pennant		
Team Perseverance		b
Team Spirit		g
Team Tactics		r
Team Transmitter	wubrg	
Team-Up!		
Teapot Slinger		r
Tear		wr
Tear // Wear		wr
Tear Asunder		bg
Teardrop Kami		u
Tears of Rage		r
Tears of Valakut		r
Technodrome		
Technomancer		b
Tectonic Break		r
Tectonic Edge	c	
Tectonic Fiend		r
Tectonic Giant		r
Tectonic Hazard		r
Tectonic Hellion		r
Tectonic Instability		r
Tectonic Reformation		r
Tectonic Rift		r
Tectonic Split	wubrg	g
Tecutlan, the Searing Rift	r	r
Tecutlan, the Searing Rift // Brass's Tunnel-Grinder	r	r
Teeka's Dragon		
Teeming Dragonstorm		w
Teetering Peaks	r	
Teeterpeak Ambusher		r
Teething Wurmlet		g
Teferi Akosa of Zhalfir		wu
Teferi Akosa of Zhalfir // Invasion of New Phyrexia		wu
Teferi's Ageless Insight		u
Teferi's Care		wu
Teferi's Contingency		wu
Teferi's Curse		u
Teferi's Drake		u
Teferi's Honor Guard		wu
Teferi's Imp		u
Teferi's Isle	u	
Teferi's Moat		wu
Teferi's Protection		w
Teferi's Protege		u
Teferi's Puzzle Box		
Teferi's Realm		u
Teferi's Response		u
Teferi's Sentinel		
Teferi's Talent		u
Teferi's Time Twist		u
Teferi's Tutelage		u
Teferi's Veil		u
Teferi's Wavecaster		u
Teferi, Druid of Argoth		g
Teferi, Hero of Dominaria		wu
Teferi, Mage of Zhalfir		u
Teferi, Master of Time		u
Teferi, Temporal Archmage		u
Teferi, Temporal Pilgrim		u
Teferi, Time Raveler		wu
Teferi, Timebender		wu
Teferi, Timeless Voyager		u
Teferi, Who Slows the Sunset		wu
Tegan Jovanka		w
Tegwyll's Scouring		b
Tegwyll, Duke of Splendor		ub
Tek		
Tekuthal, Inquiry Dominus		u
Tel-Jilad Archers		g
Tel-Jilad Chosen		g
Tel-Jilad Defiance		g
Tel-Jilad Exile		g
Tel-Jilad Fallen		g
Tel-Jilad Justice		g
Tel-Jilad Lifebreather		g
Tel-Jilad Outrider		g
Tel-Jilad Stylus		
Tel-Jilad Wolf		g
Telekinesis		u
Telekinetic Bonds		u
Telekinetic Sliver		u
Telemin Performance		u
Telepathic Spies		u
Telepathy		u
Teleport		u
Teleportal		ur
Teleportation Circle		w
Telethopter		
Telim'Tor		r
Telim'Tor's Darts		
Telim'Tor's Edict		r
Tellah, Great Sage		ur
Teller of Tales		u
Telling Time		u
Tember City		
Temmet, Naktamun's Will		wub
Temmet, Vizier of Naktamun		wu
Temp of the Damned		b
Temper		w
Temperamental Oozewagg		g
Tempered Sliver		g
Tempered Steel		w
Tempered Veteran		w
Tempered in Solitude		r
Tempest Angler		ur
Tempest Caller		u
Tempest Djinn		u
Tempest Drake		wu
Tempest Efreet		r
Tempest Hart		ug
Tempest Hart // Scan the Clouds		ug
Tempest Harvester		u
Tempest Hawk		w
Tempest Owl		u
Tempest Technique		w
Tempest Trapper	wubrg	u
Tempest of Light		w
Tempestra, Dame of Games		r
Templar Knight		w
Temple Acolyte		w
Temple Altisaur		w
Temple Bell		
Temple Elder		w
Temple Garden	wg	
Temple Thief		b
Temple of Abandon	rg	
Temple of Aclazotz	b	b
Temple of Aclazotz // Arguel's Blood Fast	b	b
Temple of Atropos		
Temple of Civilization	w	w
Temple of Civilization // Ojer Taq, Deepest Foundation	w	w
Temple of Cultivation	g	g
Temple of Cultivation // Ojer Kaslem, Deepest Growth	g	g
Temple of Cyclical Time	u	u
Temple of Cyclical Time // Ojer Pakpatiq, Deepest Epoch	u	u
Temple of Deceit	ub	
Temple of Enlightenment	wu	
Temple of Epiphany	ur	
Temple of Malady	bg	
Temple of Malice	br	
Temple of Mystery	ug	
Temple of Plenty	wg	
Temple of Power	r	r
Temple of Power // Ojer Axonil, Deepest Might	r	r
Temple of Silence	wb	
Temple of Triumph	wr	
Temple of the Dead	b	b
Temple of the Dead // Aclazotz, Deepest Betrayal	b	b
Temple of the Dragon Queen		
Temple of the False God	c	
Temporal Adept		u
Temporal Aperture		
Temporal Cascade		u
Temporal Cleansing		u
Temporal Distortion		u
Temporal Eddy		u
Temporal Extortion		b
Temporal Firestorm		wur
Temporal Fissure		u
Temporal Intervention		b
Temporal Isolation		w
Temporal Machinations		u
Temporal Manipulation		u
Temporal Mastery		u
Temporal Spring		ug
Temporal Trespass		u
Temporary Insanity		r
Temporary Lockdown		w
Temporary Truce		w
Tempt with Bunnies		w
Tempt with Discovery		g
Tempt with Glory		w
Tempt with Immortality		b
Tempt with Mayhem		r
Tempt with Reflections		u
Tempt with Treats		b
Tempt with Treats // Gumdrop Poisoner		b
Tempt with Vengeance		r
Tempted by the Oriq		u
Tempting Contract		
Tempting Licid		g
Tempting Witch		b
Tempting Wurm		g
Temur Ascendancy		urg
Temur Banner	urg	urg
Temur Battle Rage		r
Temur Battlecrier		urg
Temur Charger		g
Temur Charm		urg
Temur Devotee	urg	u
Temur Elevator	urg	
Temur Monument		urg
Temur Runemark		g
Temur Sabertooth		g
Temur Tawnyback		urg
Temur War Shaman		g
Ten Wizards Mountain		
Tenacious Dead		b
Tenacious Hunter		g
Tenacious Pup		g
Tenacious Tomeseeker		u
Tenacious Tosk		g
Tenacious Underdog		b
Tenacity		w
Tend the Pests		bg
Tend the Sprigs		g
Tend to the Kiln		r
Tender Wildguide	wubrg	g
Tenderize		g
Tendershoot Dryad		g
Tendo Ice Bridge	wubrgc	
Tendril of the Mycotyrant		g
Tendrils of Agony		b
Tendrils of Corruption		b
Tendrils of Despair		b
Teneb, the Harvester		wbg
Tenement Crasher		r
Tentative Connection		r
Tenth District Guard		w
Tenth District Hero		w
Tenth District Legionnaire		wr
Tenth District Veteran		w
Tenuous Truce		w
Tenured Concocter		g
Tenured Inkcaster		b
Tenured Oilcaster		b
Tenza, Godo's Maul		
Teo, Spirited Glider		u
Tephraderm		r
Terashi's Cry		w
Terashi's Grasp		w
Terashi's Verdict		w
Terastodon		g
Teremko Griffin		w
Tergrid's Lantern		b
Tergrid's Lantern // Tergrid, God of Fright		b
Tergrid's Shadow		b
Tergrid, God of Fright		b
Tergrid, God of Fright // Tergrid's Lantern		b
Terisian Mindbreaker		u
Terisiare's Devastation		b
Termagant Swarm		g
Terminal Agony		br
Terminal Moraine	c	
Terminal Velocity		r
Terminate		br
Termination Facilitator		b
Terminus		w
Teroh's Faithful		w
Teroh's Vanguard		w
Terra Eternal		w
Terra Ravager		r
Terra Stomper		g
Terra, Herald of Hope		wbr
Terra, Magical Adept	wubrg	rg
Terra, Magical Adept // Esper Terra	wubrg	rg
Terraformer		u
Terrain Elemental		g
Terrain Generator	c	
Terramorph		g
Terramorphic Expanse		
Terrapact Intimidator		r
Terrarion	wubrg	
Terrasymbiosis		g
Terravore		g
Terrian, World Tyrant		g
Terrific Team-Up		g
Terrifying Presence		g
Territorial Aetherkite		r
Territorial Allosaurus		g
Territorial Baloth		g
Territorial Boar		g
Territorial Bruntar		r
Territorial Dispute		r
Territorial Gorger		r
Territorial Hammerskull		w
Territorial Hellkite		r
Territorial Kavu		rg
Territorial Maro		g
Territorial Roc		w
Territorial Scythecat		g
Territorial Strike		bg
Territorial Witchstalker		g
Territory Culler		g
Territory Forge		r
Terror		b
Terror Ballista		b
Terror Tide		b
Terror of Kruin Pass		r
Terror of Kruin Pass // Kruin Outlaw		r
Terror of Mount Velus		r
Terror of Towashi		b
Terror of the Fairgrounds		r
Terror of the Peaks		r
Terrors of the Track		b
Terrus Wurm		b
Terry Pin, Turboturtle		ur
Tersa Lightshatter		r
Tervigon		g
Tesak, Judith's Hellhound	r	r
Teshar, Ancestor's Apostle		w
Test of Endurance		w
Test of Faith		w
Test of Talents		u
Testament Bearer		b
Testament of Faith		w
Tester of the Tangential		u
Tethered Griffin		w
Tethered Skirge		b
Tethmos High Priest		w
Tetravus		
Tetsuko Umezawa, Fugitive		u
Tetsuo Umezawa		ubr
Tetsuo, Imperial Champion		ubr
Tetzimoc, Primal Death		b
Tetzin, Gnome Champion		wur
Tetzin, Gnome Champion // The Golden-Gear Colossus		wur
Teval's Judgment		b
Teval, Arbiter of Virtue		ubg
Teval, the Balanced Scale		ubg
Tevesh Szat, Doom of Fools		b
Textbook Tabulator		u
Teyo's Lightshield		w
Teyo, Aegis Adept		w
Teyo, Geometric Tactician		w
Teyo, the Shieldmage		w
Teysa Karlov		wb
Teysa of the Ghost Council		wb
Teysa, Envoy of Ghosts		wb
Teysa, Opulent Oligarch		wb
Teysa, Orzhov Scion		wb
Teysa, Orzhov Scion Avatar		
Tezzeret the Schemer	wubrg	ub
Tezzeret the Seeker		u
Tezzeret's Ambition		u
Tezzeret's Betrayal		ub
Tezzeret's Gambit		u
Tezzeret's Gatebreaker		u
Tezzeret's Reckoning		u
Tezzeret's Simulacrum		
Tezzeret's Strider		
Tezzeret's Touch		ub
Tezzeret, Agent of Bolas		ub
Tezzeret, Artifice Master		u
Tezzeret, Betrayer of Flesh		u
Tezzeret, Cruel Captain		
Tezzeret, Cruel Machinist		u
Tezzeret, Master of Metal		ub
Tezzeret, Master of the Bridge		ub
Thada Adel, Acquisitor		u
Thalakos Deceiver		u
Thalakos Dreamsower		u
Thalakos Drifters		u
Thalakos Lowlands	wuc	
Thalakos Mistfolk		u
Thalakos Scout		u
Thalakos Seer		u
Thalakos Sentry		u
Thalia and The Gitrog Monster		wbg
Thalia's Geistcaller		w
Thalia's Lancers		w
Thalia's Lieutenant		w
Thalia, Guardian of Thraben		w
Thalia, Heretic Cathar		w
Thalisse, Reverent Medium		wb
Thallid		g
Thallid Devourer		g
Thallid Germinator		g
Thallid Omnivore		b
Thallid Shell-Dweller		g
Thallid Soothsayer		b
Thancred Waters		w
Thanos, Death's Consort		b
Thanos, the Mad Titan		wubrgc
Thantis, the Warweaver		brg
Thassa's Bounty		u
Thassa's Devourer		u
Thassa's Emissary		u
Thassa's Intervention		u
Thassa's Ire		u
Thassa's Oracle		u
Thassa's Rebuff		u
Thassa, Deep-Dwelling		u
Thassa, God of the Sea		u
That Which Was Compleated		c
That Which Was Taken		
That's Enough Slices		
That's Mine		r
That's Mine // Grabby Giant		r
That's No Moonmist		g
That's Rough Buddy		w
Thatcher Revolt		r
Thaumatic Compass	c	
Thaumatic Compass // Spires of Orazca	c	
Thaumatog		wg
Thaumaton Torpedo		
Thaumaturge's Familiar		
Thawbringer		g
Thawing Glaciers		
Thayan Evokers		u
The Abyss		b
The Actualizer		br
The Aesir Escape Valhalla		g
The Aether Flues		
The Aetherspark	wubrg	
The Akroan War		r
The Alright Henge	g	g
The Ancient Dingus		rg
The Ancient One		ub
The Animus		
The Antiquities War		u
The Apprentice's Folly		ur
The Archenemy's Charm		b
The Archimandrite		wur
The Argent Etchings		w
The Argent Etchings // Elesh Norn		w
The Arkenstone		w
The Arkenstone // Seek the Heart		w
The Art of Tea		g
The Ash Lizard		rg
The Asker of More Mana		w
The Astonishing Ant-Man		ug
The Autonomous Furnace	r	r
The Avenger		
The Balrog of Moria		br
The Balrog, Durin's Bane		br
The Balrog, Flame of Udûn		br
The Bath Song	u	u
The Battle of Bywater		w
The Battle of Dragon Brothers		
The Battle of Dragon Brothers // Fate Reforged		
The Beamtown Bullies		brg
The Bean		
The Bear Force Pilot		g
The Bear Force Pilot Runner		g
The Bearded Teakeeper		wr
The Bears of Littjara		ug
The Beast, Deathless Prince		br
The Beleaguered Boxer		wubrg
The Belligerent		ur
The Belligerent and Useless Island	u	
The Biblioplex	c	
The Big Idea		br
The Big Top	wubrg	
The Binding of the Titans		g
The Bird Champion		ug
The Birth of Meletis		w
The Black Breath		b
The Black Gate	b	b
The Blackstaff of Waterdeep		u
The Bloodsky Massacre	r	br
The Blue Spirit		u
The Book of Exalted Deeds		w
The Book of Vile Darkness		b
The Boulder, Ready to Rumble		g
The Brewing Chef		wug
The Bringer of the Red Beard		r
The Broken Sky		wb
The Broken Sky // Invasion of Tolvada		wb
The Brothers' War		r
The Brute		r
The Bus Runner	c	ubg
The Cabbage Merchant	wubrg	g
The Caffeinated Runner		wr
The Caldaia		
The Capitoline Triad		
The Cauldron of Eternity		b
The Cave of Skulls		
The Cave of Two Lovers		r
The Caves of Androzani		w
The Celestial Toymaker		wub
The Celestus	wubrg	
The Chain Veil		
The Champion		
The Chaos Keeper		ur
The Charitable Drafter	wubrg	u
The Chase Is On		r
The Cheese Stands Alone		w
The Cheetah Planet		
The Chief Warg		bg
The Cinematic Phoenix		br
The Circle of Loyalty		w
The City on the Edge of Forever		wb
The Clever Magician		u
The Clone Saga		u
The Cloning of Shredder		b
The Cobra King		ug
The Collector		wubrg
The Colossal Dreadmaw		g
The Coming of Galactus		bg
The Command Zone		
The Commander Recommender		u
The Companion of the Wilds		
The Conundrum of Bowls		u
The Convention Enthusiast		wubrg
The Convincing General		wubrg
The Cookout Creator		wbg
The Core	wubrg	
The Core // Matzalantli, the Great Door	wubrg	
The Cosplayzer		u
The Council of Four		wu
The Countdown Is at One		r
The Countering Runner		u
The Covert Blue Mage		wu
The Crab Queen		u
The Crafter		r
The Creation of Avacyn		b
The Crimson Avenger		r
The Crowd Goes Wild		g
The Cruelty of Gix		b
The Crystal's Chosen		w
The Curse of Fenric		wg
The Curve Keeper		w
The Cyber-Controller		ub
The Dalek Emperor		br
The Dark Barony		
The Darkness Crystal		b
The Dawning Archaic		
The Day of the Doctor		wr
The Dead Shall Serve		
The Death of Gwen Stacy		b
The Deck of Many Things		
The Destined		
The Destined Black Mage		b
The Destined Thief		u
The Destined Warrior		wub
The Destined White Mage		w
The Dilu Horse		g
The Dining Car		
The Disciple of Nissa		g
The Disciple of Vess		b
The Doctor's Childhood Barn		
The Doctor's Tomb		
The Dogronmaster		wrg
The Dominion Bracelet		
The Dragon-Kami Reborn		g
The Dragon-Kami Reborn // Dragon-Kami's Egg		g
The Dross Pits	b	b
The Drum, Mining Facility		
The Duke of Midrange		brg
The Duke, Rebel Sentry		w
The Eagles Are Coming!		w
The Earth Crystal		g
The Earth King		g
The Egotistical Velociraptor		wub
The Eighth Doctor		wu
The Elder Dragon War		r
The Elderspell		b
The Eldest Reborn		b
The Eleventh Doctor		wu
The Eleventh Hour		u
The Emperor of Palamecia	ur	ur
The Emperor of Palamecia // The Lord Master of Hell	ur	ur
The End		b
The Endstone		
The Enigma Jewel	c	u
The Enigma Jewel // Locus of Enlightenment	c	u
The Eon Fog		
The Eternal Wanderer		w
The Eternity Elevator	wubrgc	
The Ever-Changing 'Dane		wub
The Everflowing Well	u	u
The Everflowing Well // The Myriad Pools	u	u
The Explorer		
The Fabulous Frog-Man		g
The Face of Boe		wur
The Fact Checker		wu
The Faction Dragon		
The Fair Basilica	w	w
The Falcon, Airship Restored		b
The Falcon, Sam Wilson		w
The Fall of Kroog		r
The Fall of Lord Konda		w
The Fall of Lord Konda // Fragment of Konda		w
The Fallen		b
The Fallen Apart		b
The Fantastic Four		wurg
The Fantasticar		
The Fate of the Flammable		
The Fearsome Flock		u
The Fertile Lands of Saulvinia	wubrg	
The Fifteenth Doctor		ur
The Fifth Alias		wur
The Fifth Doctor		wu
The Filigree Sylex		
The Final Days		b
The Fire Crystal		r
The Fire Nation Drill		b
The First Doctor		wu
The First Eruption	r	r
The First Iroan Games		g
The First Sliver		wubrg
The First Tyrannic War		urg
The Fish Brewer		u
The Five Doctors		g
The Five Stages of Grief		
The Flame of Keld		r
The Flesh Is Weak		wub
The Flood of Mars		u
The Flux	r	r
The Food Court	wubrg	
The Foretold Soldier		g
The Forgotten Place	c	
The Fourteenth Doctor		wurg
The Fourth Doctor		ug
The Fourth Sphere		
The Frightful Four		b
The Fugitive Doctor		rg
The Gaffer		w
The Game-Changing Host		urg
The General		
The Ghoul, Gunslinger		b
The Girl in the Fireplace		w
The Gitrog Monster		bg
The Gitrog, Ravenous Ride		bg
The Goblin Mastermind		br
The Goblin Sparring Grounds	br	br
The Gold Saucer	c	
The Golden City of Orazca		
The Golden Throne	wubrg	
The Golden-Gear Colossus		wur
The Golden-Gear Colossus // Tetzin, Gnome Champion		wur
The Good Gamers		wur
The Good Time Sleuth		wb
The Goose Mother		ug
The Grand Calcutron		wu
The Grand Evolution		g
The Grand Evolution // Vorinclex		g
The Grand Goatnapper		br
The Grand Tour		u
The Great Aerie		
The Great Aurora		g
The Great Forest		
The Great Henge	g	g
The Great Juggernaut		r
The Great Mound	c	
The Great Synthesis		u
The Great Synthesis // Jin-Gitaxias		u
The Great Work	r	r
The Great Work // Urabrask	r	r
The Grey Havens	wubrgc	
The Grim Captain		
The Grim Captain // Throne of the Grim Captain		
The Grim Captain's Locker		b
The Gunky Runner		b
The Harvester		
The Haunt of Hightower		b
The Herald of Numot		wur
The Heron Moon	c	
The Highland Runner		w
The Hippodrome		
The Hive		
The Horizon Seeker		wubrg
The Horus Heresy		ubr
The Hourglass Coven		b
The Howling Abomination		rg
The Howling Commandos		w
The Hunger Tide Rises		g
The Hunter		
The Hunter Maze	g	g
The Huntsman's Redemption		g
The Ice Dancer		wur
The Immortal Sun		
The Immortal Weapons		r
The Incredible Hulk		urg
The Incredible Hulk // Bruce Banner		urg
The Indomitable		u
The Infamous Cruelclaw		br
The Inspector Inspector		w
The Invincible Iron Man		ur
The Invincible Iron Man // Tony Stark		ur
The Irencrag	c	
The Iron Guardian Stirs		
The Joiner of Cats		wr
The Jolly Balloon Man		wr
The Judge of Height		wr
The Juzam Master		b
The Kami Knight		w
The Kami War		wubrg
The Kami War // O-Kagachi Made Manifest		wubrg
The Karfell Rocker		u
The Karst, Enchanted		ug
The Keeper of Dark Pacts		b
The Keeper of Favorite Cards		w
The Keeper of Four Scythes		w
The Keeper of Kaldra		wr
The Keeper of the Yellow Hat		wu
The Kenriths' Royal Funeral		wb
The Key to the Vault		u
The Kingpin of Crime		wb
The Knight of Commentary		wubrg
The Knight of Land Drops		r
The Knight of Weeks		w
The Lady of Otaria		rg
The Lady of the Mountain		rg
The Last Agni Kai	r	r
The Last Ride		b
The Last Ronin		bg
The Last Ronin's Technique		w
The Legend of Arena		wur
The Legend of Kuruk		u
The Legend of Kuruk // Avatar Kuruk		u
The Legend of Kyoshi	wubrg	g
The Legend of Kyoshi // Avatar Kyoshi	wubrg	g
The Legend of Roku	wubrg	r
The Legend of Roku // Avatar Roku	wubrg	r
The Legend of Yangchen		w
The Legend of Yangchen // Avatar Yangchen		w
The Lion-Turtle	wubrg	ug
The Locust God		ur
The Lonely Mountain	r	r
The Long Reach of Night		b
The Long Reach of Night // Animus of Night's Reach		b
The Lord Master of Hell	ur	ur
The Lord Master of Hell // The Emperor of Palamecia	ur	ur
The Lord of Pain		br
The Lost and the Damned		ur
The Lunar Whale		u
The Lux Foundation Library		
The Maelstrom		
The Magic Bandit		b
The Magic Mirror		u
The Magical City, New	wur	
The Majestic Duo		ug
The Mana Rig		
The Many Deeds of Belzenlok		b
The Marvelous Scientist		ur
The Mary Janes		r
The Masamune		
The Massive Zatcatl	g	g
The Master of Cuisine		wrg
The Master of Keys		wub
The Master, Formed Anew		ub
The Master, Gallifrey's End		br
The Master, Mesmerist		ub
The Master, Multiplied		br
The Master, Transcendent		ubg
The Masters of Evil		b
The Matrix of Time		
The Meathook Massacre		b
The Mechanist, Aerial Artisan		u
The Meep		b
The Mending of Dominaria		g
The Mightstone and Weakstone	c	
The Mightstone and Weakstone // Urza, Planeswalker	c	
The Mighty Thor, Jane Foster		wu
The Mighty Will Fall		
The Millennium Calendar		
The Milling Runner		ub
The Mimeoplasm		ubg
The Mind Stone	w	w
The Mindskinner		u
The Miniaturizer		w
The Mirari Conjecture		u
The Misty Stepper		u
The Modern Age		u
The Modern Age // Vector Glider		u
The Moment		
The Monumental Facade	c	
The Moonbase		
The Most Dangerous Gamer		bg
The Motherlode, Excavator		r
The Mouth of Sauron		ub
The Mox Painter		wubrg
The Multifaceted Phyrexian		b
The Multiplayer Nitpickers		wub
The Mycosynth Gardens	wubrgc	
The Mycotyrant		bg
The Myriad Pools	u	u
The Myriad Pools // The Everflowing Well	u	u
The Mysterious Sphere		
The Mystery Raceway	c	wubrg
The Mystical Archive	wubrgc	
The Necrobloom		wbg
The Neutrinos		wr
The Night of the Doctor		w
The Ninth Doctor		ur
The Nipton Lottery		br
The Octopus Official		ug
The Odd Acorn Gang		bg
The Omenkeel		u
The Omenkeel // Cosima, God of the Voyage		u
The One Ring		
The Ooze		
The Ozolith		
The Pandorica		w
The Paradise Bird		g
The Parting of the Ways		r
The Peregrine Dynamo		
The Phasing of Zhalfir		u
The Philosopher		
The Pieces Are Coming Together		
The Pit		
The Playful Winners		u
The Pleasant Taxer		w
The Policy Maker		wb
The Powerful Dragon		r
The Pride of Hull Clade		ug
The Prima Vista		u
The Princess Takes Flight		w
The Prismatic Bridge	wubrg	wubrg
The Prismatic Bridge // Esika, God of the Tree	wubrg	wubrg
The Prismatic Piper		
The Pro Tour		
The Protector		
The Provider		
The Prydwen, Steel Flagship		w
The Pyramid of Mars		
The Queen of Dale		w
The Rack		
The Rani		ubr
The Raven Man		b
The Raven's Warning		wu
The Reality Chip		u
The Reaper, King No More		brg
The Reaver Cleaver		r
The Rebellious Intelligence	wubrg	
The Red Terror		r
The Regalia		
The Restoration of Eiganjo		w
The Restoration of Eiganjo // Architect of Restoration		w
The Revelations of Ezio		b
The Rhystic Storyteller		u
The Ring Goes South		g
The Ringhart Crest	g	g
The Ringhart Crest // Kolvori, God of Kinship	g	g
The Rise of Sozin		b
The Rise of Sozin // Fire Lord Sozin		b
The River Warlock		brg
The Roaring Toeclaws		g
The Rollercrusher Ride		r
The Royal Scions		ur
The Ruinous Powers		br
The Ruinous Wrecking Crew		br
The Sad Creaturez	wubrg	wrg
The Salubrious Philosopher		bg
The Savant		
The Scarab God		ub
The Scarlet Witch		r
The Scholar of Seas		wug
The Scorpion God		br
The Sea Devils		g
The Second Doctor		wu
The Secret Lair	wubrgc	
The Seedcore	wubrgc	
The Sensational She-Hulk		wg
The Sensational She-Hulk // Jennifer Walters		wg
The Sentry, Golden Guardian		w
The Seriema		w
The Serpent Society		bg
The Seventh Doctor		wu
The Shattered States Era		r
The Shattered States Era // Nameless Conqueror		r
The Shire	g	g
The Sibsig Ceremony		b
The Sixth Doctor		ug
The Sixth Seraph		w
The Skullspore Nexus		g
The Slayer		
The Snapstone Wielder		wubrg
The Soul Stone	b	b
The Sound of Drums		r
The Space Family Goblinson		rg
The Spear of Bashenga		w
The Spear of Leonidas		r
The Speed Demon		b
The Sphere		
The Spike Cactus		g
The Spirit Oasis		u
The Spot's Portal		b
The Spot, Living Portal		wb
The Sprinkler of Stardust		wr
The Squadron Sinister		ur
The Stasis Coffin		
The Stone Brain		
The Strixhaven-Lorwyn Rover		
The Super Hero Civil War		wr
The Superlatorium		
The Surgical Bay	u	u
The Swarmlord		urg
The Swarmweaver		bg
The Tabernacle at Pendrell Vale		
The Tale of Tamiyo		u
The Tarrasque		g
The Temporal Anchor		u
The Ten Rings		
The Tenth Doctor		ur
The Terror of Serpent's Pass		u
The Thanos-Copter		
The Theorist, Jace Beleren		u
The Thing		wurg
The Thing, Ben Grimm		g
The Third Doctor		ug
The Thirteenth Doctor		ug
The Three Seasons		ug
The Tokenator		w
The Tomb of Aclazotz	b	b
The Tomb of Aclazotz // Tarrian's Journal	b	b
The Torment of Gollum		b
The Toymaker's Trap		b
The Traveling Postman		wur
The Trickster-God's Heist		ub
The Triumph of Anax		r
The Trivia Mastermind		ubr
The True Scriptures		b
The True Scriptures // Sheoldred		b
The Twelfth Doctor		ur
The Tyrant		
The Ultimate Nightmare of Wizards of the Coast® Customer Service		r
The Unagi of Kyoshi Island		u
The Unbeatable Squirrel Girl		g
The Underworld Cookbook		
The Underworld Fantasy Queen		b
The Unknown Wizard		wubrg
The Unspeakable		u
The Ur-Dragon		wubrg
The Valeyard		ubr
The Value Knight		u
The Vanquisher		
The Vast Scrier		wbr
The Vegetable Car		wg
The Very Soil Shall Shake		
The Vision		
The Vision and Scarlet Witch	r	r
The Waffle Restaurant	c	
The Walls of Ba Sing Se		
The Wanderer		w
The Wandering Emperor		w
The Wandering Minstrel		wubrg
The Wandering Rescuer		w
The War Doctor		wr
The War Games		w
The War in Heaven		b
The Warmonger		
The Warring Triad	wubrg	
The Warrior		
The Wasp, Janet Van Dyne		w
The Wasp, Winsome Avenger		u
The Watcher in the Water		u
The Water Crystal		u
The Water Maro		wug
The Weatherseed Treaty		g
The Wedding of River Song		w
The Weekly Princess		rg
The Western Cloud		
The Wheeling Runner		r
The Whiteboarder		u
The Whizzer, Classic Speedster		r
The Wilds		
The Wiley Speedster		r
The Wind Crystal		w
The Windy City		
The Wise Mothman		ubg
The Wise Sable		wrg
The Witch's Vanity		b
The Wizardly Barge		ur
The Wondrous Wasp		u
The World Spell		g
The World Tree	wubrg	wubrg
The Wretched		b
The Zabulous Cosplayer		ur
The Zassacre Zirl		b
The Zephyr Maze		
The Zonian Brawler		rg
Theater of Horrors		br
Theft of Dreams		u
Their		u
Their Name Is Death		b
Their Number Is Legion		b
Thelon of Havenwood		bg
Thelon's Chant		g
Thelon's Curse		ug
Thelonite Druid		g
Thelonite Hermit		g
Thelonite Monk		g
Themberchaud		r
Then, Dreadmaws Ate Everyone		g
Thendar, the Overminer		r
Theopholos, Order Acolyte		w
Theoretical Duplication		u
There		u
There // They're // Their		u
There Is No Refuge		
There and Back Again		r
Thermal Blast		r
Thermal Flux		u
Thermal Glider		w
Thermal Navigator		
Thermo-Alchemist		r
Thermokarst		g
Thermopod	r	r
Theros Charm		w
Thespian's Stage	c	
They Came from the Pipes		u
They Went This Way		g
They're		u
Thick-Skinned Goblin		r
Thickest in the Thicket		g
Thicket Basilisk		g
Thicket Crasher		g
Thicket Elemental		g
Thief of Blood		b
Thief of Existence		gc
Thief of Hope		b
Thief of Sanity		ub
Thief's Knife		u
Thieves' Auction		r
Thieves' Fortune		u
Thieves' Guild Enforcer		b
Thieves' Tools		b
Thieving Amalgam		b
Thieving Aven		u
Thieving Magpie		u
Thieving Otter		u
Thieving Skydiver		u
Thieving Sprite		b
Thieving Varmint	wubrg	b
Thijarian Witness		g
Thing Swing		g
Thing from the Deep		u
Thing in the Ice		u
Thing in the Ice // Awoken Horror		u
Think Tank		u
Think Twice		u
Thinking Cap		
Third Little Pig		bg
Third Path Iconoclast		ur
Third Path Savant		u
Third Stage of Magic Design		w
Thirst		u
Thirst for Discovery		u
Thirst for Identity		u
Thirst for Knowledge		u
Thirst for Meaning		u
Thirsting Axe		
Thirsting Bloodlord		b
Thirsting Roots		g
Thirsting Shade		b
This Is How It Ends		b
This Town Ain't Big Enough		u
This World Belongs to Me		
Thistledown Duo		wu
Thistledown Liege		wu
Thistledown Players		w
Thopter Architect		w
Thopter Arrest		w
Thopter Assembly		
Thopter Engineer		r
Thopter Fabricator		u
Thopter Foundry		wub
Thopter Mechanic		u
Thopter Pie Network		u
Thopter Shop		w
Thopter Spy Network		u
Thopter Squadron		
Thor Odinson		wr
Thor, Asgard's Avenger		r
Thor, God of Thunder		r
Thor, Guardian of Midgard		r
Thorin Oakenshield		wr
Thorin, King of Durin's Folk		wr
Thorin, Mountain-king		r
Thorn Elemental		g
Thorn Lieutenant		g
Thorn Mammoth		g
Thorn Thallid		g
Thorn of Amethyst		
Thorn of the Black Rose		b
Thorn-Thrash Viashino		rg
Thorna and Twigtooth		wbr
Thornado		g
Thornbite Staff		
Thornbow Archer		b
Thorncaster Sliver		r
Thorned Moloch		r
Thornfist Striker		g
Thornglint Bridge	wg	
Thornhide Wolves		g
Thornling		g
Thornmantle Striker		b
Thornplate Intimidator		b
Thornscape Apprentice		wrg
Thornscape Battlemage		wrg
Thornscape Familiar		g
Thornscape Master		wrg
Thornspire Verge	rg	
Thorntooth Witch		b
Thornvault Forager	wubrg	g
Thornwatch Scarecrow		
Thornweald Archer		g
Thornwind Faeries		u
Thornwood Falls	ug	
Thorough Investigation		w
Those Who Serve		w
Thought Collapse		u
Thought Courier		u
Thought Devourer		u
Thought Dissector		
Thought Distortion		b
Thought Eater		u
Thought Erasure		ub
Thought Gorger		b
Thought Harvester		u
Thought Hemorrhage		br
Thought Lash		u
Thought Monitor		u
Thought Nibbler		u
Thought Partition		w
Thought Prison		
Thought Rattle		ub
Thought Reflection		u
Thought Scour		u
Thought Shucker		u
Thought Sponge		u
Thought Vessel	c	
Thought-Knot Seer		c
Thought-Stalker Warlock		b
Thought-String Analyst		ub
Thoughtbind		u
Thoughtbound Phantasm		u
Thoughtbound Primoc		r
Thoughtcast		u
Thoughtcutter Agent		ub
Thoughtflare		ur
Thoughtlace		u
Thoughtleech		g
Thoughtpicker Witch		b
Thoughtrender Lamia		b
Thoughts of Ruin		r
Thoughtseize		b
Thoughtsteal Sprites		u
Thoughtweft Charge		g
Thoughtweft Gambit		wu
Thoughtweft Imbuer		w
Thoughtweft Lieutenant		wg
Thoughtweft Trio		w
Thoughtweft's Call		w
Thousand Moons Crackshot		w
Thousand Moons Infantry		w
Thousand Moons Smithy	w	w
Thousand Moons Smithy // Barracks of the Thousand	w	w
Thousand Winds		u
Thousand-Faced Shadow		u
Thousand-Year Elixir		
Thousand-Year Storm		ur
Thousand-legged Kami		g
Thraben Charm		w
Thraben Doomsayer		w
Thraben Exorcism		w
Thraben Foulbloods		b
Thraben Gargoyle		
Thraben Gargoyle // Stonewing Antagonizer		
Thraben Heretic		w
Thraben Inspector		w
Thraben Militia		w
Thraben Militia // Thraben Sentry		w
Thraben Purebloods		w
Thraben Sentry		w
Thraben Sentry // Thraben Militia		w
Thraben Standard Bearer		w
Thraben Valiant		w
Thraben Watcher		w
Thragtusk		g
Thrakkus the Butcher		rg
Thran Dynamo	c	
Thran Forge		
Thran Foundry		
Thran Golem		
Thran Lens		
Thran Portal		
Thran Power Suit		
Thran Quarry	wubrg	
Thran Spider		
Thran Temporal Gateway		
Thran Tome		
Thran Turbine	c	
Thran Vigil		b
Thran War Machine		
Thran Weaponry		
Thranduil, the Elvenking		ubg
Thrash		rg
Thrash // Threat		rg
Thrash of Raptors		r
Thrasher Brute		b
Thrashing Brontodon		g
Thrashing Frontliner		r
Thrashing Mossdog		g
Thrashing Mudspawn		b
Thrashing Wumpus		b
Thrasios, Triton Hero		ug
Thrasta, Tempest's Roar		g
Thraximundar		ubr
Thraxodemon		b
Threadbind Clique		wu
Threadbind Clique // Rip the Seams		wu
Threads of Disloyalty		u
Threat		rg
Threat // Thrash		rg
Threaten		r
Threats Around Every Corner		g
Threats Undetected		g
Three Blind Mice		w
Three Bowls of Porridge		
Three Dog, Galaxy News DJ		wr
Three Dreams		w
Three Steps Ahead		u
Three Tragedies		b
Three Tree Battalion		w
Three Tree City	c	
Three Tree Mascot	wubrg	
Three Tree Rootweaver	wubrg	g
Three Tree Scribe		g
Three Visits		g
Three Wishes		u
Three-Headed Goblin		r
Threefold Signal		
Threefold Thunderhulk		
Threnody Singer		u
Thresher Beast		g
Thresher Lizard		r
Thrill of Possibility		r
Thrill of the Hunt		wg
Thrill-Kill Assassin		b
Thrill-Kill Disciple		r
Thrilling Discovery		wr
Thrilling Encore		b
Thriss, Nantuko Primus		g
Thrive		g
Thriving Bluff	r	
Thriving Grove	g	
Thriving Grubs		r
Thriving Heath	w	
Thriving Ibex		w
Thriving Isle	u	
Thriving Moor	b	
Thriving Rats		b
Thriving Rhino		g
Thriving Skyclaw		r
Thriving Turtle		u
Throat Slitter		b
Throat Wolf		r
Throatseeker		b
Throes of Chaos		r
Thromok the Insatiable		rg
Throne Warden		w
Throne of Bone		
Throne of Death		b
Throne of Death // Egon, God of Death		b
Throne of Eldraine		
Throne of Empires		
Throne of Geth		
Throne of Makindi	wubrgc	
Throne of the God-Pharaoh		
Throne of the Grim Captain		
Throne of the Grim Captain // The Grim Captain		
Throne of the High City	c	
Throttle		b
Through the Breach		r
Throw a Line		wb
Throw a Line // Ondu Knotmaster		wb
Throw from the Saddle		g
Throwing Knife		
Thrull Champion		b
Thrull Parasite		wb
Thrull Retainer		b
Thrull Surgeon		b
Thrull Wizard		b
Thrumming Hivepool		
Thrumming Stone		
Thrummingbird		u
Thrun, Breaker of Silence		g
Thrun, the Last Troll		g
Thryx, the Sudden Storm		u
Thud		r
Thud-for-Duds		
Thumbscrews		
Thunder Brute		r
Thunder Dragon		r
Thunder Drake		u
Thunder Lasso		w
Thunder Magic		r
Thunder Salvo		r
Thunder Spirit		w
Thunder Strike		r
Thunder Totem	w	w
Thunder Wall		u
Thunder of Hooves		r
Thunder of Unity		wbr
Thunder-Thrash Elder		r
Thunderblade Charge		r
Thunderblust		r
Thunderbolt		r
Thunderbolts Conspiracy		b
Thunderbond Vanguard		w
Thunderbreak Regent		r
Thunderclap		r
Thunderclap Drake		u
Thunderclap Wyvern		wu
Thundercloud Elemental		u
Thundercloud Shaman		r
Thunderdrum Soloist		r
Thunderfoot Baloth		g
Thunderhawk Gunship		
Thunderhead Gunner		r
Thunderhead Squadron		u
Thunderheads		u
Thunderherd Migration		g
Thundering Broodwagon		bg
Thundering Ceratok		g
Thundering Chariot		
Thundering Djinn		ur
Thundering Falls	ur	
Thundering Giant		r
Thundering Mightmare		g
Thundering Raiju		r
Thundering Rebuke		r
Thundering Sparkmage		r
Thundering Spineback		g
Thundering Tanadon		g
Thundering Wurm		g
Thunderkin Awakener		r
Thundermane Dragon		r
Thundermare		r
Thundermaw Hellkite		r
Thunderous Debut		g
Thunderous Might		r
Thunderous Orator		w
Thunderous Snapper		ug
Thunderous Velocipede		g
Thunderous Wrath		r
Thunderscape Apprentice		brg
Thunderscape Battlemage		brg
Thunderscape Familiar		r
Thunderscape Master		brg
Thundersong Trumpeter		wr
Thunderstaff		
Thundersteel Colossus		
Thundertrap Trainer		u
Thunderwave		r
Thunderwolf Cavalry		w
Thurid, Mare of Destiny		w
Thwart		u
Thwart the Enemy		g
Thwart the Grave		b
Thwip!		w
Théoden, King of Rohan		wr
Tiamat		wubrg
Tiamat's Fanatics		r
Tiana, Angelic Mechanic		wr
Tiana, Ship's Caretaker		wr
Tibalt the Chaotic		r
Tibalt's Rager		r
Tibalt's Trickery		r
Tibalt, Cosmic Impostor	r	br
Tibalt, Cosmic Impostor // Valki, God of Lies	r	br
Tibalt, Rakish Instigator		r
Tibalt, Wicked Tormentor	r	r
Tibalt, the Fiend-Blooded		r
Tibor and Lumia		ur
Ticked Off		r
Ticket Booth		r
Ticket Booth // Tunnel of Hate		r
Ticket Tortoise		
Ticket Turbotubes	wubrg	
Ticketomaton		
Ticking Gnomes		
Ticking Mime Bomb		r
Tidal Barracuda		u
Tidal Bore		u
Tidal Control		u
Tidal Courier		u
Tidal Flats		u
Tidal Force		u
Tidal Influence		u
Tidal Kraken		u
Tidal Surge		u
Tidal Terror		u
Tidal Visionary		u
Tidal Warrior		u
Tidal Wave		u
Tide Drifter		u
Tide Shaper		u
Tide Skimmer		u
Tide of War		r
Tidebinder Mage		u
Tidecaller Mentor		ub
Tidechannel Pathway	ug	
Tidechannel Pathway // Barkchannel Pathway	ug	
Tideforce Elemental		u
Tidehollow Sculler		wb
Tidehollow Strix		ub
Tidepool Turtle		u
Tideshaper Mystic		u
Tidespout Tyrant		u
Tidewalker		u
Tidewater Minion		u
Tidings		u
Tidus, Blitzball Star		wu
Tidus, Yuna's Guardian		wug
Tidy Conclusion		b
Tiefling Outcasts		r
Tifa Lockhart		g
Tifa's Limit Break		g
Tifa, Martial Artist		wrg
Tiger Claws		g
Tiger Shark, Abyssal Hunter		ub
Tiger-Dillo		r
Tiger-Seal		u
Tiger-Tribe Hunter		r
Tigereye Cameo	wg	
Tightening Coils		u
Tigra, Feline Fury		g
Tiller Engine		
Tiller of Flesh		w
Tilling Treefolk		g
Tilonalli's Crown		r
Tilonalli's Knight		r
Tilonalli's Skinshifter		r
Tilonalli's Summoner		r
Timber Gorge	rg	
Timber Paladin		g
Timber Protector		g
Timber Shredder		g
Timber Shredder // Hinterland Logger		g
Timber Wolves		g
Timbercrown Pathway	rg	
Timbercrown Pathway // Cragcrown Pathway	rg	
Timberland Ancient		g
Timberland Guide		g
Timberland Ruins	wubrg	
Timberline Ridge	rg	
Timbermare		g
Timbermaw Larva		g
Timberpack Wolf		g
Timberwatch Elf		g
Time Beetle		u
Time Bends to My Will		
Time Bomb		
Time Distortion		
Time Ebb		u
Time Elemental		u
Time Lord Regeneration		u
Time Machine		
Time Out		u
Time Reaper		b
Time Reversal		u
Time Sidewalk		u
Time Sieve		ub
Time Spiral		u
Time Stop		u
Time Stretch		u
Time Vault		
Time Walk		u
Time Warp		u
Time Wipe		wu
Time and Tide		u
Time of Heroes		w
Time of Ice		u
Time of Need		g
Time to Feed		g
Time to Reflect		w
Timebender		u
Timecrafting		r
Timeless Dragon		w
Timeless Lotus	wubrg	
Timeless Witness		g
Timeline Culler		b
Timeline Inquiry		u
Timely Hordemate		w
Timely Interference		ur
Timely Reinforcements		w
Timely Ward		w
Timesifter		
Timestream Navigator		u
Timetwister		u
Timid Drake		u
Timid Shieldbearer		w
Timin, Youthful Geist		u
Timmerian Fiends		b
Timmy, Power Gamer		g
Timothar, Baron of Bats		b
Tin Street Cadet		r
Tin Street Dodger		r
Tin Street Gossip	rg	rg
Tin Street Hooligan		rg
Tin Street Market		r
Tin-Wing Chimera		
Tinder Farm	wrg	
Tinder Wall	r	rg
Tine Shrike		w
Tinfoil Helm		
Tinker		u
Tinker's Tote		w
Tinybones Joins Up		b
Tinybones, Bauble Burglar		b
Tinybones, Pocket Nuisance		b
Tinybones, Trinket Thief		b
Tinybones, the Pickpocket		b
Tip the Scales		b
Tippy-Toe, Terrific Partner		g
Tireless Angler		u
Tireless Hauler		g
Tireless Hauler // Dire-Strain Brawler		g
Tireless Missionaries		w
Tireless Provisioner		g
Tireless Tracker		g
Tireless Tribe		w
Tishana's Tidebinder		u
Tishana's Wayfinder		g
Tishana, Voice of Thunder		ug
Titan Forge		
Titan Hunter		b
Titan of Eternal Fire		r
Titan of Industry		g
Titan of Littjara		u
Titan's Grave	bg	bg
Titan's Presence		
Titan's Revenge		r
Titan's Strength		r
Titanbones, Towering Heart		g
Titania		
Titania's Boon		g
Titania's Chosen		g
Titania's Command		g
Titania's Song		g
Titania, Gaea Incarnate	g	g
Titania, Gaea Incarnate // Argoth, Sanctum of Nature	g	g
Titania, Gaea Incarnate // Titania, Voice of Gaea		g
Titania, Nature's Force		g
Titania, Protector of Argoth		g
Titania, Proud Pummeler		r
Titania, Rugged Rumbler		bg
Titania, Voice of Gaea		g
Titania, Voice of Gaea // Titania, Gaea Incarnate		g
Titanic Brawl		g
Titanic Bulvox		g
Titanic Growth		g
Titanic Ultimatum		wrg
Titanium Golem		w
Titanium Man		b
Titanoth Rex		g
Titans' Nest	c	ubg
Titans' Vanguard		rg
Tithe		w
Tithe Drinker		wb
Tithe Taker		w
Tithebearer Giant		b
Tithing Blade		b
Tithing Blade // Consuming Sepulcher		b
Tivadar of Thorn		w
Tivadar's Crusade		w
Tivash, Gloom Summoner		b
Tivit, Seller of Secrets		wub
Tizerus Charger		b
Tlincalli Hunter		g
Tlincalli Hunter // Retrieve Prey		g
To Arms!		w
To the Slaughter		b
Toadstool Admirer		g
Tobias Andrion		wu
Tobias, Doomed Conqueror		wu
Tobita, Master of Winds		u
Tobita, Master of Winds // Student of Elements		u
Toby, Beastie Befriender		w
Tocasia's Dig Site	c	
Tocasia's Onulet		w
Tocasia's Welcome		w
Tocasia, Dig Site Mentor		wug
Tocatli Honor Guard		w
Toddler's Rage		r
Toe-Breaking Helmet		
Together Forever		w
Together as One		
Togglodyte		
Toggo, Goblin Weaponsmith		r
Toil		br
Toil // Trouble		br
Toil to Renown		g
Toils of Night and Day		u
Tok-Tok, Volcano Born		r
Tok-Tok, Volcano Born // Akki Lavarunner		r
Tokka // Rahzar, Terrible Twos		br
Tokka // Rahzar, Unsupervised		r
Tolabow, Loch Rascal		u
Tolaria	u	
Tolaria West	u	u
Tolarian Academy	u	
Tolarian Contempt		u
Tolarian Drake		u
Tolarian Emissary		wu
Tolarian Entrancer		u
Tolarian Geyser		wu
Tolarian Kraken		u
Tolarian Scholar		u
Tolarian Sentinel		u
Tolarian Serpent		u
Tolarian Terror		u
Tolarian Winds		u
Toll of the Invasion		b
Tolls of War		wb
Tolsimir Wolfblood		wg
Tolsimir, Friend to Wolves		wg
Tolsimir, Midnight's Light		wg
Toluz, Clever Conductor		wub
Tom Bombadil		wubrg
Tom, Bert, and William		bg
Tomakul Honor Guard		g
Tomakul Phoenix		r
Tomakul Scrapsmith		r
Tomb Blade		b
Tomb Fortress	b	b
Tomb Hex		b
Tomb Robber		b
Tomb Trawler		
Tomb Tyrant		b
Tomb of Horrors Adventurer		u
Tomb of Urami	b	b
Tomb of the Dusk Rose	wubrg	wb
Tomb of the Dusk Rose // Profane Procession	wubrg	wb
Tomb of the Spirit Dragon	c	
Tombfire		b
Tombstalker		b
Tombstone Stairwell		b
Tombstone, Career Criminal		b
Tome Anima		u
Tome Blast		r
Tome Raider		u
Tome Scour		u
Tome Shredder		r
Tome of Gadwick		u
Tome of Legends		
Tome of the Guildpact	wubrg	
Tome of the Infinite		u
Tomebound Lich		ub
Tomik, Distinguished Advokist		w
Tomik, Wielder of Law		wb
Tomorrow, Azami's Familiar		u
Tomoya the Revealer		u
Tomoya the Revealer // Jushi Apprentice		u
Tonberry		b
Tonic Peddler		w
Tony Stark		ur
Tony Stark // The Invincible Iron Man		ur
Too Evil to Stay Dead		b
Too Greedily, Too Deep		br
Toofer, Keeper of the Full Grip		b
Took Reaper		w
Toolcraft Exemplar		w
Tooth Collector		b
Tooth and Claw		r
Tooth and Nail		g
Tooth of Chiss-Goria		
Tooth of Ramos	w	
Tooth, Claw, and Tail		
Toothy and Zndrsplt		u
Toothy, Imaginary Friend		u
Top-Secret Tunnel		
Topan Ascetic		g
Topan Freeblade		w
Topaz Dragon		b
Topaz Dragon // Entropic Cloud		b
Topdeck the Halls		wr
Toph, Earthbending Master		g
Toph, Greatest Earthbender		rg
Toph, Hardheaded Teacher		rg
Toph, the Blind Bandit		g
Toph, the First Metalbender		wrg
Topiary Lecturer	g	g
Topiary Panther		g
Topiary Stomper		g
Topography Tracker		g
Topple		w
Topple the Statue		w
Topplegeist		w
Topsoil Turner	g	g
Topsy Turvy		u
Tor Giant		r
Tor Wauki		br
Tor Wauki the Younger		br
Toralf's Disciple		r
Toralf's Hammer		r
Toralf's Hammer // Toralf, God of Fury		r
Toralf, God of Fury		r
Toralf, God of Fury // Toralf's Hammer		r
Torbran, Thane of Red Fell		r
Torch Breath		r
Torch Courier		r
Torch Drake		ur
Torch Fiend		r
Torch Gauntlet		
Torch Slinger		r
Torch Song		r
Torch the Tower		r
Torch the Witness		r
Torchling		r
Torens, Fist of the Angels		wg
Torgaar, Famine Incarnate		b
Torgal, A Fine Hound	wubrg	g
Tori D'Avenant, Fury Rider		wr
Torii Watchward		w
Torment		b
Torment of Hailfire		b
Torment of Scarabs		b
Torment of Venom		b
Tormented Angel		w
Tormented Hero		b
Tormented Pariah		r
Tormented Pariah // Rampaging Werewolf		r
Tormented Soul		b
Tormented Thoughts		b
Tormenting Voice		r
Tormentor Exarch		r
Tormentor's Helm		r
Tormentor's Trident		
Tormod's Crypt		
Tormod's Cryptkeeper		
Tormod, the Desecrator		b
Torn Between Heads		
Tornado		g
Tornado Elemental		g
Tornellan Protector		w
Torpid Moloch		r
Torpor Dust		ub
Torpor Orb		
Torrent Elemental		ubg
Torrent Sculptor		ur
Torrent Sculptor // Flamethrower Sonata		ur
Torrent of Fire		r
Torrent of Lava		r
Torrent of Souls		br
Torrent of Stone		r
Torrential Gearhulk		u
Torsten Von Ursus		wg
Torsten, Founder of Benalia		wg
Tortoise Formation		u
Torture		b
Torture Chamber		
Torture Pit		r
Torture Pit // Spiked Corridor		r
Tortured Existence		b
Toshiro Umezawa		b
Toski, Bearer of Secrets		g
Total War		r
Totally Lost		u
Totem Speaker		g
Totem-Guide Hartebeest		w
Totentanz, Swarm Piper		br
Toucan-Puffin		w
Touch and Go		r
Touch of Brilliance		u
Touch of Darkness		b
Touch of Death		b
Touch of Invisibility		u
Touch of Moonglove		b
Touch of Vitae		g
Touch of the Eternal		w
Touch of the Horned God		
Touch of the Void		r
Touch the Spirit Realm		w
Touchstone		
Tough Cookie		g
Tourach's Canticle		b
Tourach's Chant		b
Tourach's Gate		b
Tourach, Dread Cantor		b
Tournament Grounds	wbrc	
Tovolar's Huntmaster		g
Tovolar's Huntmaster // Tovolar's Packleader		g
Tovolar's Magehunter		r
Tovolar's Magehunter // Mondronen Shaman		r
Tovolar's Packleader		g
Tovolar's Packleader // Tovolar's Huntmaster		g
Tovolar, Dire Overlord		rg
Tovolar, Dire Overlord // Tovolar, the Midnight Scourge		rg
Tovolar, the Midnight Scourge		rg
Tovolar, the Midnight Scourge // Tovolar, Dire Overlord		rg
Towashi		
Towashi Guide-Bot		
Towashi Songshaper		r
Tower Above		g
Tower Defense		g
Tower Drake		wu
Tower Gargoyle		wub
Tower Geist		u
Tower Winder		g
Tower Worker	c	
Tower of Calamities		
Tower of Champions		
Tower of Coireall		
Tower of Eons		
Tower of Fortunes		
Tower of Murmurs		
Tower of the Magistrate	c	
Towering Baloth		g
Towering Gibbon		g
Towering Indrik		g
Towering Thunderfist		wr
Towering Titan		g
Towering Viewpoint		
Towering-Wave Mystic		u
Town Gossipmonger		w
Town Gossipmonger // Incited Rabble		w
Town Greeter		g
Town Sentry		w
Town-Razer Tyrant		r
Toxic Abomination		b
Toxic Deluge		b
Toxic Iguanar		r
Toxic Nim		b
Toxic Scorpion		g
Toxic Stench		b
Toxicrene	wubrg	g
Toxin Analysis		b
Toxin Sliver		b
Toxrill, the Corrosive		ub
Toy Boat		
Toymaker		
Trace of Abundance	wubrg	wrg
Track Down		g
Tracker		g
Tracker's Instincts		ug
Trackhand Trainer		u
Tractor Beam		u
Trade Caravan		w
Trade Route Envoy		g
Trade Routes		u
Trade Secrets		u
Trade the Helm		u
Tradewind Rider		u
Tradewind Rider Avatar		
Trading Post		
Tragda, the Burner		r
Tragedy Feaster		b
Tragic Arrogance		w
Tragic Banshee		b
Tragic Fall		b
Tragic Lesson		u
Tragic Poet		w
Tragic Slip		b
Tragic Trajectory		b
Trail of Crumbs		g
Trail of Evidence		u
Trail of Mystery		g
Trail of the Mage-Rings		
Trailblazer		g
Trailblazer's Boots		
Trailblazer's Torch		
Trailblazing Historian		r
Trailtracker Scout	wubrg	g
Train Troops		wr
Train Troops // Imodane's Recruiter		wr
Train of Thought		u
Trained Armodon		g
Trained Arynx		w
Trained Blessed Mind		
Trained Caracal		w
Trained Cheetah		g
Trained Condor		u
Trained Jackal		g
Trained Orgg		r
Trained Pronghorn		w
Training Center	ur	
Training Compound	rgc	
Training Drone		
Training Grounds		u
Training Regimen		g
Trait Doctoring		u
Traitor's Clutch		b
Traitor's Roar		br
Traitorous Blood		r
Traitorous Greed	wubrg	r
Traitorous Instinct		r
Trampled Lotus		
Tramway Station	br	br
Trance Kuja, Fate Defied		br
Trance Kuja, Fate Defied // Kuja, Genome Sorcerer		br
Tranquil Cove	wu	
Tranquil Domain		g
Tranquil Expanse	wg	
Tranquil Frillback		g
Tranquil Garden	wgc	
Tranquil Grove		g
Tranquil Landscape	c	wug
Tranquil Path		g
Tranquil Thicket	g	g
Tranquility		g
Tranquilize		u
Transcantation		r
Transcendence		w
Transcendent Archaic		
Transcendent Dragon		u
Transcendent Envoy		w
Transcendent Master		w
Transcendent Message		u
Transdimensional Bovine	wubrg	g
Transforming Flourish		r
Transgress the Mind		b
Transguild Courier		
Transguild Promenade	wubrg	
Transit Mage		u
Transluminant		wg
Transmogrant Altar	c	b
Transmogrant's Crown		b
Transmogrify		r
Transmogrifying Licid		
Transmogrifying Wand		
Transmutation		b
Transmutation Font		
Transmute Artifact		u
Transplant Theorist		u
Transpose		b
Trap Digger		w
Trap Essence		urg
Trap Runner		w
Trap the Trespassers		u
Trapeze Artist		w
Trapfinder's Trick		u
Trapjaw Kelpie		ug
Trapjaw Tyrant		w
Trapmaker's Snare		u
Trapped in the Screen		w
Trapped in the Tower		w
Traproot Kami		g
Trash Bin		
Trash Panda		bg
Trash for Treasure		r
Trash the Town		g
Traumatic Critique		ur
Traumatic Prank		r
Traumatic Revelation		b
Traumatic Visions		u
Traumatize		u
Travel Preparations		wg
Travel Through Caradhras		g
Travel the Overworld		u
Traveler's Amulet		
Traveler's Cloak		u
Traveling Botanist		g
Traveling Chocobo		g
Traveling Minister		w
Traveling Philosopher		w
Traveling Plague		b
Traverse Eternity		u
Traverse Valley		g
Traverse the Outlands		g
Traverse the Ulvenwald		g
Trawler Drake		u
Traxos, Scourge of Kroog		
Trazyn the Infinite		b
Treacherous Blessing		b
Treacherous Greed		wb
Treacherous Link		b
Treacherous Pit-Dweller		b
Treacherous Terrain		rg
Treacherous Trapezist		u
Treacherous Urge		b
Treacherous Vampire		b
Treacherous Werewolf		b
Treachery		u
Tread Mill		
Tread Upon		g
Treason of Isengard		u
Treasonous Ogre	r	r
Treasure Chest		
Treasure Cove	c	
Treasure Cove // Treasure Map	c	
Treasure Cruise		u
Treasure Dredger		b
Treasure Hunt		u
Treasure Hunter		w
Treasure Keeper		
Treasure Mage		u
Treasure Map	c	
Treasure Map // Treasure Cove	c	
Treasure Nabber		r
Treasure Trove		u
Treasure Vault	c	
Treasured Find		bg
Treasury Thrull		wb
Treats to Share		g
Treats to Share // Curious Pair		g
Tree Monkey		g
Tree of Perdition		b
Tree of Redemption		g
Tree of Tales	g	
Treebeard, Gracious Host		wg
Treefolk Harbinger		g
Treefolk Healer		wg
Treefolk Mystic		g
Treefolk Seedlings		g
Treefolk Umbra		g
Treeguard Duo		g
Treeshaker Chimera		g
Treespring Lorian		g
Treetop Ambusher		g
Treetop Bracers		g
Treetop Defense		g
Treetop Freedom Fighters		r
Treetop Rangers		g
Treetop Scout		g
Treetop Sentinel		u
Treetop Sentries		g
Treetop Snarespinner		g
Treetop Village	g	g
Treetop Warden		g
Treizeci, Sun of Serra		w
Trelane, Squire of Gothos		u
Trelasarra, Moon Dancer		wg
Tremble		r
Tremor		r
Trench Behemoth		u
Trench Gorger		u
Trench Stalker		b
Trench Wurm		br
Trenching Steed		w
Trenchpost	c	
Trendy Circus Pirate		
Treno, Dark City	ub	
Trenzalore Clocktower	u	u
Trepanation Blade		
Trespasser il-Vec		b
Trespasser's Curse		b
Trespassing Souleater		u
Tresserhorn Sinks	br	
Tresserhorn Skyknight		b
Trestle Troll		bg
Treva's Attendant	wug	
Treva's Charm		wug
Treva's Ruins	wug	
Treva, the Renewer		wug
Tri-Sentinel, Act of Vengeance		
Triad of Fates		wb
Trial		wub
Trial // Error		wub
Trial and Error		r
Trial of Agony		r
Trial of Ambition		b
Trial of Knowledge		u
Trial of Solidarity		w
Trial of Strength		g
Trial of Zeal		r
Trial of a Time Lord		w
Triangle of War		
Triarch Praetorian		b
Triarch Stalker		b
Triassic Egg		
Tribal Flames		r
Tribal Forcemage		g
Tribal Golem		b
Tribal Unity		g
Tribune of Rot		bg
Tributary Instructor		g
Tributary Vaulter		w
Tribute Mage		u
Tribute to Horobi		b
Tribute to Horobi // Echo of Death's Wail		b
Tribute to Hunger		b
Tribute to Urborg		ub
Tribute to the Wild		g
Tribute to the World Tree		g
Triceraton Commander		w
Triceraton Regenta		w
Trick Shot		r
Trickbind		u
Trickery Charm		u
Tricks of the Trade		u
Trickster Mage		u
Trickster's Elk		g
Trickster's Stratagem		u
Trickster's Talisman		u
Tricky Mage		u
Triclopean Sight		w
Trigger Happy		r
Trigon of Corruption		b
Trigon of Infestation		g
Trigon of Mending		w
Trigon of Rage		r
Trigon of Thought		u
Trinisphere		
Trinket Mage		u
Trip Noose		
Trip Up		u
Trip Wire		g
Triple Threat		r
Triple Triad		r
Triplicate Spirits		w
Triplicate Titan		
Triskaidekaphile		u
Triskaidekaphobia		b
Triskelavus		
Triskelion		
Triton Cavalry		u
Triton Fortune Hunter		u
Triton Shorestalker		u
Triton Shorethief		u
Triton Tactics		u
Triton Wavebreaker		u
Triton Waverider		u
Triumph of Cruelty		b
Triumph of Ferocity		g
Triumph of Gerrard		w
Triumph of Saint Katherine		w
Triumph of the Hordes		g
Triumphant Adventurer		wb
Triumphant Chomp		r
Triumphant Getaway		ubr
Triumphant Reckoning		w
Triumphant Surge		w
Trivia Contest		
Trokin High Guard		w
Troll Ascetic		g
Troll of Khazad-dûm		b
Troll-Horn Cameo	rg	
Trollbred Guardian		g
Trollhide		g
Trolls of Tel-Jilad		g
Tromell, Seymour's Butler		g
Tromokratis		u
Tromp the Domains		g
Trophy Hunter		g
Trophy Mage		u
Tropical Island	ug	
Tropical Storm		g
Trostani Discordant		wg
Trostani's Judgment		w
Trostani's Summoner		wg
Trostani, Selesnya's Voice		wg
Trostani, Three Whispers		wg
Trouble		br
Trouble // Toil		br
Trouble in Pairs		w
Troubled Healer		w
Troublemaker Ouphe		g
Troublesome Spirit		u
Trove Mage		u
Trove Tracker		u
Trove Warden		w
Trove of Temptation		r
Troyan, Gutsy Explorer	ug	ug
Truce		w
Truck Toss		r
Trudge Garden		g
True Ancestry		g
True Believer		w
True Conviction		w
True Identity		w
True Love's Kiss		w
True Polymorph		u
True-Faith Censer		
True-Name Nemesis		u
Truefire Captain		wr
Truefire Paladin		wr
Trueheart Duelist		w
Trueheart Twins		r
Trufflesnout		g
Truga Cliffcharger		rg
Truga Cliffcharger // Invasion of Ergamon		rg
Truga Jungle	wubrg	
Trumpet Blast		r
Trumpeting Armodon		g
Trumpeting Carnosaur		r
Trumpeting Gnarr		ug
Trumpeting Herd		g
Truss, Chief Engineer		ub
Trusted Advisor		u
Trusted Forcemage		g
Trusted Pegasus		w
Trustworthy Scout		w
Trusty Boomerang		
Trusty Companion		w
Trusty Machete		
Trusty Packbeast		w
Trusty Retriever		w
Truth or Consequences		ur
Truth or Dare		u
Truth or Tale		u
Try-My-Deck Elemental		w
Trygon Predator		ug
Trygon Prime		ug
Trynn, Champion of Freedom		w
Trystan's Command		bg
Trystan, Callous Cultivator		bg
Trystan, Callous Cultivator // Trystan, Penitent Culler		bg
Trystan, Penitent Culler		bg
Trystan, Penitent Culler // Trystan, Callous Cultivator		bg
Tsabo Tavoc		br
Tsabo's Assassin		b
Tsabo's Decree		b
Tsabo's Web		
Tsagan, Raider Warlord		wbr
Tsunami		g
Tug of War		g
Tui and La, Moon and Ocean		u
Tuinvale Guide		w
Tuinvale Treefolk		g
Tuinvale Treefolk // Oaken Boon		g
Tukatongue Thallid		g
Tuknir Deathlock		rg
Tuktuk Grunts		r
Tuktuk Rubblefort		r
Tuktuk Scrapper		r
Tuktuk the Explorer		r
Tumble		r
Tumble // Rough		r
Tumble Magnet		
Tumbleweed Rising		g
Tundra	wu	
Tundra Fumarole	c	r
Tundra Kavu		r
Tundra Tank		b
Tundra Wall		w
Tundra Wolves		w
Tune Up		w
Tune the Narrative		u
Tunnel		r
Tunnel Ignus		r
Tunnel Rats		b
Tunnel Surveyor		u
Tunnel Tipster	g	g
Tunnel Vision		u
Tunnel of Hate		r
Tunnel of Hate // Ticket Booth		r
Tunnel of Love		
Tunneler Wurm		g
Tunneling Geopede		r
Tura Kennerüd, Skyknight		wu
Turbo-Thwacking Auto-Hammer		
Turbocharged Escape		w
Turbulent Dreams		u
Turbulent Fen	bg	
Turbulent Moor	wb	
Turbulent Springs	ur	
Turbulent Steppe	wr	
Turbulent Wilderness	ug	
Turf War		r
Turf Wound		r
Turn		ur
Turn // Burn		ur
Turn Against		r
Turn Aside		u
Turn Inside Out		r
Turn Stones		bg
Turn Stones // Eccentric Pestfinder		bg
Turn into a Pumpkin		u
Turn the Earth		g
Turn the Tables		w
Turn the Tide		u
Turn to Dust	g	g
Turn to Frog		u
Turn to Mist		wu
Turn to Slag		r
Turnabout		u
Turncoat Kunoichi		wb
Turntimber Ascetic		g
Turntimber Basilisk		g
Turntimber Grove	g	
Turntimber Ranger		g
Turntimber Sower		g
Turntimber Symbiosis	g	g
Turntimber Symbiosis // Turntimber, Serpentine Wood	g	g
Turntimber, Serpentine Wood	g	g
Turntimber, Serpentine Wood // Turntimber Symbiosis	g	g
Turret Ogre		r
Turri Island		
Turtle Blimp		
Turtle Lair	wubrgc	
Turtle Power!		g
Turtle Tracks		g
Turtle Van		
Turtle-Duck		g
Turtle-Seals		u
Turtles Forever		w
Turtles in Time		u
Turtleshell Changeling		u
Tusk and Whiskers		wg
Tusked Colossodon		g
Tuskeri Firewalker		r
Tuskguard Captain		g
Tuvasa the Sunlit		wug
Tuya Bearclaw		rg
Tweeze		r
Twenty Lessons		
Twenty-Toed Toad		u
Twice Upon a Time		u
Twice Upon a Time // Unlikely Meeting		u
Twice the Rage		r
Twice the Rage // Two-Headed Hunter		r
Twiddle		u
Twiddlestick Charger		
Twigwalker		g
Twilight Diviner		b
Twilight Drover		w
Twilight Mire	bgc	bg
Twilight Panther		wb
Twilight Prophet		b
Twilight Shepherd		w
Twilight's Call		b
Twin Blades		r
Twin Bolt		r
Twin-Silk Spider		g
Twinblade Assassins		bg
Twinblade Blessing		w
Twinblade Geist		w
Twinblade Geist // Twinblade Invocation		w
Twinblade Invocation		w
Twinblade Invocation // Twinblade Geist		w
Twinblade Paladin		w
Twinblade Slasher		g
Twincast		u
Twinferno		r
Twinflame		r
Twinflame Travelers		ur
Twinflame Tyrant		r
Twining Twins		wu
Twining Twins // Swift Spiral		wu
Twinmaw Stormbrood		wr
Twinmaw Stormbrood // Charring Bite		wr
Twinning Glass		
Twinning Staff		
Twins of Discord		
Twins of Maurer Estate		b
Twinscroll Shaman		r
Twinshot Sniper		r
Twinstrike		br
Twist Allegiance		r
Twist Reality		u
Twisted Abomination		b
Twisted Embrace		b
Twisted Experiment		b
Twisted Fealty		r
Twisted Image		u
Twisted Justice		ub
Twisted Landscape	c	brg
Twisted Reflection		ub
Twisted Riddlekeeper		uc
Twisted Sewer-Witch		b
Twisted Spider-Clone		g
Twists and Turns	g	g
Twists and Turns // Mycoid Maze	g	g
Twitch		u
Twitching Doll	wubrg	g
Two Streams Facility		
Two by Four		u
Two-Handed Axe		r
Two-Handed Axe // Sweeping Cleave		r
Two-Headed Cerberus		r
Two-Headed Dragon		r
Two-Headed Giant		r
Two-Headed Giant of Foriys		r
Two-Headed Giant of Foriys Avatar		
Two-Headed Hellkite		wubrg
Two-Headed Hunter		r
Two-Headed Hunter // Twice the Rage		r
Two-Headed Sliver		r
Two-Headed Zombie		b
Twofold Intent		w
Twofold Intent // Quill-Blade Laureate		w
Ty Lee, Artful Acrobat		r
Ty Lee, Chi Blocker		u
Tymaret Calls the Dead		b
Tymaret, Chosen from Death		b
Tymaret, the Murder King		br
Tymna the Weaver		wb
Tymora's Invoker		u
Typhoid Mary, Fractured		br
Typhoid Rats		b
Typhoon		g
Tyr's Blessing		w
Tyr's Blessing // Blessed Hippogriff		w
Tyranid Harridan		ug
Tyranid Invasion		g
Tyranid Prime		ug
Tyrannical Pitlord		b
Tyrannize		br
Tyrant Guard		g
Tyrant of Discord		r
Tyrant of Kher Ridges		r
Tyrant of Valakut		r
Tyrant's Choice		b
Tyrant's Familiar		r
Tyrant's Machine		
Tyrant's Scorn		ub
Tyrite Sanctum	c	
Tyrox, Saurid Tyrant		r
Tyrranax		g
Tyrranax Atrocity		g
Tyrranax Rex		g
Tyvar Kell	b	g
Tyvar the Bellicose		bg
Tyvar's Stand		g
Tyvar, Jubilant Brawler		bg
Tyvar, the Pummeler		g
Tzaangor Shaman		ur
U.S.Agent, John Walker		wb
U.S.S. Enterprise-D, Galaxy-Class		
UNIT Headquarters		
Uba Mask		
Ubul Sar Gatekeepers		b
Uchbenbak, the Great Mistake		ub
Uchuulon		b
Ugin's Binding		u
Ugin's Conjurant		
Ugin's Construct		
Ugin's Insight		u
Ugin's Labyrinth	c	
Ugin's Mastery		
Ugin's Nexus		
Ugin, Eye of the Storms	c	
Ugin, the Ineffable		
Ugin, the Spirit Dragon		
Uglúk of the White Hand		br
Uh, Squen // Cragg Made a Card		bg
Ukkima, Stalking Shadow		ub
Uktabi Drake		g
Uktabi Efreet		g
Uktabi Faerie		g
Uktabi Kong		g
Uktabi Orangutan		g
Uktabi Wildcats		g
Ukud Cobra		b
Ulalek, Fused Atrocity		wubrgc
Ulamog's Crusher		
Ulamog's Despoiler		
Ulamog's Dreadsire		
Ulamog's Nullifier		ub
Ulamog's Reclaimer		u
Ulamog, the Ceaseless Hunger		
Ulamog, the Defiler		
Ulamog, the Infinite Gyre		
Ulasht, the Hate Seed		rg
Ulcerate		b
Ulder Ravengard, Marshal		wr
Ulgrotha Charm		u
Ulna Alley Shopkeep		b
Ulrich of the Krallenhorde		rg
Ulrich of the Krallenhorde // Ulrich, Uncontested Alpha		rg
Ulrich's Kindred		rg
Ulrich, Uncontested Alpha		rg
Ulrich, Uncontested Alpha // Ulrich of the Krallenhorde		rg
Ultima		w
Ultima Weapon		
Ultima, Origin of Oblivion	c	c
Ultimate Alliance		w
Ultimate Green Goblin		br
Ultimate Magic: Holy		w
Ultimate Magic: Meteor		r
Ultimate Nullification		w
Ultimate Price		b
Ultimate Spider-Man		wrg
Ultimate Spider-Man // Miles Morales		wrg
Ultimecia, Omnipotent		ub
Ultimecia, Omnipotent // Ultimecia, Time Sorceress		ub
Ultimecia, Temporal Threat		u
Ultimecia, Time Sorceress		ub
Ultimecia, Time Sorceress // Ultimecia, Omnipotent		ub
Ultimo, Civilization's End		b
Ultra Magnus, Armored Carrier		wrg
Ultra Magnus, Armored Carrier // Ultra Magnus, Tactician		wrg
Ultra Magnus, Tactician		wrg
Ultra Magnus, Tactician // Ultra Magnus, Armored Carrier		wrg
Ultramarines Honour Guard		w
Ultron Drone		
Ultron the Annihilator		b
Ultron's Auxiliary		b
Ultron, Artificial Malevolence		
Ultron, Machine Overlord		
Ultron, Unlimited		ub
Ultros, Obnoxious Octopus		u
Ulvenwald Abomination	gc	g
Ulvenwald Abomination // Ulvenwald Captive	gc	g
Ulvenwald Bear		g
Ulvenwald Behemoth		g
Ulvenwald Behemoth // Ulvenwald Oddity		g
Ulvenwald Captive	gc	g
Ulvenwald Captive // Ulvenwald Abomination	gc	g
Ulvenwald Hydra		g
Ulvenwald Mysteries		g
Ulvenwald Mystics		g
Ulvenwald Mystics // Ulvenwald Primordials		g
Ulvenwald Observer		g
Ulvenwald Oddity		g
Ulvenwald Oddity // Ulvenwald Behemoth		g
Ulvenwald Primordials		g
Ulvenwald Primordials // Ulvenwald Mystics		g
Ulvenwald Tracker		g
Umara Entangler		u
Umara Mystic		ur
Umara Raptor		u
Umara Skyfalls	u	u
Umara Skyfalls // Umara Wizard	u	u
Umara Wizard	u	u
Umara Wizard // Umara Skyfalls	u	u
Umaro, Raging Yeti		r
Umbilicus		
Umbra Mystic		w
Umbra Stalker		b
Umbral Collar Zealot		b
Umbral Expanse	wb	
Umbral Juke		b
Umbral Mantle		
Umbris, Fear Manifest		ub
Umezawa's Charm		b
Umezawa's Jitte		
Umori, the Collector		bg
Unable to Scream		u
Unagi's Spray		u
Unassuming Gelatinous Serpent		
Unassuming Sage		w
Unauthorized Exit		u
Unbender Tine		wu
Unblinking Bleb		u
Unblinking Observer	u	u
Unbound Flourishing		g
Unbounded Potential		w
Unbreakable Bond		b
Unbreakable Formation		w
Unbreakable Remnant		w
Unbreathing Horde		b
Unbridled Growth	wubrg	g
Unburden		b
Unburial Rites		wb
Unburied Earthcarver		b
Unbury		b
Uncage the Menagerie		g
Uncaged Fury		r
Uncanny Speed		r
Unchained Berserker		r
Uncharted Haven		
Uncharted Voyage		u
Unchecked Growth		g
Uncivil Unrest		r
Unclaimed Battle Axe		r
Unclaimed Bird		u
Unclaimed Blessing		b
Unclaimed Cat		w
Unclaimed Tanadon		g
Unclaimed Territory	wubrgc	
Uncle Iroh		rg
Uncle Istvan		b
Uncle's Musings		g
Uncomfortable Chill		u
Uncontrollable Anger		r
Uncontrolled Infestation		r
Unconventional Tactics		w
Uncovered Clues		u
Unctus's Retrofitter		u
Unctus, Grand Metatect		u
Undead Alchemist		u
Undead Augur		b
Undead Butler		b
Undead Executioner		b
Undead Gladiator		b
Undead Hand Ninja		b
Undead Leotau		br
Undead Minotaur		b
Undead Servant		b
Undead Slayer		w
Undead Sprinter		br
Undead Warchief		b
Under the Skin		g
Under-Construction Skyscraper	wbgc	
Underbridge Warlock		b
Undercellar Myconid	wubrg	g
Undercellar Sweep		w
Undercity Dire Rat		b
Undercity Eliminator		b
Undercity Informer		b
Undercity Necrolisk		b
Undercity Plague		b
Undercity Plunder		b
Undercity Reaches		
Undercity Scavenger		b
Undercity Scrounger		b
Undercity Sewers	ub	
Undercity Shade		b
Undercity Troll		g
Undercity Upheaval		g
Undercity Uprising		bg
Undercity's Embrace		b
Undercover Butler		ub
Undercover Crocodelf		ug
Undercover Operative		u
Undercover Skrull	wubrg	g
Underdark Basilisk		g
Underdark Beholder		b
Underdark Explorer		b
Underdark Rift	c	
Underdog Racer		g
Underdome	wubrgc	
Underfoot Underdogs		r
Underground Mortuary	bg	
Underground River	ubc	
Underground Sea	ub	
Undergrowth		rg
Undergrowth Champion		g
Undergrowth Leopard		g
Undergrowth Recon		g
Undergrowth Scavenger		g
Undergrowth Stadium	bg	
Underhanded Designs		b
Undermine		ub
Undermountain Adventurer	g	g
Underrealm Lich		bg
Undersea Invader		u
Undersimplify		u
Undertaker		b
Undertow		u
Underwater Tunnel		u
Underwater Tunnel // Slimy Aquarium		u
Underworld Breach		r
Underworld Cerberus		br
Underworld Charger		b
Underworld Coinsmith		wb
Underworld Connections		b
Underworld Dreams		b
Underworld Fires		r
Underworld Hermit		b
Underworld Rage-Hound		r
Underworld Sentinel		b
Undiscovered Paradise	wubrg	
Undo		u
Undying Beast		b
Undying Evil		b
Undying Flames		r
Undying Malice		b
Undying Rage		r
Unearth		b
Unearthly Blizzard		r
Uneasy Alliance		w
Unending Whisper		u
Unerring Sling		
Unesh, Criosphinx Sovereign		u
Unexpected Allies		r
Unexpected Assistance		u
Unexpected Conversion		u
Unexpected Fangs		b
Unexpected Potential		
Unexpected Request		r
Unexpected Results		ug
Unexpected Windfall		r
Unexpectedly Absent		w
Unexplained Absence		w
Unexplained Disappearance		u
Unexplained Vision		u
Unfathomable Truths	c	u
Unfinished Business		w
Unflinching Courage		wg
Unforge		r
Unforgiving Aim		g
Unforgiving One		b
Unforgiving Overtake		b
Unfortunate Accident		b
Unfriendly Fire		r
Unfulfilled Desires		ub
Unglued Pea-Brained Dinosaur		
Unhallowed Cathar		w
Unhallowed Cathar // Loyal Cathar		w
Unhallowed Pact		b
Unhallowed Phalanx		b
Unhinge		b
Unhinged Beast Hunt		
Unholy Annex		b
Unholy Annex // Ritual Chamber		b
Unholy Citadel		
Unholy Fiend		w
Unholy Fiend // Cloistered Youth		w
Unholy Grotto	c	b
Unholy Heat		r
Unholy Hunger		b
Unholy Indenture		b
Unholy Officiant		w
Unholy Strength		b
Unicycle		
Unicycling Automaton		
Unidentified Hovership		w
Unified Front		w
Unified Lunge		
Unified Strike		w
Unified Will		u
Unifying Theory		u
Unimpeded Trespasser		u
Unimpeded Trespasser // Uninvited Geist		u
Uninvited Geist		u
Uninvited Geist // Unimpeded Trespasser		u
Union of the Third Path		w
Unique Charmed Pants	wubrg	
Unite the Coalition		wubrg
United Battlefront		w
United Front		w
Unity of Purpose		u
Universal Automaton		
Universal Solvent		
Universal Surveillance		u
University Campus	wu	
Unknown Event		
Unknown Event Shores	wubrg	
Unknown Shores	wubrgc	
Unlawful Entry		u
Unleash Fury		r
Unleash Shell		r
Unleash the Flux		
Unleash the Inferno		brg
Unlicensed Disintegration		br
Unlicensed Hearse		
Unlikely Aid		b
Unlikely Alliance		w
Unlikely Meeting		u
Unlikely Meeting // Twice Upon a Time		u
Unliving Legionnaire		b
Unliving Psychopath		b
Unlucky Cabbage Merchant		g
Unlucky Drop		u
Unlucky Witness		r
Unmake		wb
Unmake the Graves		b
Unmarked Grave		b
Unmask		b
Unmoored Ego		ub
Unnatural Aggression		g
Unnatural Endurance		b
Unnatural Growth		g
Unnatural Hunger		b
Unnatural Moonrise		rg
Unnatural Predation		g
Unnatural Restoration		g
Unnatural Selection		u
Unnatural Speed		r
Unnatural Summons		ug
Unnerve		b
Unnerving Assault		ur
Unnerving Grasp		u
Unpredictable Cyclone		r
Unquenchable Fury		
Unquenchable Thirst		u
Unquestioned Authority		w
Unravel		u
Unravel the Aether		g
Unraveling Mummy		wb
Unrooted Ancestor		b
Unruly Catapult		r
Unruly Krasis		ug
Unruly Mob		w
Unsanctioned Ancient Juggler		
Unsavory Kitchen		r
Unsavory Kitchen // Crude Abattoir		r
Unscrupulous Agent		b
Unscrupulous Contractor		b
Unscythe, Killer of Kings		ubr
Unseal the Necropolis		b
Unseen Walker		g
Unsettled Mariner		wu
Unsettling Twins		w
Unshakable Tail		b
Unsparing Boltcaster		r
Unspeakable Symbol		b
Unstable Amulet		r
Unstable Experiment		u
Unstable Footing		r
Unstable Frontier	c	
Unstable Glyphbridge		w
Unstable Glyphbridge // Sandswirl Wanderglyph		w
Unstable Hulk		r
Unstable Molecule Suit		
Unstable Mutation		u
Unstable Obelisk	c	
Unstable Robot Dragon		
Unstable Shapeshifter		u
Unstickerify		w
Unstoppable Ash		g
Unstoppable Ogre		r
Unstoppable Plan		u
Unstoppable Slasher		b
Unsubstantiate		u
Unsubtle Mockery		r
Unsummon		u
Unswerving Sloth		w
Untaidake, the Cloud Keeper	c	
Untamed Hunger		b
Untamed Kavu		g
Untamed Might		g
Untamed Pup		g
Untamed Pup // Hound Tamer		g
Untamed Wilds		g
Untap, Upkeep, Draw		u
Untethered Express		
Untimely Malfunction		r
Unwanted Remake		w
Unwavering Initiate		w
Unwelcome Sprite		u
Unwilling Ingredient		b
Unwilling Recruit		r
Unwilling Vessel		u
Unwind		u
Unwinding Clock		
Unworthy Dead		b
Unyaro		
Unyaro Bee Sting		g
Unyaro Bees		g
Unyaro Griffin		w
Unyielding Gatekeeper		w
Unyielding Krumar		wb
Up the Beanstalk		g
Updraft		u
Updraft Elemental		u
Upheaval		u
Uphill Battle		r
Upriser Renegade		r
Uproot		g
Upwelling		g
Ur-Drago		ub
Ur-Golem's Eye	c	
Urabrask	r	r
Urabrask // The Great Work	r	r
Urabrask the Hidden		r
Urabrask's Anointer		r
Urabrask's Forge		r
Urabrask, Heretic Praetor		r
Urban Burgeoning		g
Urban Daggertooth		g
Urban Evolution		ug
Urban Retreat	wug	
Urban Utopia	wubrg	g
Urbis Protector		w
Urborg	b	
Urborg Drake		ub
Urborg Elf	ubg	g
Urborg Emissary		ub
Urborg Justice		b
Urborg Lhurgoyf		ubg
Urborg Mindsucker		b
Urborg Panther		b
Urborg Phantom		ub
Urborg Repossession		bg
Urborg Scavengers		b
Urborg Shambler		b
Urborg Skeleton		b
Urborg Stalker		b
Urborg Syphon-Mage		b
Urborg Uprising		b
Urborg Volcano	br	
Urborg, Tomb of Yawgmoth		
Urdnan, Dromoka Warrior		w
Ureni of the Unwritten		urg
Ureni's Counsel		ur
Ureni's Rebuff		u
Ureni, the Song Unending		urg
Urge to Feed		b
Urgent Exorcism		w
Urgent Necropsy		bg
Urgoros, the Empty One		b
Urianger Augurelt		wu
Uril, the Miststalker		wrg
Urn of Godfire	wubrg	
Uro, Titan of Nature's Wrath		ug
Ursapine		g
Ursine Champion		g
Ursine Fylgja		w
Ursine Guide		g
Ursine Guide // Ranger's Merit		g
Ursine Monstrosity		g
Urtet, Remnant of Memnarch		wubrg
Uruk-hai Berserker		b
Urza		
Urza Assembles the Titans		w
Urza's Armor		
Urza's Avenger		
Urza's Bauble		
Urza's Blueprints		
Urza's Cave	c	
Urza's Chalice		
Urza's Command		u
Urza's Construction Drone		
Urza's Contact Lenses		
Urza's Dark Cannonball		
Urza's Engine		
Urza's Factory	c	
Urza's Filter		
Urza's Fun House	c	
Urza's Guilt		ub
Urza's Hot Dog Stand	c	
Urza's Hot Tub		
Urza's Incubator		
Urza's Mine	c	
Urza's Miter		
Urza's Power Plant	c	
Urza's Rage		r
Urza's Rebuff		u
Urza's Ruinous Blast		w
Urza's Saga	c	
Urza's Science Fair Project		
Urza's Sylex		w
Urza's Tome		
Urza's Tower	c	
Urza's Workshop	c	
Urza, Academy Headmaster		wubrg
Urza, Chief Artificer		wub
Urza, Lord High Artificer	u	u
Urza, Lord Protector		wu
Urza, Lord Protector // Urza, Planeswalker		wu
Urza, Planeswalker	c	wu
Urza, Planeswalker // The Mightstone and Weakstone	c	
Urza, Planeswalker // Urza, Lord Protector		wu
Urza, Powerstone Prodigy		u
Urza, Prince of Kroog		wu
Usher of the Fallen		w
Usher to Safety		w
Usher to Safety // Shepherd of the Flock		w
Uthden Troll		r
Uthgardt Fury		r
Uthros Psionicist		u
Uthros Research Craft		u
Uthros Scanship		u
Uthros, Titanic Godcore	u	u
Utility Knife		
Utopia Mycon	wubrg	g
Utopia Sprawl		g
Utopia Tree	wubrg	g
Utopia Vow	wubrg	g
Utrom Monitor		u
Utrom Scientists		u
Utter End		wb
Utter Insignificance		uc
Utvara Hellkite		r
Utvara Scalper		r
Uurg, Spawn of Turg		bg
Uvilda, Dean of Perfection		ur
Uvilda, Dean of Perfection // Nassari, Dean of Expression		ur
Uyo, Silent Prophet		u
V.A.T.S.		b
Vaan, Street Thief		r
Vacuumelt		u
Vadmir, New Blood		b
Vadrik, Astral Archmage		ur
Vadrok, Apex of Thunder		wur
Vaevictis Asmadi		brg
Vaevictis Asmadi, the Dire		brg
Vagrant Plowbeasts		wg
Val, Marooned Surveyor		wrg
Valakut Awakening	r	r
Valakut Awakening // Valakut Stoneforge	r	r
Valakut Exploration		r
Valakut Fireboar		r
Valakut Invoker		r
Valakut Predator		r
Valakut Stoneforge	r	r
Valakut Stoneforge // Valakut Awakening	r	r
Valakut, the Molten Pinnacle	r	
Valduk, Keeper of the Flame		r
Valentin, Dean of the Vein		bg
Valentin, Dean of the Vein // Lisette, Dean of the Root		bg
Valentina Allegra de Fontaine		b
Valeria Richards, Precocious		u
Valeron Outlander		wg
Valeron Wardens		g
Valgavoth's Faithful		b
Valgavoth's Lair		
Valgavoth's Onslaught		g
Valgavoth, Harrower of Souls		br
Valgavoth, Terror Eater		b
Valiant Batrider		w
Valiant Changeling		w
Valiant Emberkin		wr
Valiant Endeavor		w
Valiant Farewell		w
Valiant Guard		w
Valiant Knight		w
Valiant Rescuer		w
Valiant Veteran		w
Valki, God of Lies	r	br
Valki, God of Lies // Tibalt, Cosmic Impostor	r	br
Valkmira, Protector's Shield		w
Valkmira, Protector's Shield // Reidane, God of the Worthy		w
Valko Indorian, Researcher		wu
Valkyrie Aerial Unit		u
Valkyrie Harbinger		w
Valkyrie's Call		w
Valkyrie's Sword		w
Valkyrior Skyrider		w
Valley Dasher		r
Valley Flamecaller		r
Valley Floodcaller		u
Valley Mightcaller		g
Valley Questcaller		w
Valley Rally		r
Valley Rannet		rg
Valley Rotcaller		b
Valleymaker	g	rg
Valor		w
Valor Made Real		w
Valor Singer		r
Valor in Akros		w
Valor of the Worthy		w
Valor's Flagship		w
Valor's Reach		
Valor's Reach Tag Team		wr
Valor's Reach Tag Team // Invasion of Kylem		wr
Valorous Charge		w
Valorous Stance		w
Valorous Steed		w
Value Town	ur	ur
Value Town // Take a Trip to...	ur	ur
Vamping Vampire		b
Vampire Aristocrat		b
Vampire Bats		b
Vampire Champion		b
Vampire Champion Fury		
Vampire Charmseeker		ub
Vampire Cutthroat		b
Vampire Envoy		b
Vampire Gourmand		b
Vampire Hexmage		b
Vampire Hounds		b
Vampire Interloper		b
Vampire Lacerator		b
Vampire Neonate		b
Vampire Nighthawk		b
Vampire Noble		b
Vampire Nocturnus		b
Vampire Nocturnus Avatar		
Vampire Opportunist		b
Vampire Outcasts		b
Vampire Revenant		b
Vampire Scrivener		b
Vampire Slayer		w
Vampire Socialite		br
Vampire Soulcaller		b
Vampire Sovereign		b
Vampire Spawn		b
Vampire Warlord		b
Vampire of the Dire Moon		b
Vampire's Bite		b
Vampire's Kiss		b
Vampire's Zeal		w
Vampires' Vengeance		r
Vampiric Dragon		br
Vampiric Embrace		b
Vampiric Feast		b
Vampiric Fury		r
Vampiric Link		b
Vampiric Rites		b
Vampiric Sliver		b
Vampiric Spirit		b
Vampiric Touch		b
Vampiric Tutor		b
Vampirism		b
Vance's Blasting Cannons	r	r
Vance's Blasting Cannons // Spitfire Bastion	r	r
Vandal's Edit		wb
Vandal's Edit // Defacing Duskmage		wb
Vandalblast		r
Vandalize		r
Vanguard Seraph		w
Vanguard Suppressor		u
Vanguard of Brimaz		w
Vanguard of the Restless		w
Vanguard of the Rose		w
Vanguard's Shield		
Vanille, Cheerful l'Cie		bg
Vanille, Cheerful l'Cie // Ragnarok, Divine Deliverance		bg
Vanish from Sight		u
Vanish into Eternity		w
Vanish into Memory		wu
Vanishing		u
Vanishing Verse		wb
Vanishment		u
Vannifar, Evolved Enigma		ug
Vanquish		w
Vanquish the Foul		w
Vanquish the Horde		w
Vanquish the Weak		b
Vanquisher's Axe		
Vanquisher's Banner		
Vantress Gargoyle		u
Vantress Paladin		u
Vantress Transmuter		u
Vantress Transmuter // Croaking Curse		u
Vantress Visions		u
Vantress Visions // Virtue of Knowledge		u
Vapor Snag		u
Vapor Snare		u
Vaporkin		u
Vaporous Djinn		u
Varchild's Crusader		r
Varchild's War-Riders		r
Varchild, Betrayer of Kjeldor		r
Variable Solutions		g
Varina, Lich Queen		wub
Varis, Silverymoon Ranger		g
Varolz, the Scar-Striped		bg
Varragoth, Bloodsky Sire		b
Vashta Nerada		b
Vassal Soul		wu
Vassal's Duty		w
Vastlands Scavenger		g
Vastlands Scavenger // Bind to Life		g
Vastwood Animist		g
Vastwood Fortification	g	g
Vastwood Fortification // Vastwood Thicket	g	g
Vastwood Gorger		g
Vastwood Hydra		g
Vastwood Surge		g
Vastwood Thicket	g	g
Vastwood Thicket // Vastwood Fortification	g	g
Vastwood Zendikon		g
Vat Emergence		b
Vat of Rebirth		b
Vault 101: Birthday Party		w
Vault 112: Sadistic Simulation		ur
Vault 11: Voter's Dilemma		wb
Vault 12: The Necropolis		b
Vault 13: Dweller's Journey		w
Vault 21: House Gambit		r
Vault 75: Middle School		w
Vault 87: Forced Evolution		ug
Vault Guardsman		w
Vault Plunderer		b
Vault Robber		r
Vault Skirge		b
Vault Skyward		u
Vault of Catlacan	wubrg	ur
Vault of Catlacan // Storm the Vault	wubrg	ur
Vault of Champions	wb	
Vault of Whispers	b	
Vault of the Archangel	c	wb
Vaultborn Tyrant		g
Vaultbreaker		r
Vaultguard Trooper		r
Vayne's Treachery		b
Vazal, the Compleat		g
Vazi, Keen Negotiator		brg
Vebulid		b
Vec Townships	wgc	
Vectis Agents		ub
Vectis Dominator		wb
Vectis Gloves		
Vectis Silencers		ub
Vector Asp		b
Vector Glider		u
Vector Glider // The Modern Age		u
Vector, Imperial Capital	br	
Vedalken Aethermage		u
Vedalken Anatomist		u
Vedalken Archmage		u
Vedalken Blademaster		u
Vedalken Certarch		u
Vedalken Dismisser		u
Vedalken Engineer	wubrg	u
Vedalken Entrancer		u
Vedalken Ghoul		ub
Vedalken Heretic		ug
Vedalken Humiliator		u
Vedalken Infiltrator		u
Vedalken Infuser		u
Vedalken Mastermind		u
Vedalken Mesmerist		u
Vedalken Orrery		
Vedalken Outlander		wu
Vedalken Plotter		u
Vedalken Shackles		
Vedalken Squirrel-Whacker		u
Vega, the Watcher		wu
Vegetation Abomination		g
Veil of Assimilation		w
Veil of Birds		u
Veil of Secrecy		u
Veil of Summer		g
Veilborn Ghoul		b
Veiled Apparition		u
Veiled Ascension		w
Veiled Crocodile		u
Veiled Sentry		u
Veiled Serpent		u
Veiled Shade		b
Veiling Oddity		u
Veilstone Amulet		
Vein Drinker		br
Vein Ripper		b
Veinfire Borderpost	br	br
Veinwitch Coven		b
Veko, Death's Doorkeeper		wb
Vela the Night-Clad		ub
Veldrane of Sengir		b
Veldt	wg	
Velis Vel		
Veloheart Bike	wubrg	g
Velomachus Lorehold		wr
Velukan Dragon		r
Venarian Glimmer		u
Venarian Gold		u
Venat, Heart of Hydaelyn		w
Venat, Heart of Hydaelyn // Hydaelyn, the Mothercrystal		w
Vendetta		b
Vendilion Clique		u
Venerable Knight		w
Venerable Kumo		g
Venerable Lammasu		w
Venerable Monk		w
Venerable Warsinger		wr
Venerated Loxodon		w
Venerated Rotpriest		g
Venerated Stormsinger		b
Venerated Teacher		u
Vengeance		w
Vengeant Earth		g
Vengeant Vampire		b
Vengeful Ancestor		r
Vengeful Archon		w
Vengeful Bloodwitch		b
Vengeful Creeper		g
Vengeful Dead		b
Vengeful Devil		r
Vengeful Dreams		w
Vengeful Firebrand		r
Vengeful Pharaoh		b
Vengeful Possession		r
Vengeful Reaper		b
Vengeful Rebel		b
Vengeful Rebirth		rg
Vengeful Regrowth		g
Vengeful Strangler		b
Vengeful Strangler // Strangling Grasp		b
Vengeful Townsfolk		w
Vengeful Tracker		r
Vengeful Vampire		b
Vengeful Villagers		w
Vengeful Warchief		b
Vengevine		g
Venom		g
Venom Blast		g
Venom Connoisseur		g
Venom Sliver		g
Venom's Hunger		b
Venom, Deadly Devourer		bg
Venom, Eddie Brock		b
Venom, Evil Unleashed		b
Venom, Lethal Protector		brg
Venom, Lethal Protector // Eddie Brock		brg
Venomcrawler		b
Venomized Cat		b
Venomous Breath		g
Venomous Brutalizer		g
Venomous Changeling		b
Venomous Dragonfly		g
Venomous Fangs		g
Venomous Hierophant		b
Venomous Vines		g
Venomous Words		b
Venomous Words // Scathing Shadelock		b
Venomsac Lagac		g
Venomspout Brackus		g
Venomthrope		ug
Venser's Diffusion		u
Venser's Journal		
Venser's Sliver		
Venser, Corpse Puppet		ub
Venser, Shaper Savant		u
Venser, the Sojourner		wu
Vent Sentinel		r
Ventifact Bottle	c	
Venture Deeper		u
Venture Deeper // Merfolk Secretkeeper		u
Venture Forth		g
Venus, Torn Between Worlds		ug
Verazol, the Split Current		ug
Verdant Automaton		g
Verdant Catacombs		
Verdant Command		g
Verdant Confluence		g
Verdant Crescendo		g
Verdant Dread		g
Verdant Eidolon	wubrg	g
Verdant Embrace		g
Verdant Field		g
Verdant Force		g
Verdant Haven	wubrg	g
Verdant Mastery		g
Verdant Outrider		g
Verdant Rebirth		g
Verdant Rejuvenation		g
Verdant Succession		g
Verdant Sun's Avatar		g
Verdant Touch		g
Verdeloth the Ancient		g
Verdigris		g
Verduran Emissary		rg
Verduran Enchantress		g
Verdurous Gearhulk		g
Verge Rangers		w
Verity Circle		u
Verix Bladewing		r
Vermiculos		b
Vermin Gorger		b
Vernadi Shieldmate		wg
Vernal Bloom	g	g
Vernal Equinox		g
Vernal Fen	bg	
Vernal Sovereign		wg
Veronica, Dissident Scribe		r
Verrak, Warped Sengir		wb
Vertex Paladin		wu
Vertex Paladin // Invasion of Xerex		wu
Vertigo		r
Vertigo Spawn		u
Very Cryptic Command		u
Vesper Ghoul	wubrg	b
Vesperlark		w
Vessel of Endless Rest	wubrg	
Vessel of Ephemera		w
Vessel of Malignity		b
Vessel of Nascency		g
Vessel of Paramnesia		u
Vessel of Volatility	r	r
Vessel of the All-Consuming		br
Vessel of the All-Consuming // Hidetsugu Consumes All		br
Vestige of Emrakul		r
Vesuva		
Vesuvan Doppelganger		u
Vesuvan Drifter		u
Vesuvan Duplimancy		u
Vesuvan Mist		ub
Vesuvan Shapeshifter		u
Veteran Adventurer		g
Veteran Armorer		w
Veteran Armorsmith		w
Veteran Beastrider		wg
Veteran Bodyguard		w
Veteran Brawlers		r
Veteran Cathar		wg
Veteran Cavalier		w
Veteran Charger		g
Veteran Dungeoneer		w
Veteran Explorer		g
Veteran Ghoulcaller		b
Veteran Guardmouse		wr
Veteran Ice Climber		u
Veteran Motorist		wr
Veteran Soldier		w
Veteran Survivor		w
Veteran Swordsmith		w
Veteran Warleader		wg
Veteran of the Depths		w
Veteran's Armaments		
Veteran's Powerblade		w
Veteran's Reflexes		w
Veteran's Sidearm		
Veteran's Voice		r
Vex		u
Vexilus Praetor		w
Vexing Arcanix		
Vexing Bauble		
Vexing Beetle		g
Vexing Devil		r
Vexing Gull		u
Vexing Puzzlebox	wubrg	
Vexing Radgull		u
Vexing Scuttler		u
Vexing Shusher		rg
Vexing Sphinx		u
Vexyr, Ich-Tekik's Heir		wug
Veyran, Voice of Duality		ur
Vhal, Candlekeep Researcher	c	u
Vhal, Eager Scholar		u
Vhal, Scholar of Creation		ug
Vhal, Scholar of Elements		ur
Vhal, Scholar of Mortality		ub
Vhal, Scholar of Prophecy		u
Vhal, Scholar of Tactics		wu
Vhati il-Dal		bg
Vial Smasher the Fierce		br
Vial Smasher, Gleeful Grenadier		br
Vial of Dragonfire		
Vial of Poison		
Viashino Bey		r
Viashino Bladescout		r
Viashino Branchrider		rg
Viashino Cutthroat		r
Viashino Fangtail		r
Viashino Firstblade		wr
Viashino Grappler		rg
Viashino Heretic		r
Viashino Lashclaw		r
Viashino Outrider		r
Viashino Pyromancer		r
Viashino Racketeer		r
Viashino Runner		r
Viashino Sandscout		r
Viashino Sandsprinter		r
Viashino Sandstalker		r
Viashino Sandswimmer		r
Viashino Shanktail		r
Viashino Skeleton		br
Viashino Slasher		r
Viashino Slaughtermaster		brg
Viashino Spearhunter		r
Viashino Warrior		r
Viashino Weaponsmith		r
Viashivan Dragon		rg
Vibrance		rg
Vibranium Energy Daggers		
Vibranium Mining Mech		
Vibranium Strike Gauntlets		
Vibrant Cityscape		
Vibrant Idea		u
Vibrant Idea // Landscape Painter		u
Vibrant Outburst		ur
Vibrating Sphere		
Vicious Battlerager		b
Vicious Betrayal		b
Vicious Clown		r
Vicious Conquistador		b
Vicious Hunger		b
Vicious Kavu		br
Vicious Offering		b
Vicious Rivalry		bg
Vicious Rumors		b
Vicious Shadows		r
Vicious Verse		br
Vicious Verse // Stingerquill Voxmancer		br
Viconia, Disciple of Arcana		ub
Viconia, Disciple of Blood		b
Viconia, Disciple of Rebirth		wb
Viconia, Disciple of Strength		bg
Viconia, Disciple of Violence		br
Viconia, Drow Apostate		b
Viconia, Nightsinger's Disciple		b
Victim of Night		b
Victimize		b
Victor Mancha, Runaway		
Victor Timely, Wily Tycoon		u
Victor, Valgavoth's Seneschal		wb
Victorious Destruction		r
Victory		wr
Victory // Onward		wr
Victory Chimes	c	
Victory of the Pyrohammer		r
Victory's Envoy		w
Victory's Herald		w
Victual Sliver		wg
View from Above		u
Viewpoint Synchronization		g
Vigean Graftmage		u
Vigean Hydropon		ug
Vigean Intuition		ug
Vigil for the Lost		w
Vigilance		w
Vigilant Baloth		g
Vigilant Drake		u
Vigilant Martyr		w
Vigilant Sentry		w
Vigilante Justice		r
Vigor		g
Vigor Mortis		bg
Vigorbloom Vanguard		wg
Vigorbloom Vanguard // Seed Suture		wg
Vigorous Charge		wg
Vigorous Farming	g	g
Vigorspore Wurm		g
Vihaan, Goldwaker		wbr
Vikya, Scorching Stalwart		wr
Vildin-Pack Alpha		r
Vildin-Pack Alpha // Geier Reach Bandit		r
Vildin-Pack Outcast		r
Vildin-Pack Outcast // Dronepack Kindred		r
Vile Aggregate		r
Vile Bile		b
Vile Consumption		ub
Vile Deacon		b
Vile Entomber		b
Vile Manifestation		b
Vile Mutilator		b
Vile Rebirth		b
Vile Redeemer	c	gc
Vile Requiem		b
Vilespawn Spider		ug
Vilis, Broker of Blood		b
Village Bell-Ringer		w
Village Cannibals		b
Village Elder		g
Village Ironsmith		r
Village Ironsmith // Ironfang		r
Village Messenger		r
Village Messenger // Moonrise Intruder		r
Village Pillagers		r
Village Reavers		r
Village Reavers // Village Watch		r
Village Rites		b
Village Survivors		g
Village Watch		r
Village Watch // Village Reavers		r
Villagers of Estwald		g
Villagers of Estwald // Howlpack of Estwald		g
Villainous Hideout	wubrgc	
Villainous Ogre		b
Villainous Syndication		b
Villainous Wealth		ubg
Villainous Wrath		b
Vincent Valentine		b
Vincent Valentine // Galian Beast		b
Vincent's Limit Break		b
Vincent, Vengeful Atoner		r
Vindicate		wb
Vindictive Flamestoker		r
Vindictive Lich		b
Vindictive Mob		b
Vindictive Vampire		b
Vindictive Warden		br
Vine Dryad		g
Vine Gecko		g
Vine Kami		g
Vine Mare		g
Vine Snare		g
Vine Trellis	g	g
Vinebred Brawler		g
Vineglimmer Snarl	ug	
Vinelasher Kudzu		g
Vinereap Mentor		bg
Vines of Vastwood		g
Vines of the Recluse		g
Vineshaper Mystic		g
Vineshaper Prodigy		ug
Vinesoul Spider		g
Vineweft		g
Vintara Elephant		g
Vintara Snapper		g
Violent Eruption		r
Violent Impact		r
Violent Outburst		rg
Violent Ultimatum		brg
Violent Urge		r
Violet Pall		b
Viper's Kiss		b
Viper, Cruel Conspirator		b
Viral Drake		u
Viral Spawning		g
Viridescent Bog	bg	
Viridescent Wisps		g
Viridian Acolyte	wubrg	g
Viridian Betrayers		g
Viridian Claw		
Viridian Corrupter		g
Viridian Emissary		g
Viridian Harvest		g
Viridian Joiner	g	g
Viridian Longbow		
Viridian Lorebearers		g
Viridian Revel		g
Viridian Scout		g
Viridian Shaman		g
Viridian Zealot		g
Viridian Zealot Avatar		
Virtual Assistant		u
Virtue of Courage		r
Virtue of Courage // Embereth Blaze		r
Virtue of Knowledge		u
Virtue of Knowledge // Vantress Visions		u
Virtue of Loyalty		w
Virtue of Loyalty // Ardenvale Fealty		w
Virtue of Persistence		b
Virtue of Persistence // Locthwain Scorn		b
Virtue of Strength		g
Virtue of Strength // Garenbrig Growth		g
Virtue's Ruin		b
Virtuous Charge		w
Virtuous Variant		w
Virtus the Veiled		b
Virtus's Maneuver		b
Virulent Emissary		g
Virulent Plague		b
Virulent Silencer		
Virulent Sliver		g
Virulent Swipe		b
Virulent Wound		b
Virus Beetle		b
Visage Bandit		u
Visage of Bolas	ubr	
Visage of Dread		b
Visage of Dread // Dread Osseosaur		b
Visara the Dreadful		b
Viscera Dragger		b
Viscera Seer		b
Viscerid Armor		u
Viscerid Deepwalker		u
Viscerid Drone		u
Viscid Lemures		b
Viseling		
Vish Kal, Blood Arbiter		wb
Vishgraz, the Doomhive		wbg
Vision Charm		u
Vision Quest		ur
Vision Skeins		u
Vision of Love		r
Vision of the Unspeakable		u
Vision of the Unspeakable // Behold the Unspeakable		u
Vision, Spectral Synthezoid		u
Vision, Synthezoid Avenger		
Visionary Augmenter		w
Visionary's Dance		ur
Visions		w
Visions of Beyond		u
Visions of Brutality		b
Visions of Dominance		g
Visions of Dread		b
Visions of Duplicity		u
Visions of Glory		w
Visions of Phyrexia		r
Visions of Ruin		r
Visions of Villainy		b
Visitor from Planet Q		u
Vislor Turlough		b
Vital Splicer		g
Vital Surge		g
Vitality Charm		g
Vitality Hunter		w
Vitality Salve		
Vitalize		g
Vitalizing Cascade		wg
Vitalizing Wind		g
Vitaspore Thallid		g
Vithian Renegades		rg
Vithian Stinger		r
Vito's Inquisitor		b
Vito, Fanatic of Aclazotz		wb
Vito, Thorn of the Dusk Rose		b
Vitu-Ghazi Guildmage		wg
Vitu-Ghazi Inspector		g
Vitu-Ghazi, the City-Tree	c	wg
Viv Vision, Teen Synthezoid		
Vivi Ornitier	ur	ur
Vivi's Persistence		r
Vivid Crag	wubrg	
Vivid Creek	wubrg	
Vivid Flying Fish		u
Vivid Grove	wubrg	
Vivid Marsh	wubrg	
Vivid Meadow	wubrg	
Vivid Revival		g
Vivien Reid		g
Vivien of the Arkbow		g
Vivien on the Hunt		g
Vivien's Arkbow		g
Vivien's Crocodile		g
Vivien's Grizzly		g
Vivien's Invocation		g
Vivien's Jaguar		g
Vivien's Stampede		g
Vivien's Talent		g
Vivien, Arkbow Ranger		g
Vivien, Champion of the Wilds		g
Vivien, Monsters' Advocate		g
Vivien, Nature's Avenger		g
Vivify		g
Vivisection		u
Vivisection Evangelist		wb
Vivisurgeon's Insight		u
Vizier of Deferment		w
Vizier of Many Faces		u
Vizier of Remedies		w
Vizier of Tumbling Sands		u
Vizier of the Anointed		u
Vizier of the Menagerie		g
Vizier of the Scorpion		b
Vizier of the True		w
Vizkopa Confessor		wb
Vizkopa Guildmage		wb
Vizkopa Vampire		wb
Vizzerdrix		u
Vladimir and Godfrey		w
Vnwxt, Verbose Host		u
Voda Sea Scavenger		u
Vodalian Arcanist	c	u
Vodalian Hexcatcher		u
Vodalian Hypnotist		ub
Vodalian Illusionist		u
Vodalian Knights		u
Vodalian Mage		u
Vodalian Merchant		u
Vodalian Mindsinger		urg
Vodalian Mystic		u
Vodalian Serpent		u
Vodalian Soldiers		u
Vodalian Tide Mage		ug
Vodalian War Machine		u
Vodalian Wave-Knight		wu
Vodalian Zombie		ub
Vogar, Necropolis Tyrant		b
Vohar, Vodalian Desecrator		ub
Voice of All		w
Voice of Duty		w
Voice of Grace		w
Voice of Law		w
Voice of Many		g
Voice of Reason		w
Voice of Resurgence		wg
Voice of Truth		w
Voice of Victory		w
Voice of the Blessed		w
Voice of the Provinces		w
Voice of the Vermin		g
Voice of the Woods		g
Voiceless Spirit		w
Voices from the Void		b
Void		br
Void Attendant	c	g
Void Beckoner		b
Void Grafter		ug
Void Helix		b
Void Maw		b
Void Mirror		
Void Rend		wub
Void Shatter		u
Void Snare		u
Void Squall		u
Void Stalker		u
Void Winnower		
Voidcalled Devotee		b
Voidforged Titan		b
Voidmage Apprentice		u
Voidmage Husher		u
Voidmage Prodigy		u
Voidpouncer		rc
Voidslime		ug
Voidstone Gargoyle		w
Voidwalk		u
Voidwielder		u
Voidwing Hybrid		ub
Voja, Jaws of the Conclave		wrg
Volatile Arsonist		r
Volatile Arsonist // Dire-Strain Anarchist		r
Volatile Chimera		r
Volatile Claws		r
Volatile Fault	c	
Volatile Fjord	ur	
Volatile Orbit		rg
Volatile Rift		rg
Volatile Rig		
Volatile Stormdrake		u
Volatile Wanderglyph		r
Volcanic Awakening		r
Volcanic Dragon		r
Volcanic Eruption		u
Volcanic Fallout		r
Volcanic Fissure	r	r
Volcanic Fissure // Sundering Eruption	r	r
Volcanic Geyser		r
Volcanic Hammer		r
Volcanic Island	ur	
Volcanic Offering		r
Volcanic Rambler		r
Volcanic Rush		r
Volcanic Salvo		r
Volcanic Spite		r
Volcanic Spray		r
Volcanic Strength		r
Volcanic Submersion		r
Volcanic Torrent		r
Volcanic Upheaval		r
Volcanic Villain		r
Volcanic Vision		r
Volcanic Wind		r
Volcano Hellion		r
Volcano Imp		br
Voldaren Ambusher		r
Voldaren Bloodcaster		b
Voldaren Bloodcaster // Bloodbat Summoner		b
Voldaren Duelist		r
Voldaren Epicure		r
Voldaren Estate	wubrgc	
Voldaren Pariah		b
Voldaren Pariah // Abolisher of Bloodlines		b
Voldaren Stinger		r
Voldaren Thrillseeker		r
Volition Reins		u
Volley Veteran		r
Volley of Boulders		r
Volo, Guide to Monsters		ug
Volo, Itinerant Scholar		u
Volrath		
Volrath the Fallen		b
Volrath's Curse		u
Volrath's Dungeon		b
Volrath's Gardens		g
Volrath's Laboratory		
Volrath's Motion Sensor		b
Volrath's Shapeshifter		u
Volrath's Stronghold	c	b
Volrath, the Shapestealer		ubg
Volshe Tideturner	u	u
Volt Charge		r
Volt-Charged Berserker		r
Volt-Charged Berserker // Voltaic Visionary		r
Voltage Surge		r
Voltaic Brawler		rg
Voltaic Construct		
Voltaic Key		
Voltaic Servant		
Voltaic Visionary		r
Voltaic Visionary // Volt-Charged Berserker		r
Voltaic Whip		b
Voltstorm Angel		w
Volunteer Militia		w
Volunteer Reserves		w
Vona de Iedo, the Antifex		wb
Vona's Hunger		b
Vona, Butcher of Magan		wb
Voodoo Doll		
Voracious Bibliophile		u
Voracious Brood		g
Voracious Cobra		rg
Voracious Dragon		r
Voracious Fell Beast		b
Voracious Greatshark		u
Voracious Hatchling		wb
Voracious Hydra		g
Voracious Null		b
Voracious Reader	c	u
Voracious Reader // Curious Homunculus	c	u
Voracious Tome-Skimmer		ub
Voracious Typhon		g
Voracious Vacuum		
Voracious Vampire		b
Voracious Varmint		g
Voracious Vermin		b
Voracious Wurm		g
Vorapede		g
Vorel of the Hull Clade		ug
Vorinclex		g
Vorinclex // The Grand Evolution		g
Vorinclex, Monstrous Raider		g
Vorinclex, Voice of Hunger	wubrg	g
Vorosh, the Hunter		ubg
Vorpal Sword		b
Vorrac Battlehorns		
Vorstclaw		g
Vortex Elemental		u
Vortex Runner		u
Vorthos, Steward of Myth		wubrg
Votary of the Conclave		wg
Vote Out		b
Vow of Duty		w
Vow of Flight		u
Vow of Lightning		r
Vow of Malice		b
Vow of Torment		b
Vow of Wildness		g
Voyage Home		wu
Voyage's End		u
Voyager Drake		u
Voyager Glidecar		w
Voyager Quickwelder		w
Voyager Staff		
Voyaging Satyr		g
Vraan, Executioner Thane		b
Vraska Joins Up		bg
Vraska the Unseen		bg
Vraska's Conquistador		b
Vraska's Contempt		b
Vraska's Fall		b
Vraska's Finisher		b
Vraska's Scorn		b
Vraska's Stoneglare		bg
Vraska, Betrayal's Sting	wubrg	b
Vraska, Golgari Queen		bg
Vraska, Regal Gorgon		bg
Vraska, Relic Seeker		bg
Vraska, Scheming Gorgon		b
Vraska, Swarm's Eminence		bg
Vraska, the Silencer	wubrg	bg
Vren, the Relentless		ub
Vrestin, Menoptra Leader		wg
Vrock		b
Vrondiss, Rage of Ancients		rg
Vronos, Masked Inquisitor		u
Vryn Wingmare		w
Vug Lizard		r
Vulpikeet		w
Vulpine Goliath		g
Vulpine Harvester		w
Vulshok Battlegear		
Vulshok Battlemaster		r
Vulshok Berserker		r
Vulshok Factory	r	r
Vulshok Gauntlets		
Vulshok Heartstoker		r
Vulshok Morningstar		
Vulshok Refugee		r
Vulshok Replica		r
Vulshok Sorcerer		r
Vulshok Splitter		r
Vulshok War Boar		r
Vulture, Feathered Fiend		u
Vulture, Scheming Scavenger		ub
Vulturous Aven		b
Vulturous Zombie		bg
Vuzzle Spaceship		r
Vv'viza, Orbital Overseer		wug
W'Kabi, Shield of the Nation		g
Wagon Wrecker		r
Wail of War		b
Wail of the Forgotten		ub
Wail of the Nim		b
Waildrifter		u
Waildrifter // Galedrifter		u
Wailing Ghoul		b
Waiting in the Weeds		g
Wakanda Forever!		g
Wakandan Drone Flock		w
Wakandan Royal Guard		g
Wakandan Shield Guard		w
Wakandan Tusker		wg
Wake Thrasher		u
Wake of Destruction		r
Wake of Vultures		b
Wake the Dead		b
Wake the Dragon		br
Wake the Past		wr
Wake the Reflections		w
Wake to Slaughter		br
Wakedancer		b
Wakening Sun's Avatar		w
Waker of Waves		u
Waker of the Wilds		g
Wakeroot Elemental		g
Wakestone Gargoyle		w
Waking Nightmare		b
Waking the Trolls		rg
Wakka, Devoted Guardian		wg
Walk the Aeons		u
Walk the Plank		b
Walk with the Ancestors		g
Walk-In Closet		g
Walk-In Closet // Forgotten Cellar		g
Walker of Secret Ways		u
Walker of the Grove		g
Walker of the Wastes		c
Walking Archive		wu
Walking Atlas		
Walking Ballista		
Walking Bulwark		
Walking Corpse		b
Walking Dead		b
Walking Desecration		b
Walking Dream		u
Walking Sarcophagus		
Walking Skyscraper		
Walking Sponge		u
Walking Wall		
Wall Crawl		g
Wall Off		w
Wall of Air		u
Wall of Blood		b
Wall of Blossoms		g
Wall of Bone		b
Wall of Brambles		g
Wall of Caltrops		w
Wall of Corpses		b
Wall of Deceit		u
Wall of Denial		wu
Wall of Diffusion		r
Wall of Distortion		b
Wall of Dust		r
Wall of Earth		r
Wall of Essence		w
Wall of Faith		w
Wall of Fire		r
Wall of Forgotten Pharaohs		
Wall of Fortune		u
Wall of Frost		u
Wall of Glare		w
Wall of Granite		r
Wall of Heat		r
Wall of Hope		w
Wall of Ice		g
Wall of Junk		
Wall of Kelp		u
Wall of Lava		r
Wall of Light		w
Wall of Limbs		b
Wall of Lost Thoughts		u
Wall of Mist		u
Wall of Mourning		w
Wall of Mulch		g
Wall of Nets		w
Wall of Omens		w
Wall of One Thousand Cuts		w
Wall of Opposition		r
Wall of Pine Needles		g
Wall of Putrid Flesh		b
Wall of Razors		r
Wall of Resistance		w
Wall of Resurgence		w
Wall of Reverence		w
Wall of Roots	g	g
Wall of Runes		u
Wall of Shadows		b
Wall of Shards		w
Wall of Shields		
Wall of Souls		b
Wall of Spears		
Wall of Stolen Identity		u
Wall of Stone		r
Wall of Swords		w
Wall of Tanglecord		g
Wall of Tears		u
Wall of Tombstones		b
Wall of Torches		r
Wall of Vapor		u
Wall of Vines		g
Wall of Vipers		b
Wall of Water		u
Wall of Wonder		u
Wall of Wood		g
Wallop		g
Walltop Sentries		g
Waltz of Rage		r
Wan Shi Tong, All-Knowing		u
Wan Shi Tong, Librarian		u
Wand of Denial		
Wand of Ith		
Wand of Orcus		b
Wand of Vertebrae		
Wand of Wonder		r
Wand of the Elements		
Wand of the Worldsoul	w	w
Wanda's Vision		r
Wander Off		b
Wander in Death		b
Wanderbrine Preacher		w
Wanderbrine Rootcutters		ub
Wanderbrine Trapper		w
Wanderer's Intervention		w
Wanderer's Strike		w
Wanderer's Twig		
Wanderguard Sentry		u
Wandering Archaic		
Wandering Archaic // Explore the Vastlands		
Wandering Champion		w
Wandering Eye		u
Wandering Fumarole	ur	ur
Wandering Goblins		r
Wandering Graybeard		w
Wandering Mage		wub
Wandering Mind		ur
Wandering Musicians		wr
Wandering Ones		u
Wandering Stream		g
Wandering Tombshell		b
Wandering Treefolk		g
Wandering Troubadour		g
Wandering Wolf		g
Wanderlight Spirit		u
Wanderlust		g
Wandermare		wg
Wandertale Mentor	rg	rg
Wanderwine Distracter		u
Wanderwine Farewell		u
Wanderwine Hub	wu	
Wanderwine Prophets		u
Wane		wg
Wane // Wax		wg
Waning Wurm		b
Wanted Griffin		w
Wanted Scoundrels		b
War Balloon		r
War Barge		
War Behemoth		w
War Cadence		r
War Chariot		
War Dance		g
War Effort		r
War Elemental		r
War Elephant		w
War Falcon		w
War Flare		wr
War Historian		g
War Horn		
War Machine, Avenging Arsenal		r
War Machine, James Rhodes		wu
War Machine, Legacy of Iron		wr
War Mammoth		g
War Oracle		w
War Priest of Thune		w
War Report		w
War Room	c	
War Screecher		w
War Squeak		r
War Tax		u
War of the Last Alliance		w
War of the Spark		b
War's Toll		r
War-Name Aspirant		r
War-Spike Changeling		r
War-Torch Goblin		r
War-Trained Slasher		r
War-Wing Siren		u
Warbeast of Gorgoroth		r
Warbreak Trumpeter		r
Warbriar Blessing		g
Warbringer		r
Warchanter Skald		w
Warchanter of Mogis		b
Warchief Giant		r
Warclamp Mastiff		w
Warcry Phoenix		r
Ward Sliver		w
Ward of Bones		
Ward of Lights		w
Ward of Piety		w
Warded Battlements		w
Warden		wu
Warden // Warrant		wu
Warden of Evos Isle		u
Warden of Geometries	c	
Warden of the Beyond		w
Warden of the Chained		rg
Warden of the Eye		wur
Warden of the First Tree		wbg
Warden of the Grove		g
Warden of the Inner Sky		w
Warden of the Wall	c	
Warden of the Woods		g
Wardens of the Cycle		bg
Wardscale Crocodile		g
Wardscale Dragon		w
Warehouse Tabby		b
Warehouse Thief		r
Warfire Javelineer		r
Warg Rider		b
Wargate		wug
Warhorn Blast		w
Warhost's Frenzy		br
Warkite Marauder		u
Warleader's Call		wr
Warleader's Helix		wr
Warlock Class		b
Warlord's Axe		
Warlord's Elite		w
Warlord's Fury		r
Warm Welcome		g
Warmaker Gunship		r
Warmind Infantry		r
Warmonger		r
Warmonger Hellkite		r
Warmonger's Chariot		
Warmth		w
Warning		w
Warning Tremor		urg
Warning Tremor // Stonehide Ancient		urg
Warp Artifact		b
Warp World		r
Warpath		r
Warpath Ghoul		b
Warped Devotion		b
Warped Landscape	c	
Warped Physique		ub
Warped Researcher		u
Warped Space		r
Warped Space // Charred Foyer		r
Warped Tusker	c	g
Warping Wail	c	c
Warping Wurm		ug
Warrant		wu
Warrant // Warden		wu
Warren Elder		w
Warren Instigator		r
Warren Pilferers		b
Warren Soultrader		b
Warren Torchmaster		r
Warren Warleader		w
Warren Weirding		b
Warren-Scourge Elf		g
Warrior Angel		w
Warrior en-Kor		w
Warrior's Charge		w
Warrior's Honor		w
Warrior's Oath		r
Warrior's Resolve		w
Warrior's Stand		w
Warrior's Sword		r
Warriors of Tiamat		r
Warriors of Wakanda		g
Warriors' Lesson		g
Warship Scout		r
Warstorm Surge		r
Warteye Witch		b
Warthog		g
Wartime Protestors		r
Wary Farmer		wg
Wary Okapi		g
Wary Thespian		g
Wary Watchdog		g
Wary Zone Guard		g
Warzone Duplicator		u
Wash Away		u
Wash Out		u
Wasitora, Nekoru Queen		brg
Wasp Lancer		ub
Wasp of the Bitter End		b
Wasp, Shrinking Savior		u
Waste Away		b
Waste Land	c	
Waste Management		b
Waste Not	b	b
Wasteful Harvest		g
Wasteland	c	
Wasteland Raider		b
Wasteland Scorpion		b
Wasteland Strangler		b
Wasteland Viper		g
Wastes	c	
Wastescape Battlemage		ugc
Wastewood Verge	bg	
Watchdog		
Watcher Sliver		w
Watcher for Tomorrow		u
Watcher in the Mist		u
Watcher in the Web		g
Watcher of Hours		u
Watcher of the Roost		w
Watcher of the Spheres		wu
Watcher of the Wayside		
Watchers of the Dead		
Watchful Automaton		u
Watchful Blisterzoa		u
Watchful Giant		w
Watchful Naga		g
Watchful Radstag		g
Watchwing Scarecrow		
Watchwolf		wg
Water Elemental		u
Water Gun Balloon Game		
Water Servant		u
Water Tribe Captain		w
Water Tribe Rallier		w
Water Weird		u
Water Whip		u
Water Wings		u
Water Wurm		u
Waterbender Ascension		u
Waterbender's Restoration		u
Waterbending Lesson		u
Waterbending Scroll		u
Watercourser		u
Waterfall Aerialist		u
Waterfront Bouncer		u
Waterfront District	ub	ub
Waterkin Shaman		u
Waterknot		u
Waterlogged Grove	ug	
Waterlogged Hulk		u
Waterlogged Hulk // Watertight Gondola		u
Waterlogged Teachings	ub	ub
Waterlogged Teachings // Inundated Archive	ub	ub
Watermarket	c	
Waterspout Djinn		u
Waterspout Elemental		u
Waterspout Warden		u
Waterspout Weavers		u
Watertight Gondola		u
Watertight Gondola // Waterlogged Hulk		u
Watertrap Weaver		u
Waterveil Cavern	ubc	
Waterwhirl		u
Waterwind Scout		u
Watery Grasp		u
Watery Grave	ub	
Wave Elemental		u
Wave Goodbye		u
Wave of Indifference		r
Wave of Rats		b
Wave of Reckoning		w
Wave of Terror		b
Wave of Vitriol		g
Wave-Wing Elemental		u
Wavebreak Hippocamp		u
Wavecrash Triton		u
Waves of Aggression		wr
Wavesifter		ug
Waveskimmer Aven		wug
Wax		wg
Wax // Wane		wg
Wax-Wane Witness		w
Waxen Shapethief		u
Waxing Moon		g
Waxmane Baku		w
Way of the Thief		u
Wayfarer's Bauble		
Wayfaring Giant		w
Wayfaring Temple		wg
Waylay		w
Waylaying Pirates		u
Wayspeaker Bodyguard		w
Waystone's Guidance		w
Wayta, Trainer Prodigy		wrg
Wayward Angel		w
Wayward Disciple		w
Wayward Disciple // Pious Evangel		w
Wayward Giant		r
Wayward Guide-Beast		r
Wayward Servant		wb
Wayward Soul		u
Wayward Swordtooth		g
We Hope You Like Squirrels		
We Ride at Dawn		w
We Say Thee Nay!		u
Weakness		b
Weakstone		
Weakstone's Subjugation		u
Weapon Rack		
Weapon Surge		r
Weaponcraft Enthusiast		b
Weaponize the Monsters		r
Weaponized Scrap		
Weapons Manufacturing		r
Weapons Trainer		wr
Weapons Vendor		w
Wear		wr
Wear // Tear		wr
Wear Away		g
Wear Down		g
Weary Prisoner		r
Weary Prisoner // Wrathful Jailbreaker		r
Weaselback Redcap		r
Weather Maker	wubrgc	
Weather the Storm		g
Weathered Bodyguards		w
Weathered Runestone		
Weathered Sentinels		
Weathered Wayfarer		w
Weatherlight		
Weatherlight Compleated		
Weatherseed Elf		g
Weatherseed Faeries		u
Weatherseed Totem	g	g
Weatherseed Treefolk		g
Weave Fate		u
Weave the Nightmare		ub
Weaver of Blossoms	wubrg	g
Weaver of Blossoms // Blossom-Clad Werewolf	wubrg	g
Weaver of Currents	c	ug
Weaver of Harmony		g
Weaver of Lies		u
Weaver of Lightning		r
Web		g
Web Shot		g
Web Shot // Ettercap		g
Web Up		w
Web of Inertia		u
Web of Life and Destiny		g
Web-Shooters		w
Web-Warriors		wg
Webspinner Cuff		g
Webstrike Elite		g
Webweaver Changeling		g
Wedding Announcement		w
Wedding Announcement // Wedding Festivity		w
Wedding Crasher		g
Wedding Crasher // Wolfkin Outcast		g
Wedding Festivity		w
Wedding Festivity // Wedding Announcement		w
Wedding Invitation		
Wedding Ring		w
Wedding Security		b
Wedgelight Rammer		w
Wee Champion		r
Wee Dragonauts		ur
Weed Strangle		b
Weed-Pruner Poplar		b
Weeping Angel		ub
Weftblade Enhancer		w
Weftstalker Ardent		r
Weftwalking		u
Wei Ambush Force		b
Wei Assassins		b
Wei Elite Companions		b
Wei Infantry		b
Wei Night Raiders		b
Wei Scout		b
Wei Strike Force		b
Weigh Down		b
Weight Advantage		
Weight Room		g
Weight Room // Moldering Gym		g
Weight of Conscience		w
Weight of Memory		u
Weight of Spires		r
Weight of the Underworld		b
Weird Angel Flame		
Weird Harvest		g
Weirded Vampire		b
Weirding Shaman		b
Weirding Wood	wubrg	g
Welcome Home		g
Welcome Home // Flaxen Intruder		g
Welcome the Darkness		b
Welcome the Dead		b
Welcome to . . .	g	g
Welcome to . . . // Jurassic Park	g	g
Welcome to Australia		rg
Welcome to Mini-apolis		u
Welcome to Sweettooth		g
Welcome to Valley		
Welcome to the Fold		u
Welcoming Vampire		w
Welder Automaton		r
Weldfast Engineer		br
Weldfast Monitor		r
Weldfast Wingsmith		u
Welding Jar		
Welding Sparks		r
Welkin Guide		w
Welkin Hawk		w
Welkin Tern		u
Well		wg
Well // Alive		wg
Well Done		r
Well Rested		g
Well of Discovery		
Well of Ideas		u
Well of Knowledge		
Well of Life		
Well of Lost Dreams		
Well-Laid Plans		u
Wellgabber Apothecary		w
Wellspring		wg
Wellwisher		g
Werebear	g	g
Werefox Bodyguard		w
Werewhat		g
Werewolf Lightning Mage		
Werewolf Pack Leader		g
Werewolf Ransacker		r
Werewolf Ransacker // Afflicted Deserter		r
Werewolf of Ancient Hunger		g
Werewolf of Ancient Hunger // Sage of Ancient Lore		g
Wernog, Rider's Chaplain		wb
West Coast Expansion		u
West Wind Avatar		g
Western Paladin		b
Westfold Rider		w
Westgate Regent		b
Westvale Abbey	c	
Westvale Abbey // Ormendahl, Profane Prince	c	
Westvale Cult Leader		w
Westvale Cult Leader // Hanweir Militia Captain		w
Wet Willie of the Damned		b
Wetland Sambar		u
Whack		b
Whalebone Glider		
Whammy Burn		r
Wharf Infiltrator		u
What		wubrg
What Must Be Done		w
What's Yours Is Now Mine		
Wheel and Deal		u
Wheel of Fate		r
Wheel of Fortune		r
Wheel of Fortune // Naktamun Lorespinner		r
Wheel of Misfortune		r
Wheel of Potential		r
Wheel of Sun and Moon		wg
Wheel of Torture		
Whelming Wave		u
When		wubrg
When Fluffy Bunnies Attack		b
When We Were Young		w
When Will You Learn?		
Where		wubrg
Where Ancients Tread		r
Where We're Going...		u
Whetstone		
Whetwheel		
Which of You Burns Brightest?		
Whim of Volrath		u
Whims of the Fates		r
Whimsy		u
Whimwader		u
Whip Sergeant		r
Whip Silk		g
Whip Vine		g
Whip of Erebos		b
Whip-Spine Drake		wu
Whipcorder		w
Whipflare		r
Whipgrass Entangler		w
Whipkeeper		r
Whiplash Trap		u
Whiplash, Vengeful Engineer		b
Whippoorwill		g
Whipstitched Zombie		b
Whiptail Moloch		r
Whiptail Wurm		g
Whiptongue Frog		u
Whiptongue Hydra		g
Whir of Invention		u
Whirler Rogue		u
Whirler Virtuoso		ur
Whirlermaker		
Whirling Catapult		
Whirling Dervish		g
Whirling Strike		r
Whirlpool Drake		u
Whirlpool Rider		u
Whirlpool Warrior		ur
Whirlpool Whelm		u
Whirlwind		g
Whirlwind Adept		u
Whirlwind Denial		u
Whirlwind Technique		u
Whirlwind of Thought		wur
Whirlwind, Killer Cyclone		r
Whirlwing Stormbrood		ug
Whirlwing Stormbrood // Dynamic Soar		ug
Whisk Away		u
Whiskerquill Scribe		r
Whiskervale Forerunner		w
Whisper Agent		ub
Whisper Squad		b
Whisper of the Dross		b
Whisper, Blood Liturgist		b
Whisperer of the Wilds	g	g
Whispergear Sneak		
Whispering Madness		ub
Whispering Shade		b
Whispering Snitch		b
Whispering Specter		b
Whispering Wizard		u
Whispers of Emrakul		b
Whispers of the Muse		u
Whispersilk Cloak		
Whispersteel Dagger		b
Whisperwood Elemental		g
White Auracite	w	w
White Dragon		w
White Glove Gourmand		wb
White Knight		w
White Lotus Hideout	wubrgc	
White Lotus Reinforcements		wg
White Lotus Tile	wubrg	
White Mage's Staff		w
White Mana Battery	w	
White Orchid Phantom		w
White Plume Adventurer		w
White Rhystic Study		w
White Scarab		w
White Shield Crusader		w
White Sun's Twilight		w
White Sun's Zenith		w
White Tiger, Amulet Keeper		g
White Tiger, Ava Ayala		g
White Ward		w
White Widow, Free Agent		w
White Widow, Yelena Belova		b
Whitemane Lion		w
Whiteout		g
Whitesun's Passage		w
Whitewater Naiads		u
Who		wubrg
Who // What // When // Where // Why		wubrg
Who's That Praetor?		
Whoosh!		u
Why		wubrg
Wibbly-wobbly, Timey-wimey		u
Wiccan, Rising Magician		u
Wiccan, Young Avenger		r
Wick's Patrol		b
Wick, the Whorled Mind		ubr
Wicked Akuba		b
Wicked Guardian		b
Wicked Pact		b
Wicked Reward		b
Wicked Slumber		u
Wicked Visitor		b
Wicked Wolf		g
Wicker Picker		
Wicker Warcrawler		
Wicker Witch		
Wickerbough Elder		g
Wickerfolk Indomitable		b
Wickerfolk Thresher		g
Wickersmith's Tools	wubrg	
Wickerwing Effigy		
Widespread Brutality		br
Widespread Panic		r
Widespread Thieving		wubrg
Widget Contraption		
Widow's Bite		b
Widow's Walk		b
Widow's Walk // Derelict Attic		b
Wielding the Green Dragon		g
Wight		b
Wight of Precinct Six		b
Wight of the Reliquary		bg
Wiitigo		g
Wild Aesthir		w
Wild Beastmaster		g
Wild Cantor	wubrg	rg
Wild Celebrants		r
Wild Ceratok		g
Wild Colos		r
Wild Crocodile		g
Wild Defiance		g
Wild Dogs		g
Wild Elephant		g
Wild Endeavor		g
Wild Evocation		r
Wild Goose Chase		ug
Wild Goose Chase // Albiorix, Goose Tyrant		ug
Wild Griffin		w
Wild Growth	g	g
Wild Guess		r
Wild Hunger		rg
Wild Hypothesis		g
Wild Idea		ur
Wild Idea // Sanar, Unfinished Genius		ur
Wild Instincts		g
Wild Jhovall		r
Wild Leotau		g
Wild Magic Surge		r
Wild Mammoth		g
Wild Might		g
Wild Mongrel		g
Wild Nacatl		g
Wild Ogre Bupkis		
Wild Onslaught		g
Wild Ox		g
Wild Pack Squad		w
Wild Pair		g
Wild Research		wur
Wild Ricochet		r
Wild Ride		r
Wild Roads	g	g
Wild Shape		g
Wild Slash		r
Wild Swing		r
Wild Unraveling		u
Wild Wanderer		g
Wild Wasteland		r
Wild Wurm		r
Wild-Field Scarecrow		
Wild-Magic Sorcerer		r
Wildblood Pack		r
Wildblood Pack // Instigator Gang		r
Wildborn Preserver		g
Wildcall		g
Wilderness Elemental		rg
Wilderness Hypnotist		u
Wilderness Reclamation		g
Wildest Dreams		g
Wildfield Borderpost	wg	wg
Wildfire		r
Wildfire Awakener		wr
Wildfire Cerberus		r
Wildfire Devils		r
Wildfire Elemental		r
Wildfire Emissary		r
Wildfire Eternal		r
Wildfire Howl		r
Wildfire Wickerfolk		rg
Wildgrove Summoner		g
Wildgrowth Archaic		g
Wildgrowth Walker		g
Wildheart Invoker		g
Wildsear, Scouring Maw		rg
Wildsize		g
Wildslayer Elves		g
Wildsong Howler		g
Wildsong Howler // Howlpack Piper		g
Wildvine Pummeler		g
Wildwood Escort		g
Wildwood Geist		g
Wildwood Mentor		g
Wildwood Patrol		g
Wildwood Rebirth		g
Wildwood Scourge		g
Wildwood Tracker		g
Wilfred Mott		w
Wilhelt, the Rotcleaver		ub
Will Kenrith		u
Will of the Abzan		b
Will of the All-Hunter		w
Will of the Jeskai		r
Will of the Mardu		w
Will of the Naga		u
Will of the Sultai		g
Will of the Temur		u
Will, Scholar of Frost		ur
Will, Scholar of Frost // Rowan, Scholar of Sparks		ur
Will, Scion of Peace		wu
Will-Forged Golem		
Will-o'-the-Wisp		b
Willbender		u
Willbreaker		u
Willie Lumpkin, Postman		wu
Willing		wbg
Willing // Ready		wbg
Willing Test Subject		g
Willow Dryad		g
Willow Elf		g
Willow Faerie		g
Willow Geist		g
Willow Priestess		g
Willow Satyr		g
Willow-Wind		u
Willowdusk, Essence Seer		bg
Willowrush Verge	ug	
Wilson, Ardent Bear		rg
Wilson, Bear Comrade		g
Wilson, Fearsome Bear		bg
Wilson, Majestic Bear		g
Wilson, Refined Grizzly		g
Wilson, Subtle Bear		ug
Wilson, Urbane Bear		wg
Wilt		g
Wilt in the Heat		wr
Wilt-Leaf Cavaliers		wg
Wilt-Leaf Liege		wg
Wily Bandar		g
Wily Goblin		r
Wind Dancer		u
Wind Drake		u
Wind Sail		u
Wind Shear		g
Wind Spirit		u
Wind Strider		u
Wind Zendikon		u
Wind-Kin Raiders		u
Wind-Scarred Crag	wr	
Windborn Muse		w
Windborne Charge		w
Windbrisk Heights	w	w
Windbrisk Raptor		w
Windcaller Aven		u
Windcrag Siege		wr
Windfall		u
Windgrace Acolyte		b
Windgrace's Judgment		bg
Winding Canyons	c	
Winding Constrictor		bg
Winding Way		g
Winding Wurm		g
Windmill Farm	wubrg	
Windmill Slam		
Windreader Sphinx		u
Windreaper Falcon		rg
Windreaver		wu
Windriddle Palaces		
Windrider Eel		u
Windrider Patrol		u
Windrider Wizard		u
Winds of Abandon		w
Winds of Change		r
Winds of Qal Sisma		g
Winds of Rath		w
Winds of Rebuke		u
Windscouter		u
Windseeker Centaur		r
Windshaper Planetar		w
Windstorm		g
Windstorm Drake		u
Windswept Heath		
Windswift Slice		g
Windurst, Federation Center	wg	
Windwright Mage		wub
Windy City Aven		u
Windy City Elemental		w
Wine of Blood and Iron		
Wing Commando		u
Wing It		w
Wing Puncture		g
Wing Shards		w
Wing Shredder		g
Wing Shredder // Bird Admirer		g
Wing Snare		g
Wing Splicer		u
Wing Storm		g
Wingbane Vantasaur		g
Wingbeat Warrior		w
Wingblade Disciple		u
Wingbright Thief		wu
Wingcrafter		u
Winged Boots		u
Winged Coatl		ug
Winged Hive Tyrant		ur
Winged Portent		ug
Winged Shepherd		w
Winged Sliver		u
Winged Temple of Orazca	wubrg	ug
Winged Temple of Orazca // Hadana's Climb	wubrg	ug
Winged Words		u
Wingfold Pteron		u
Wingmantle Chaplain		w
Wingmate Roc		w
Wingnut, Bat on the Belfry		r
Wingrattle Scarecrow		
Wings of Aesthir		wu
Wings of Hope		wu
Wings of Hubris		
Wings of Velis Vel		u
Wings of the Cosmos		w
Wings of the Guard		w
Wingshield Agent		u
Wingspan Mentor		u
Wingspan Stride		u
Wingsteed Rider		w
Wingsteed Trainer		w
Winnow		w
Winnower Patrol		g
Winnowing		w
Winnowing Forces		bg
Winnowing Forces // Invasion of Lorwyn		bg
Winota, Joiner of Forces		wr
Winter Blast		g
Winter Eladrin		u
Winter Moon		
Winter Orb		
Winter Sky		r
Winter Soldier, Bucky Barnes		w
Winter Soldier, Icy Assassin		wb
Winter Soldier, Reborn Avenger		w
Winter's Chill		u
Winter's Demonmech		
Winter's Grasp		g
Winter's Intervention		b
Winter's Night	wubrg	wrg
Winter's Rest		u
Winter, Cursed Rider		ub
Winter, Cynical Opportunist		bg
Winter, Misanthropic Guide		brg
Winterflame		ur
Wintermoon Mesa	c	
Wintermoor Commander		wb
Winternight Stories		u
Winterthorn Blessing		ug
Wipe Away		u
Wipe Clean		w
Wire Surgeons		b
Wirecat		
Wirefly Hive		
Wiretapping		u
Wirewood Channeler	wubrg	g
Wirewood Elf	g	g
Wirewood Guardian		g
Wirewood Herald		g
Wirewood Hivemaster		g
Wirewood Lodge	c	g
Wirewood Pride		g
Wirewood Savage		g
Wirewood Symbiote		g
Wisdom of Ages		u
Wisecrack		r
Wisedrafter's Will		u
Wish		r
Wish Good Luck		rg
Wishclaw Talisman		b
Wishcoin Crab		u
Wishful Merfolk		u
Wishing Well		u
Wishmonger		w
Wispdrinker Vampire		wb
Wispmare		w
Wispweaver Angel		w
Wistful Puppeteer		u
Wistful Selkie		ug
Wistful Thinking		u
Wistfulness		ug
Wit's End		b
Witch Enchanter	w	w
Witch Enchanter // Witch-Blessed Meadow	w	w
Witch Engine	b	b
Witch Hunt		r
Witch Hunter		w
Witch of the Moors		b
Witch's Cauldron		b
Witch's Clinic	c	
Witch's Cottage	b	
Witch's Familiar		b
Witch's Mark		r
Witch's Mist		b
Witch's Oven		
Witch's Vengeance		b
Witch's Web		g
Witch-Blessed Meadow	w	w
Witch-Blessed Meadow // Witch Enchanter	w	w
Witch-Maw Nephilim		wubg
Witch-king of Angmar		b
Witch-king, Bringer of Ruin		b
Witch-king, Sky Scourge		br
Witchbane Orb		
Witches' Eye		
Witching Well		u
Witchstalker		g
Witchstalker Frenzy		r
With Great Power . . .		w
Withdraw		u
Withengar Unbound		
Withengar Unbound // Elbrus, the Binding Blade		
Wither and Bloom		b
Witherbloom Apprentice		bg
Witherbloom Campus	bg	
Witherbloom Charm		bg
Witherbloom Command		bg
Witherbloom Pledgemage		bg
Witherbloom, the Balancer		bg
Withercrown		b
Withered Wretch		b
Withering Boon		b
Withering Curse		b
Withering Gaze		u
Withering Hex		b
Withering Torment		b
Withering Wisps		b
Witherscale Wurm		g
Within Range		b
Without Weakness		b
Withstand		w
Withstand Death		g
Witness Protection		u
Witness of Tomorrows		u
Witness of the Ages		
Witness the End		b
Witness the Future		u
Witty Demon		b
Witty Roastmaster		r
Wizard Class		u
Wizard Mentor		u
Wizard Replica		u
Wizard from Beyond		wubrg
Wizard's Lightning		r
Wizard's Retort		u
Wizard's Rockets	wubrg	
Wizard's Spellbook		u
Wizards of Thay		u
Wizards of the _____		u
Wizards' School	wubc	
Wizened Arbiter		w
Wizened Cenn		w
Wizened Githzerai		u
Wizened Mentor		w
Wizened Snitches		u
Woe Strider		b
Woebearer		b
Woebringer Demon		b
Woeleecher		w
Wojek Apothecary		w
Wojek Bodyguard		r
Wojek Embermage		r
Wojek Halberdiers		wr
Wojek Investigator		w
Wojek Siren		w
Wolf Cove Villager		w
Wolf Pack		g
Wolf Strike		g
Wolf in _____ Clothing		b
Wolf of Devil's Breach		r
Wolf's Quarry		g
Wolf-Skull Shaman		g
Wolfbat		b
Wolfbitten Captive		g
Wolfbitten Captive // Krallenhorde Killer		g
Wolfbriar Elemental		g
Wolfcaller's Howl		g
Wolfhunter's Quiver		
Wolfir Avenger		g
Wolfir Silverheart		g
Wolfkin Bond		g
Wolfkin Outcast		g
Wolfkin Outcast // Wedding Crasher		g
Wolfrider's Saddle		g
Wolfsbane, Highland Hero		g
Wolfwillow Haven	g	g
Wolverine Pack		g
Wolverine Riders		g
Wolverine, Best There Is		rg
Wolverine, Claws Out		g
Wolverine, Fierce Fighter		rg
Wonder		u
Wonder Man, Hollywood Hero		r
Wonderscape Sage		u
Wondrous Crucible		
Wondrous Revival		w
Wood Elemental		g
Wood Elves		g
Wood Sage		ug
Woodborn Behemoth		g
Woodcaller Automaton		g
Woodcloaker		g
Woodcutter's Grit		g
Wooded Bastion	wgc	wg
Wooded Foothills		
Wooded Ridgeline	rg	
Wooden Cane		w
Wooden Sphere		
Wooden Stake		
Woodfall Primus		g
Woodland Acolyte		wg
Woodland Acolyte // Mend the Wilds		wg
Woodland Bellower		g
Woodland Cemetery	bg	
Woodland Champion		g
Woodland Changeling		g
Woodland Chasm	bg	
Woodland Druid		g
Woodland Guidance		g
Woodland Investigation		g
Woodland Liege		g
Woodland Mystic	g	g
Woodland Patrol		g
Woodland Sleuth		g
Woodland Stream	ug	
Woodland Wanderer		g
Woodlot Crawler		ub
Woodlurker Mimic		bg
Woodripper		g
Woodvine Elemental		wg
Woodweaver's Puzzleknot		g
Woodwork Prodigy		rg
Woodwork Prodigy // Soul Tether		rg
Woodwraith Corrupter		bg
Woodwraith Strangler		bg
Woolly Loxodon		g
Woolly Mammoths		g
Woolly Razorback		w
Woolly Spider		g
Woolly Thoctar		wrg
Word of Binding		b
Word of Blasting		r
Word of Command		b
Word of Seizing		r
Word of Undoing		u
Wordmail		w
Words of War		r
Words of Waste		b
Words of Wilding		g
Words of Wind		u
Words of Wisdom		u
Words of Worship		w
Work a Double		r
Workhorse	c	
Working Stiff		b
Workshop Assistant		
Workshop Elders		u
Workshop Warchief		g
World Breaker		gc
World Champion, Celestial Weapon		r
World Champion, Celestial Weapon // Sidequest: Play Blitzball		r
World Map		
World Queller		w
World Shaper		g
World War Hulk		g
World at War		r
World-Bottling Kit		
World-Weary		b
Worldfire		r
Worldgorger Dragon		r
Worldheart Phoenix		wubrg
Worldknit	wubrg	
Worldly Counsel		u
Worldly Tutor		g
Worldpurge		wu
Worlds Within Worlds		ug
Worldslayer		
Worldsoul Colossus		wg
Worldsoul's Rage		rg
Worldspine Wurm		g
Worldwalker Helm		u
Worldweave		g
Worm Harvest		bg
Wormfang Behemoth		u
Wormfang Crab		u
Wormfang Drake		u
Wormfang Manta		u
Wormfang Newt		u
Wormfang Turtle		u
Wormhole Serpent		u
Wormhole Warp		r
Worms of the Earth		b
Wormwood Dryad		bg
Wormwood Treefolk		bg
Worn Powerstone	c	
Worry Beads		
Worship		w
Worst Fears		b
Wort, Boggart Auntie		br
Wort, the Raidmother		rg
Worthy Cause		w
Worthy Cost		b
Worthy Knight		w
Wose Pathfinder	wubrg	g
Would You Have Done the Same?		b
Wound Reflection		b
Wowzer, the Aspirational		wubrgc
Wrack with Madness		r
Wraith, Vicious Vigilante		wu
Wrangle		r
Wrangler of the Damned		wu
Wrap in Flames		r
Wrap in Vigor		g
Wrath of God		w
Wrath of Leknif		wu
Wrath of Marit Lage		u
Wrath of Oko		u
Wrath of Sod		wg
Wrath of the Skies		w
Wrathful Jailbreaker		r
Wrathful Jailbreaker // Weary Prisoner		r
Wrathful Raptors		r
Wrathful Red Dragon		r
Wreak Havoc		rg
Wreath of Geists		g
Wreck Hunter		b
Wreck Remover		
Wreck and Rebuild		rg
Wreckage Wickerfolk		b
Wrecking Ball		br
Wrecking Ball Arm		
Wrecking Beast		g
Wrecking Crew		r
Wrecking Ogre		r
Wren's Run Hydra		g
Wren's Run Packmaster		g
Wren's Run Vanquisher		g
Wrench		w
Wrench Mind		b
Wrench-Rigger		r
Wrenn and One	g	
Wrenn and Realmbreaker	wubrg	g
Wrenn and Seven		g
Wrenn and Six		rg
Wrenn's Resolve		r
Wretched Anurid		b
Wretched Banquet		b
Wretched Bonemass		b
Wretched Bonemass // Altar of the Wretched		b
Wretched Camel		b
Wretched Confluence		b
Wretched Doll		b
Wretched Gryff		u
Wretched Throng		u
Wrexial, the Risen Deep		ub
Wriggling Grub		b
Wring Flesh		b
Wrinkly Monkey Shenanigans		
Writ of Passage		u
Writ of Return		b
Write into Being		u
Writhing Chrysalis	c	rg
Writhing Necromass		b
Wrong Turn		u
Wu Admiral		u
Wu Elite Cavalry		u
Wu Infantry		u
Wu Light Cavalry		u
Wu Longbowman		u
Wu Scout		u
Wu Spy		u
Wu Warship		u
Wulfgar of Icewind Dale		rg
Wumpus Aberration		gc
Wurm's Tooth		
Wurmcalling		g
Wurmcoil Broodmother		
Wurmcoil Engine		
Wurmcoil Larva		b
Wurmquake		g
Wurmskin Forger		g
Wurmwall Sweeper		
Wurmweaver Coil		g
Wydwen, the Biting Gale		ub
Wyleth, Soul of Steel		wr
Wylie Duke, Atiin Hero		wg
Wyll of the Blade Pact		r
Wyll of the Celestial Pact		wr
Wyll of the Elder Pact		ur
Wyll of the Fey Pact		rg
Wyll of the Fiend Pact		br
Wyll's Reversal		r
Wyll, Blade of Frontiers		r
Wyll, Pact-Bound Duelist		r
Wyluli Wolf		g
Wyrm's Crossing Patrol		w
X		ub
X, Mystery Racer		ub
X-23, Deadly Weapon		g
Xanathar, Guild Kingpin		ub
Xande, Dark Mage		ub
Xander's Lounge	ubr	
Xander's Pact		b
Xander's Wake		b
Xantcha		
Xantcha, Sleeper Agent		br
Xanthic Statue		
Xantid Swarm		g
Xathrid Demon		b
Xathrid Gorgon		b
Xathrid Necromancer		b
Xathrid Slyblade		b
Xavier Sal, Infested Captain		ubg
Xenagos's Scorn		
Xenagos's Strike		
Xenagos, God of Revels		rg
Xenagos, the Reveler	rg	rg
Xenic Poltergeist		b
Xenograft		u
Xenosquirrels		b
Xerex Squire		u
Xerex Strobe-Knight		u
Xho Cai, Flickering Talon		wur
Xiahou Dun, the One-Eyed		b
Xira Arien		brg
Xira, the Golden Sting		brg
Xolatoyac, the Smiling Flood		ug
Xorn		r
Xu-Ifit, Osteoharmonist		b
Xun Yu, Wei Advisor		b
Xyris, the Writhing Storm		urg
Xyru Specter		b
Y'shtola Rhul		u
Y'shtola, Night's Blessed		wub
Yahenni's Expertise		b
Yahenni, Undying Partisan		b
Yamabushi's Flame		r
Yamabushi's Storm		r
Yanling's Harbinger		u
Yannik, Scavenging Sentinel		wg
Yare		w
Yargle and Multani		bg
Yargle, Glutton of Urborg		b
Yarok's Fenlurker		b
Yarok's Wavecrasher		u
Yarok, the Desecrated		ubg
Yarus, Roar of the Old Gods		rg
Yasharn, Implacable Earth		wg
Yasmin Khan		r
Yasova Dragonclaw		urg
Yathan Roadwatcher		wbg
Yathan Tombguard		b
Yavimaya Ancients		g
Yavimaya Ants		g
Yavimaya Barbarian		rg
Yavimaya Bloomsage	c	g
Yavimaya Bloomsage // Channel	c	g
Yavimaya Coast	ugc	
Yavimaya Dryad		g
Yavimaya Elder		g
Yavimaya Enchantress		g
Yavimaya Gnats		g
Yavimaya Granger		g
Yavimaya Hollow	c	g
Yavimaya Iconoclast		rg
Yavimaya Kavu		rg
Yavimaya Sapherd		g
Yavimaya Scion		g
Yavimaya Sojourner		g
Yavimaya Steelcrusher		r
Yavimaya Wurm		g
Yavimaya's Embrace		ug
Yavimaya, Cradle of Growth		
Yawgmoth Demon		b
Yawgmoth Merfolk Soul		
Yawgmoth's Agenda		b
Yawgmoth's Bargain		b
Yawgmoth's Day Planner	b	b
Yawgmoth's Edict		b
Yawgmoth's Testament		b
Yawgmoth's Vile Offering		b
Yawgmoth's Will		b
Yawgmoth, Thran Physician		b
Yawning Fissure		r
Ydwen Efreet		r
Yeah Nah		u
Yeah Nah // Nah Yeah		u
Year-End Review		
Yedora, Grave Gardener		g
Yellow Scarves Cavalry		r
Yellow Scarves General		r
Yellow Scarves Troops		r
Yellowjacket, Heartless Marauder		b
Yenna, Redtooth Regent		wg
Yennett, Cryptic Sovereign		wub
Yes Man, Personal Securitron		w
Yet Another Aether Vortex		r
Yet Another Night in Vegas		b
Yeva's Forcemage		g
Yeva, Nature's Herald		g
Yew Spirit		g
Yggdrasil, Rebirth Engine		
Ygra, Eater of All		bg
Yiazmat, Ultimate Mark		b
Yiazmat, Ultimate Mark // Sidequest: Hunt the Mark		b
Yidaro, Wandering Monster		r
Yidris, Maelstrom Wielder		ubrg
Yip Yip!		w
Yisan, the Wanderer Bard		g
Yixlid Jailer		b
Yoke of the Damned		b
Yoked Ox		w
Yoked Plowbeast		w
Yomiji, Who Bars the Way		w
Yore-Tiller Nephilim		wubr
Yorion, Sky Nomad		wu
Yorvo, Lord of Garenbrig		g
Yosei, the Morning Star		w
Yoshimaru, Ever Faithful		w
Yotia Declares War		r
Yotian Courier		ur
Yotian Dissident		wg
Yotian Frontliner		w
Yotian Medic		w
Yotian Soldier		
Yotian Tactician		wu
You Are Already Dead		b
You Are Unworthy of Mercy		
You Cannot Hide from Me		
You Cannot Pass!		w
You Come to a River		u
You Come to the Gnoll Camp		r
You Compleat Me	wubrg	b
You Exist Only to Amuse		
You Find Some Prisoners		r
You Find a Cursed Idol		g
You Find the Villains' Lair		u
You Happen On a Glade		g
You Hear Something on Watch		w
You Line Up the Shot		g
You Live Only Because I Will It		
You Look Upon the Tarrasque		g
You Meet in a Tavern		g
You See a Guard Approach		u
You See a Pair of Goblins		r
You Will Know True Suffering		
You and Ooze Army?		g
You're Ambushed on the Road		w
You're Confronted by Robbers		w
You're Not Alone		w
You're Toast!		w
You're in Command		w
You've Been Caught Stealing		r
You, Iterative Playtester		wubrg
You, Magic Playtester		wubrg
Young Blue Dragon		u
Young Blue Dragon // Sand Augury		u
Young Deathclaws		bg
Young Necromancer		b
Young Pyromancer		r
Young Red Dragon		r
Young Red Dragon // Bathe in Gold		r
Young Wei Recruits		b
Young Wolf		g
Your Fate Is Thrice Sealed		
Your Favorite Character		
Your Favorite Missing Character		
Your Inescapable Doom		
Your Mana Rock		
Your Mistake Is My Triumph		
Your Nightmares Are Delicious		
Your Own Face Mocks You		
Your Plans Mean Nothing		
Your Puny Minds Cannot Fathom		
Your Temple Is Under Attack		w
Your Will Is Not Your Own		
Your Wish Is My Command		u
Youthful Knight		w
Youthful Scholar		u
Youthful Valkyrie		w
Ysgard's Call		w
Ysgard's Call // Horn of Valhalla		w
Yuan Shao's Infantry		r
Yuan Shao, the Indecisive		r
Yuan-Ti Fang-Blade		b
Yuan-Ti Malison		u
Yuan-Ti Scaleshield		g
Yue, the Moon Spirit		u
Yuffie, Materia Hunter		r
Yuki-Onna		r
Yukora, the Prisoner		b
Yule Ooze		rg
Yuma, Proud Protector		wrg
Yuna's Decision		g
Yuna's Whistle		g
Yuna, Grand Summoner	wubrg	wug
Yuna, Hope of Spira		wg
Yuriko, the Tiger's Shadow		ub
Yurlok of Scorch Thrash	brg	brg
Yusri, Fortune's Flame		ur
Yuyan Archers		r
Zabaz, the Glimmerwasp		wr
Zacama, Primal Calamity		wrg
Zack Fair		w
Zada's Commando		r
Zada, Hedron Grinder		r
Zaffai and the Tempests		ur
Zaffai, Thunder Conductor		ur
Zagoth Crystal	ubg	
Zagoth Mamba		b
Zagoth Triome	ubg	
Zagras, Thief of Heartbeats		br
Zahid, Djinn of the Lamp		u
Zahur, Glory's Past		wb
Zalto, Fire Giant Duke		r
Zameck Guildmage		ug
Zamriel, Seraph of Steel		w
Zanam Djinn		u
Zanarkand, Ancient Metropolis	g	g
Zanarkand, Ancient Metropolis // Lasting Fayth	g	g
Zanikev Locust		b
Zap		r
Zar Ojanen, Scion of Efrava		wg
Zara, Renegade Recruiter		ur
Zarda, the Power Princess		w
Zareth San, the Trickster		ub
Zarichi Tiger		w
Zariel, Archduke of Avernus		r
Zask, Skittering Swarmlord		bg
Zaxara, the Exemplary	wubrg	ubg
Zealot il-Vec		w
Zealot of the God-Pharaoh		r
Zealot's Conviction		w
Zealots en-Dal		w
Zealous Conscripts		r
Zealous Display		w
Zealous Guardian		wu
Zealous Inquisitor		w
Zealous Lorecaster		r
Zealous Persecution		wb
Zealous Strike		w
Zebra Unicorn		wg
Zedruu the Greathearted		wur
Zegana, Utopian Speaker		ug
Zektar Shrine Expedition		r
Zell Dincht		r
Zellix, Sanity Flayer		u
Zelyon Sword		
Zendikar Farguide		g
Zendikar Incarnate		rg
Zendikar Resurgent	wubrg	g
Zendikar's Roil		g
Zenith Chronicler		
Zenith Festival		r
Zenith Flare		wr
Zenith Seeker		u
Zenos yae Galvus		b
Zenos yae Galvus // Shinryu, Transcendent Rival		b
Zephid		u
Zephid's Embrace		u
Zephyr Boots		
Zephyr Charge		u
Zephyr Falcon		u
Zephyr Gull		u
Zephyr Net		u
Zephyr Scribe		u
Zephyr Sentinel		u
Zephyr Singer		u
Zephyr Spirit		u
Zephyr Sprite		u
Zephyr Winder		u
Zephyrim		w
Zerapa Minotaur		r
Zeriam, Golden Wind		w
Zero Point Ballad		b
Zetalpa, Primal Dawn		w
Zethi, Arcane Blademaster		wu
Zevlor, Elturel Exile		ubr
Zhalfirin Commander		w
Zhalfirin Crusader		w
Zhalfirin Decoy		w
Zhalfirin Knight		w
Zhalfirin Lancer		w
Zhalfirin Shapecraft		u
Zhalfirin Void	c	
Zhang Fei, Fierce Warrior		w
Zhang He, Wei General		b
Zhang Liao, Hero of Hefei		b
Zhao Zilong, Tiger General		w
Zhao, Ruthless Admiral		br
Zhao, the Moon Slayer		r
Zhao, the Seething Flame		r
Zhentarim Bandit		b
Zhou Yu, Chief Commander		u
Zhuge Jin, Wu Strategist		u
Zhulodok, Void Gorger		c
Zhur-Taa Ancient	wubrg	rg
Zhur-Taa Druid	g	rg
Zhur-Taa Goblin		rg
Zhur-Taa Swine		rg
Ziatora's Envoy		brg
Ziatora's Proving Ground	brg	
Ziatora, the Incinerator		brg
Zidane, Tantalus Thief		wr
Zilortha, Apex of Ikoria		g
Zilortha, Apex of Ikoria // Invasion of Ikoria		g
Zilortha, Strength Incarnate		rg
Zimone and Dina		ubg
Zimone's Experiment		g
Zimone's Homework		ug
Zimone's Hypothesis		u
Zimone, All-Questioning		ug
Zimone, Infinite Analyst		ug
Zimone, Mystery Unraveler		ug
Zimone, Paradox Sculptor		ug
Zimone, Quandrix Prodigy		ug
Zinnia, Valley's Voice		wur
Zirda, the Dawnwaker		wr
Zirilan of the Claw		r
Zndrsplt's Judgment		u
Zndrsplt, Eye of Wisdom		u
Zo-Zu the Punisher		r
Zoanthrope		ur
Zodiac Dog		r
Zodiac Dragon		r
Zodiac Goat		r
Zodiac Horse		g
Zodiac Monkey		g
Zodiac Ox		g
Zodiac Pig		b
Zodiac Rabbit		g
Zodiac Rat		b
Zodiac Rooster		g
Zodiac Snake		b
Zodiac Tiger		g
Zodiark, Umbral God		b
Zoetic Cavern	c	
Zoetic Glyph		u
Zof Bloodbog	b	b
Zof Bloodbog // Zof Consumption	b	b
Zof Consumption	b	b
Zof Consumption // Zof Bloodbog	b	b
Zof Shade		b
Zog, Triceraton Castaway		r
Zombie Apocalypse		b
Zombie Assassin		b
Zombie Boa		b
Zombie Brute		b
Zombie Cannibal		b
Zombie Cheese Magician		
Zombie Cutthroat		b
Zombie Fanboy		b
Zombie Goliath		b
Zombie Infestation		b
Zombie Master		b
Zombie Mob		b
Zombie Musher		b
Zombie Ogre		b
Zombie Outlander		ub
Zombie Scavengers		b
Zombie Trailblazer		b
Zombified		b
Zombify		b
Zone of Flame		r
Zoo Escapees		g
Zookeeper Mechan	r	r
Zoological Study		g
Zoological Study // Monster Manual		g
Zoologist		g
Zopandrel, Hunger Dominus		g
Zoraline, Cosmos Caller		wb
Zoyowa Lava-Tongue		br
Zoyowa's Justice		r
Zuberi, Golden Feather		w
Zuko's Conviction		b
Zuko's Exile		
Zuko's Offense		r
Zuko, Avatar Hunter		r
Zuko, Conflicted	r	br
Zuko, Exiled Prince		r
Zuko, Firebending Master		r
Zuko, Seeking Honor		br
Zul Ashur, Lich Lord		b
Zulaport Chainmage		b
Zulaport Cutthroat		b
Zulaport Duelist		u
Zulaport Enforcer		b
Zuo Ci, the Mocking Sage		g
Zur the Enchanter		wub
Zur's Weirding		u
Zur, Eternal Schemer		wub
Zuran Enchanter		ub
Zuran Orb		
Zuran Spellcaster		u
Zurgo Bellstriker		r
Zurgo Helmsmasher		wbr
Zurgo Stormrender		wbr
Zurgo and Ojutai		wur
Zurgo's Vanguard		r
Zurgo, Thunder's Decree		wbr
Zuri, Warrior of Wakanda		g
Zurzoth, Chaos Rider		r
Zygon Infiltrator		u
Zyym, Mesmeric Lord		ub
Zzzyxas's Abyss		b
_____		u
_____ Balls of Fire		r
_____ Bird Gets the Worm		w
_____ Goblin	r	r
_____ _____ Rocketship		
_____ _____ _____ Trespasser		u
_____-o-saurus		g
______	wubrgc	
capital offense		b
sAnS mERcY		
Éomer of the Riddermark		r
Éomer, King of Rohan		wr
Éomer, Marshal of Rohan		r
Éowyn, Fearless Knight		wr
Éowyn, Lady of Rohan		w
Éowyn, Shieldmaiden		wur
